population,average_monthly_income,daily_foot_traffic,nearby_competitors,monthly_rent,distance_to_mall_km,nearby_retail_stores,estimated_monthly_customers,average_purchase_value,monthly_operating_cost,local_demand_score,target_age_group_score,profitable
131958,10144.75,1784,0,16791.56,3.51,34,609,352.52,24260.02,6.5,4.9,0
156867,9711.16,3648,14,6358.8,2.95,30,1079,421.64,15028.63,1.4,4.8,0
141932,7209.96,1268,8,11407.01,7.83,35,180,331.62,12138.47,2.3,5.4,0
375838,2548.6,6107,0,2581.14,10.12,54,910,121.89,12731.75,4.9,3.6,0
269178,8724.47,20086,5,18389.79,0.76,147,1623,307.58,23062.57,8.4,5.4,1
129879,4039.83,19671,6,8680.99,3.39,56,2867,178.13,18738.59,7.6,4.4,1
120268,11066.22,19094,2,8479.85,6.89,42,1676,347.01,11263.21,9.8,9.2,1
217892,10301.79,7899,11,6752.35,5.03,24,1657,478.22,10758.69,1.4,6.1,1
64886,8948.52,23222,14,9752.61,10.72,103,3500,293.03,16865.15,4.4,8.5,1
147337,11462.88,858,0,5783.43,7.72,48,245,402.49,12889.28,2.4,7.2,0
485602,1829.93,1349,6,8122.19,2.49,115,105,78.96,13520.5,1.3,2.9,0
440410,9230.1,7998,2,16198.99,13.43,93,1296,379.41,24657.63,3.4,8.8,1
97498,4967.55,5022,12,16850.85,4.46,67,735,195.06,22822.45,3.2,1.8,0
384871,11013.69,19428,9,6779.47,10.99,122,1774,385.04,16657.11,4.8,5.0,1
398468,4300.09,13273,11,9911.27,11.72,76,2240,228.67,11921.33,2.3,3.2,0
185203,9110.99,18715,11,17602.58,14.45,58,2803,280.14,25000.0,5.4,5.8,1
201335,10715.29,18356,5,2000.79,7.53,141,3500,354.45,9600.5,9.3,3.7,1
288167,1937.4,10128,12,17893.75,9.28,147,3292,72.15,16753.98,7.7,7.5,0
51090,5675.3,829,11,5164.5,5.09,52,163,163.8,9179.99,8.6,9.4,0
339365,9504.24,6351,13,13892.25,10.2,105,1804,441.3,13448.63,8.2,7.4,1
74820,6276.65,7532,5,12068.48,7.0,64,782,192.16,17594.15,4.5,4.2,0
272913,4306.15,15826,13,11505.87,6.62,102,3500,250.1,15441.13,7.4,6.4,1
331879,3807.96,5766,15,17327.84,12.85,104,610,204.07,25000.0,7.8,9.0,0
204027,2880.94,4854,11,2929.87,0.85,103,571,176.99,15634.45,2.9,3.4,0
337069,10499.86,23319,3,7593.53,13.24,77,2144,514.35,18808.55,8.7,2.1,1
262709,7541.23,24862,11,11226.8,12.8,123,3500,305.71,17495.96,5.1,2.2,1
209041,2302.04,21122,10,16414.49,7.64,132,3500,41.43,25000.0,1.1,5.5,0
277455,5517.09,22996,5,5112.42,7.4,144,3500,215.53,9559.24,6.8,7.6,1
113355,5361.2,15582,10,16255.67,5.49,92,3500,186.11,22292.98,7.1,6.9,1
245796,3408.26,5222,9,8593.13,14.91,109,909,100.87,13982.44,6.0,5.1,0
224176,6072.83,18272,3,4589.36,1.76,23,3500,250.46,7898.93,2.9,7.6,1
194779,4987.04,21069,15,15420.74,8.89,84,3500,183.9,15280.57,5.3,6.7,1
357449,5088.94,9411,14,2727.08,10.26,30,2887,165.95,11438.5,4.6,6.7,1
431909,9259.78,3735,12,10780.58,14.02,125,1049,358.12,11893.77,9.8,2.8,1
475148,3844.27,5076,7,2213.64,11.73,37,1171,181.22,13104.95,8.4,3.8,1
268795,8239.53,1600,8,7771.94,9.69,110,417,377.4,20196.64,7.9,4.1,0
496232,7491.82,9364,1,12420.46,1.84,34,2657,219.53,14043.75,2.6,8.3,1
402752,7464.97,9208,6,11566.2,5.67,130,920,283.44,17375.16,4.0,8.0,0
166730,8461.58,19416,8,8688.45,2.17,40,2333,331.4,18554.83,4.4,3.3,1
356622,7258.01,24654,8,9151.91,13.23,129,3500,231.19,13050.44,5.4,1.5,1
394681,10732.18,20554,11,5308.62,11.27,128,3500,423.3,18216.83,1.3,7.9,1
159503,8593.59,17665,4,9661.77,11.39,122,3229,351.14,21279.47,6.3,4.7,1
140523,7243.11,14939,0,19111.84,9.82,127,3500,315.67,18638.28,4.2,3.0,1
12747,10212.51,20407,5,17158.61,7.65,41,2547,412.36,16083.09,6.1,2.1,1
133855,7864.54,12250,14,3759.42,2.33,65,2266,270.53,17701.5,1.1,1.1,0
462366,4557.01,23015,15,1565.83,5.01,100,3500,282.88,15686.84,3.9,4.8,1
75725,3674.5,21666,7,18736.96,2.14,124,3500,188.44,22479.28,7.9,4.1,1
139981,3099.44,10281,0,11008.25,10.9,16,1497,151.61,11463.92,5.5,7.3,1
94654,10944.28,5495,1,11218.92,2.49,126,1106,488.01,19020.52,8.1,9.8,1
438989,8956.42,18385,12,15833.64,10.56,39,2136,370.49,18481.24,7.3,2.9,1
391490,11342.47,12486,12,6979.09,10.41,71,2702,518.01,19760.67,8.7,3.2,1
77435,7834.56,13010,15,10156.24,6.94,42,3500,316.23,20455.6,1.1,4.0,1
329030,6470.71,19964,0,19404.6,2.11,28,3019,258.92,25000.0,3.4,5.2,1
338947,2127.02,9768,4,13770.83,4.79,85,2962,116.84,16715.21,5.9,7.3,1
41551,8552.24,1002,1,3921.16,4.87,76,334,420.91,14253.42,9.5,4.2,0
388360,7613.19,10031,15,3531.31,10.54,83,821,380.13,8584.24,7.1,1.9,1
283538,11897.19,20769,14,4881.03,1.79,118,3500,505.53,6394.03,5.1,7.6,1
341236,4011.17,8509,9,15567.52,12.45,49,1162,186.28,21063.67,2.2,8.2,0
13890,7072.74,17507,9,6612.16,11.44,129,1971,317.71,13642.63,5.4,3.2,1
51606,8335.05,12042,13,1406.39,2.88,100,2894,382.68,13044.19,5.0,2.2,1
499492,8268.21,17934,3,18939.31,10.82,17,3500,395.66,25000.0,8.0,5.8,1
266840,7393.58,24269,0,4224.55,10.06,114,3500,283.91,9987.73,4.7,2.9,1
483254,9657.74,22965,6,1181.61,11.25,10,1648,452.21,8788.44,3.9,4.4,1
359457,3652.3,22368,7,5505.5,2.92,101,3500,163.24,12519.61,1.8,8.0,1
151699,9119.09,20656,4,5465.55,2.45,75,3500,397.31,10587.35,1.4,3.0,1
280936,8007.21,20800,1,9018.1,3.62,51,2943,389.39,18878.51,5.0,8.3,1
249931,10908.79,20902,7,18487.41,5.55,97,3500,473.7,23577.24,4.1,7.1,1
249629,10395.54,18213,0,17704.51,11.93,105,1245,461.62,25000.0,6.0,3.0,0
215041,4809.04,13935,14,9681.0,11.1,48,2254,172.89,18198.84,7.4,5.7,0
184073,4400.49,4614,6,8807.1,13.89,36,1000,250.94,11800.34,1.4,6.5,0
217624,11807.36,14068,0,11545.17,0.97,7,3027,507.08,13378.65,5.5,2.8,1
427113,7036.28,3867,11,5625.63,0.27,88,474,287.75,11341.5,8.8,2.3,0
78148,11017.42,8595,5,1991.51,10.52,8,2519,495.75,8103.25,5.1,5.8,1
262801,3220.75,5641,12,18845.26,4.26,149,844,258.22,22368.92,5.7,7.2,0
134243,8249.6,4451,5,4547.28,5.08,92,1042,271.54,8024.51,5.4,5.2,1
261995,10003.53,21968,14,4769.61,8.25,110,3108,359.95,18532.58,4.5,1.6,1
392318,11447.65,15387,4,9976.75,1.63,109,2886,592.17,11875.63,2.0,9.3,1
164555,5042.07,2073,14,10340.65,9.68,40,253,223.02,18756.95,2.1,7.3,0
396502,9112.3,13859,1,1350.25,4.94,62,3463,374.04,3250.1,2.6,6.6,1
58555,7157.54,19518,1,3811.14,9.53,12,3500,280.53,10339.41,8.1,6.8,1
266508,2136.6,3268,8,8184.94,12.53,90,212,145.89,12567.34,3.5,4.6,0
289303,8745.0,5802,4,13990.88,2.65,101,397,480.36,18159.02,9.5,9.9,1
382654,8746.01,14246,4,5339.95,13.97,63,2868,316.58,12746.97,8.3,2.2,1
116530,11271.37,23134,6,9037.27,8.01,34,2660,446.01,17034.69,7.2,7.7,1
90077,6721.78,1711,5,11589.56,13.85,105,403,251.33,18857.3,7.5,4.8,0
308064,3917.63,15945,1,17883.26,3.2,71,2909,193.35,24505.89,1.4,8.9,1
495283,1967.92,22839,10,7195.34,9.11,136,3500,139.84,18735.39,6.1,7.5,1
470337,5864.24,16315,0,3537.61,6.12,97,3500,315.62,16357.41,9.5,6.1,1
210551,4670.13,1660,15,10296.17,11.64,67,363,225.14,19821.19,1.4,9.4,0
492691,9491.43,22861,4,15187.71,9.13,36,3500,505.62,15176.42,3.6,9.2,1
291601,5219.81,7541,3,3087.34,7.47,91,2156,180.05,16966.67,1.5,1.5,0
469773,11465.25,19267,11,9068.99,13.7,55,3500,416.88,21571.37,6.1,2.7,1
218261,11604.26,11346,2,1337.92,5.72,67,1409,537.64,12322.49,2.0,7.1,1
250181,8019.54,6376,1,1637.62,3.38,84,1965,326.92,10036.8,5.3,9.3,1
351097,11250.93,20424,9,10176.11,9.16,91,3500,381.24,13398.93,7.5,4.9,1
325139,9488.97,13389,1,6665.75,9.4,114,2381,363.76,17165.16,2.5,1.3,1
181829,7242.03,14382,13,17057.04,6.64,105,2217,302.46,25000.0,7.8,6.8,1
281836,3393.23,15238,14,12440.93,7.35,133,3500,103.42,20600.18,1.5,2.8,0
448974,6315.28,21519,3,9624.73,14.4,23,3500,201.88,17877.73,2.3,6.0,1
475625,7389.18,1595,1,8750.77,11.02,105,278,285.19,11509.68,3.5,4.5,0
212283,10571.6,6401,3,10447.66,1.75,98,1905,369.64,15009.48,8.2,6.0,1
206769,6554.0,8715,2,1768.34,3.26,85,1319,293.92,12815.44,8.7,9.4,1
47065,10925.58,13411,8,17963.07,14.64,107,1514,339.83,16590.14,3.0,5.4,0
233165,8580.66,14623,6,19967.76,10.92,117,3264,347.75,25000.0,1.9,1.3,1
109299,2938.49,1579,13,4448.26,13.73,17,363,143.52,15525.32,8.6,6.2,0
435822,11947.3,13010,12,3287.28,4.63,122,3500,473.36,8980.98,6.8,3.9,1
21534,7035.94,19731,10,3727.97,11.15,90,3500,336.1,5972.56,2.4,8.0,1
497879,5614.51,18844,14,13559.51,10.74,27,3500,156.05,23496.16,6.0,5.2,1
50397,8420.69,1973,11,13567.38,4.49,111,303,301.77,14697.78,8.9,7.7,0
267750,2643.38,5388,2,17110.56,8.31,16,1253,89.23,20508.86,1.6,9.2,0
363531,8183.66,5479,12,15284.7,9.45,141,671,362.98,23422.06,1.8,4.3,0
273160,6731.48,1712,14,9544.1,7.27,82,301,280.18,20256.1,3.5,9.9,0
493005,5770.08,22581,13,12644.25,12.42,71,3500,337.97,23326.36,6.9,2.3,1
65591,11506.71,9501,7,14077.41,12.51,112,1186,419.98,20157.35,2.6,6.8,0
230884,6986.67,13748,8,10741.99,12.77,48,3500,209.72,16779.92,8.3,1.3,1
33247,3800.73,919,12,10037.37,12.07,11,133,241.48,21058.02,7.8,2.9,0
34300,6319.12,16108,6,13256.85,7.37,132,1133,181.22,19925.48,6.0,6.7,0
477281,11153.57,4159,5,11592.02,5.78,101,387,480.3,18796.08,2.0,1.4,0
92798,3349.0,5783,3,13234.9,12.49,15,1641,85.03,18229.57,9.9,1.9,0
19268,3746.55,11215,4,12644.24,7.4,110,1555,46.4,16961.97,5.4,3.6,0
358951,1636.81,16665,7,14664.73,3.77,87,3500,46.73,19978.82,5.1,6.2,0
284329,1649.0,1840,2,13213.27,7.66,40,496,110.93,17313.63,10.0,1.1,0
204776,10208.61,15305,1,10875.11,2.21,122,2503,347.26,15166.19,8.8,5.3,1
227851,9187.29,11084,2,13954.14,10.41,45,2244,396.3,25000.0,5.1,6.6,1
442315,5227.93,15280,11,9540.16,5.11,96,2768,247.26,14002.9,4.8,4.6,1
411787,8832.27,5637,6,5591.75,3.98,53,1940,289.71,9806.39,1.9,1.6,1
246584,5649.66,22073,7,1026.95,14.35,147,3443,214.6,7422.57,9.3,6.5,1
48044,11505.42,18245,0,11639.32,11.68,145,2098,539.07,18991.61,8.6,6.5,1
323358,11654.05,1091,12,12222.45,11.83,57,185,498.69,23620.84,3.8,5.6,0
464444,5624.33,1026,6,19468.93,9.39,111,268,211.9,25000.0,7.8,7.2,0
386896,10469.33,8355,8,7868.09,12.6,37,2249,439.54,19243.61,7.9,2.9,1
58984,9617.43,11195,11,8488.53,11.41,123,3500,350.43,19957.94,3.1,7.1,1
312918,4755.0,1792,12,4834.19,9.02,36,582,245.88,17834.22,6.5,2.5,0
274712,3936.42,18538,13,2340.15,14.42,122,2716,213.12,6928.05,3.3,4.5,1
130151,6311.46,17071,13,15683.29,2.95,66,3355,258.5,20505.39,8.1,1.6,1
465808,9704.16,19642,14,5743.94,14.16,86,3500,399.7,11602.72,2.4,8.4,1
470779,11581.76,9125,2,12569.19,6.08,134,3057,413.33,17019.75,7.0,5.8,1
143767,9517.58,6931,14,14067.69,7.97,81,1117,313.1,21733.84,3.9,9.7,0
134375,10479.67,22921,2,9953.5,1.93,20,3500,400.36,15186.24,1.3,9.5,1
189262,7832.18,16426,7,17650.69,8.15,127,3500,308.92,24132.85,2.1,10.0,1
146330,10271.78,12204,3,9432.1,9.21,12,2045,464.0,14515.31,6.9,1.9,1
490754,9736.42,21066,13,6413.26,14.97,71,3500,435.58,11175.27,3.2,6.5,1
311648,5458.35,23857,7,18024.29,14.63,119,3500,227.58,21009.44,6.7,4.7,1
174231,7295.9,937,4,17369.72,14.5,117,282,351.36,25000.0,4.7,5.8,0
23986,9949.91,11280,13,4116.76,5.29,36,1501,350.82,13107.07,7.2,3.8,1
71858,1983.6,17716,2,1493.26,14.87,109,2789,133.21,15856.58,5.4,1.4,0
139312,9984.83,9488,14,2709.73,6.89,29,1574,359.87,14992.31,3.8,7.4,1
22666,3367.83,9453,3,6444.4,12.79,57,3156,196.7,13470.67,2.3,9.7,1
310804,6904.18,6294,13,19472.94,3.32,85,2264,275.5,20729.24,4.1,5.8,0
144633,9986.89,4074,15,11611.81,7.64,29,1190,299.56,20050.27,6.7,4.0,0
298998,4165.12,20669,3,8091.97,14.49,37,3500,203.11,17919.97,7.7,9.4,1
336649,4080.98,22104,7,17885.61,14.21,35,1394,203.72,22342.78,2.4,4.3,0
114488,5729.03,24634,5,9609.59,10.29,40,3500,206.33,12676.66,7.0,9.2,1
193323,10893.75,16801,6,6989.53,11.99,91,2971,417.19,14835.72,2.6,8.7,1
294806,1504.65,23702,8,18883.17,2.73,127,3500,52.21,20406.32,3.0,5.8,0
280536,10964.52,1184,14,17140.84,10.85,48,287,342.32,25000.0,5.8,7.1,0
40535,3114.97,4733,5,17029.7,9.31,52,967,40.0,23799.26,3.6,7.3,0
481819,11895.91,17461,2,10733.41,1.46,17,3500,540.92,14381.83,7.0,6.8,1
385713,11525.89,13497,14,15999.33,1.79,148,904,419.83,17603.96,9.6,2.4,0
324400,6694.09,8507,12,4407.71,1.72,95,2328,360.53,14843.57,2.3,7.2,1
361279,6883.56,17111,2,11891.24,10.89,135,3130,343.86,20714.3,6.1,1.0,1
399622,6556.27,2828,10,19693.07,2.21,147,775,340.61,25000.0,9.3,7.4,0
307366,8172.16,19615,2,6528.21,7.07,70,3500,294.37,15208.48,2.6,6.0,1
87373,2452.58,9519,11,16092.69,5.42,32,600,40.0,22724.45,4.3,3.3,0
482791,1842.49,17314,9,10319.09,8.3,129,2521,40.0,14936.62,2.1,8.2,0
133684,2105.88,9755,1,1756.31,10.63,84,1139,61.91,15591.44,6.8,4.6,0
499570,6165.84,18593,0,15497.37,10.3,136,2047,127.97,20628.52,7.0,5.4,0
487867,4393.25,6282,15,4202.81,7.78,76,1750,151.96,5626.51,7.0,1.2,1
466551,8031.42,1734,15,12998.0,7.02,48,229,311.17,16927.1,5.9,4.6,0
283109,11920.64,5705,10,2627.62,6.03,123,1155,412.1,5795.77,7.7,2.5,1
34538,5556.39,1920,9,18990.48,12.94,50,257,170.23,21916.37,1.3,3.5,0
380210,7525.33,17652,0,6542.75,5.03,88,3500,289.98,15141.61,9.6,3.3,1
211664,5863.84,22918,3,5302.83,3.96,30,3500,252.37,6536.9,3.0,1.4,1
385396,10396.35,10096,2,3453.59,11.18,100,1609,371.31,16075.48,2.1,5.1,1
149182,10973.48,19988,4,18974.04,5.46,17,3500,453.55,25000.0,9.5,5.7,1
482525,10712.23,4855,11,14526.17,12.72,129,1493,435.33,17460.77,8.5,6.1,1
168338,11730.91,20189,8,15091.56,4.99,73,1782,471.58,18118.92,7.9,5.2,1
194064,1788.95,18422,11,10488.69,10.56,55,3500,40.0,16444.64,1.9,8.8,0
224020,10318.07,18215,12,10019.83,0.77,17,2859,346.05,13241.06,8.3,1.3,1
108806,9393.61,23823,7,3090.4,5.84,143,2306,460.57,4528.77,6.5,6.5,1
410126,3901.29,8761,11,11636.98,5.21,64,1960,187.57,11654.83,7.6,8.8,1
383133,11541.36,14265,8,5691.41,12.27,36,1824,511.94,11203.76,9.8,1.4,1
100982,3055.87,22442,15,19565.76,14.51,22,3500,118.05,19267.49,2.7,5.5,0
131626,8635.27,6444,15,16135.04,6.97,97,470,337.21,15198.76,5.5,6.3,0
129176,3861.35,7626,15,8846.85,12.39,48,683,178.99,20247.98,7.8,2.7,0
403422,6029.5,17364,12,3875.48,10.53,41,3500,149.45,8664.17,4.9,3.3,1
228126,9051.18,5763,4,15921.3,14.51,131,1364,306.32,21277.63,1.5,8.1,0
228969,7414.91,20978,7,3319.02,12.19,23,3500,256.71,6987.53,2.0,6.1,1
132409,5988.77,23051,3,4597.34,1.25,36,3176,216.82,6285.3,6.4,3.8,1
33419,4926.55,15800,4,5018.89,10.73,110,3500,153.08,15698.37,3.6,7.9,1
453852,10316.43,3293,14,11580.92,8.08,26,1139,429.3,12889.18,2.2,7.7,1
263618,3010.05,3392,11,15954.08,0.34,126,711,124.47,15097.58,4.1,4.1,0
255310,6016.08,1698,2,6971.98,3.84,133,489,310.29,15211.58,2.8,5.4,0
60015,10989.45,24895,4,2608.73,13.83,58,3500,563.27,4262.06,1.2,7.0,1
258550,10381.42,19256,11,9826.23,13.9,62,1557,352.11,15532.7,2.4,4.1,0
132096,5709.89,18776,2,15214.09,12.0,74,2963,235.76,17926.14,8.9,6.7,1
117059,9512.64,22674,4,5211.61,14.73,67,1956,387.78,10321.72,1.1,3.3,1
195340,10143.19,2383,10,5178.57,12.12,7,850,405.02,6193.54,8.0,3.6,1
120687,10833.32,22351,13,18997.31,0.25,103,2877,379.09,25000.0,7.8,3.8,1
360083,7217.31,1297,4,19128.92,4.39,49,325,242.83,24023.66,6.1,9.4,0
421357,3646.84,8709,5,19818.85,0.56,147,1265,157.89,25000.0,2.9,8.5,0
221428,4180.75,8735,8,16345.53,1.5,21,2236,119.96,23736.02,8.9,6.1,0
115878,4604.79,17038,0,4575.5,3.36,147,2098,192.16,16028.18,5.3,6.1,1
212982,7734.93,21846,11,5027.65,7.6,9,3500,297.1,13924.94,2.6,1.5,1
459260,1844.5,15757,9,7464.28,12.73,15,1469,80.86,17880.0,4.9,6.8,0
208286,8178.45,20964,13,7044.52,12.94,96,3500,279.47,13469.17,2.8,4.0,1
259002,5325.72,8550,5,19174.03,9.28,146,2669,220.9,22165.8,4.4,6.5,1
260396,4600.04,6447,0,15992.41,13.93,43,1700,139.95,25000.0,5.5,8.6,0
174899,10734.71,10117,5,14756.17,7.55,46,812,437.42,25000.0,4.2,1.4,0
459036,6330.03,21204,1,4533.3,13.35,98,2599,320.17,7418.13,6.9,6.5,1
334767,2498.06,2392,7,18280.99,6.87,9,760,112.97,23679.37,9.4,6.1,0
484950,10180.84,3924,10,16729.54,4.23,56,379,423.33,24270.98,4.1,2.9,0
347594,2000.23,9950,2,4109.19,13.75,48,1062,120.87,6374.14,4.2,6.8,0
365570,9130.87,13918,9,17552.24,5.88,119,3107,295.06,25000.0,7.6,6.0,1
389989,9626.02,2515,13,6172.7,7.6,131,358,470.99,13699.59,5.8,7.9,0
425515,5202.33,23557,5,2536.53,5.0,120,2983,155.31,12420.17,4.9,2.0,1
53585,10160.27,22916,5,13479.62,9.98,72,3500,450.39,15100.85,8.3,5.0,1
381369,6914.42,5333,14,13422.29,14.93,51,916,313.92,16175.48,9.0,10.0,1
74044,6364.58,10394,3,2803.71,0.48,131,1062,209.47,5815.98,6.3,7.2,1
445773,1976.73,16442,4,7058.18,13.51,39,3500,129.51,11078.53,2.7,7.2,1
452296,4545.31,9565,1,19863.47,0.16,11,1684,206.7,24291.93,5.2,3.9,0
119556,11275.6,1065,9,13890.11,5.53,120,299,545.52,23949.27,5.5,1.8,0
12693,5614.15,7912,14,14871.43,2.61,56,719,234.23,20835.55,4.9,9.5,0
498219,7240.36,18902,9,5045.43,11.38,114,3500,284.19,9214.37,3.4,1.9,1
367403,7086.23,10577,7,2496.86,0.85,50,2020,257.71,4577.56,5.3,9.9,1
253307,7699.53,10815,15,6261.13,8.35,141,1966,220.81,15094.51,5.0,2.1,0
210235,2143.98,13334,9,5729.07,4.49,27,1729,69.85,12045.33,2.9,2.5,0
35939,5302.85,2814,6,5456.34,2.09,135,195,198.32,19161.67,9.1,3.8,0
452141,9092.85,4912,9,4662.33,11.6,131,1544,376.82,15866.74,9.0,5.6,1
446157,3605.88,4383,5,11920.36,3.34,13,692,73.08,22045.0,7.8,8.1,0
162906,3637.57,11884,6,7233.97,3.43,57,3141,133.55,7946.23,4.6,9.7,1
28047,1605.95,10551,11,16586.56,4.2,52,3500,93.05,25000.0,4.3,4.2,0
298249,6093.56,8716,0,4495.0,8.84,127,2000,277.52,8125.97,7.4,1.2,1
85766,10768.71,12195,13,9827.91,9.93,86,2185,337.76,17477.67,6.5,6.6,1
418923,2044.96,23623,15,1259.5,0.36,113,3319,117.12,8824.08,6.4,7.4,1
425192,3506.75,8402,13,10151.96,3.7,11,2858,127.94,17552.42,2.1,4.6,0
54262,4755.89,13687,4,2060.93,6.52,103,3500,180.99,5383.51,6.6,2.7,1
397261,9183.11,18073,6,19576.75,5.05,35,3500,249.1,23600.99,9.1,3.8,1
295920,8226.67,24040,15,16021.25,13.27,106,3500,403.75,15297.28,1.8,6.9,1
171152,5867.41,24226,0,10312.12,11.84,60,3500,243.54,10782.69,4.1,5.4,1
138376,9470.22,12788,1,2645.16,9.43,103,3500,302.24,12666.72,5.6,7.7,1
470058,7901.13,14710,8,12256.46,5.14,9,2132,334.81,24177.25,7.2,3.0,1
464589,10908.43,7384,11,15416.51,10.54,34,1771,453.56,24439.32,1.8,8.6,1
147848,10089.28,20041,2,4623.63,12.67,26,3500,464.7,11797.93,8.9,2.4,1
102787,4154.54,11059,5,11795.96,8.96,149,685,150.7,12163.09,1.4,4.0,0
137948,4350.11,22404,14,16470.01,11.79,142,3500,174.6,15761.27,8.7,6.3,1
65016,2816.24,18625,6,15596.71,11.26,31,1804,80.51,16529.97,1.2,7.6,0
412690,5038.13,4188,8,16256.85,8.62,131,892,231.42,25000.0,2.4,3.4,0
461269,11995.21,24369,4,17707.15,4.75,139,3500,440.63,21348.31,8.2,9.5,1
31959,5760.39,14614,15,18815.96,11.21,27,2377,185.77,25000.0,8.7,7.4,0
146602,3815.13,5869,3,8704.9,3.18,79,1193,149.22,18130.77,9.8,3.0,0
235928,9506.07,22528,10,11806.61,11.71,121,3500,318.95,19315.86,2.0,7.5,1
391245,7195.95,12438,11,16022.53,12.09,140,2270,367.94,25000.0,5.7,7.3,1
275892,3070.82,4523,14,14245.66,12.35,12,519,219.2,16391.88,1.7,7.8,0
238576,5497.24,16482,1,19914.88,7.15,105,3500,197.21,23845.47,2.4,9.2,1
23545,5851.93,17600,2,1259.88,2.97,9,2304,164.75,14249.3,2.6,7.4,1
399803,9415.21,4467,15,7747.53,1.59,90,409,393.44,15370.92,1.6,4.2,0
469415,1717.05,7923,15,6339.53,11.18,134,595,44.58,10275.41,9.0,8.1,0
175838,4324.71,6950,14,5984.0,13.31,16,465,231.72,9503.11,2.1,7.3,0
345674,6934.76,12713,4,5228.07,9.8,51,2407,238.03,15969.91,6.7,6.2,1
365701,4322.89,3715,10,14473.35,2.25,30,698,200.14,13744.94,6.6,4.2,0
71087,8098.56,24709,14,2610.43,14.03,106,2858,329.64,15972.84,2.8,9.3,1
499055,6559.61,890,12,15090.57,14.84,124,263,228.57,14311.89,10.0,5.6,0
78840,5297.96,19921,1,14175.09,6.56,74,1968,223.92,21542.93,4.1,6.7,0
128451,11466.69,732,12,5765.28,8.96,6,245,502.59,14473.95,9.1,4.7,0
457600,8137.67,20015,3,5803.84,11.68,30,3500,329.85,14162.42,9.5,8.0,1
323149,2864.38,8134,0,12948.35,11.07,18,555,119.44,18525.14,9.5,4.1,0
449792,7380.96,11998,3,15481.25,14.52,86,3500,251.6,25000.0,7.8,8.3,1
49353,9697.68,11416,15,17653.23,1.81,106,1740,445.12,24693.91,3.3,2.0,0
203075,8939.14,733,6,17190.65,8.75,36,143,409.79,25000.0,2.1,7.4,0
224283,3306.94,1891,14,19332.78,10.41,66,275,111.75,18968.01,6.1,5.3,0
324877,11710.41,11584,13,12046.31,13.36,119,3226,462.2,12285.73,4.2,7.3,1
75318,6212.54,9947,11,18264.46,13.12,34,2046,319.21,16982.44,8.5,5.8,1
251025,3169.76,14684,2,16361.75,14.67,145,1464,70.11,17003.08,7.7,2.2,0
492690,3392.06,12382,15,17998.68,7.73,35,1130,165.9,25000.0,3.5,5.3,0
426880,2531.47,15338,9,1220.91,12.48,41,3500,73.33,9399.01,1.2,9.7,0
77172,9936.94,17773,7,19352.16,6.47,106,2330,486.38,25000.0,3.1,7.8,1
226688,2781.32,8402,5,9997.07,6.39,132,851,114.43,12490.15,6.1,3.7,0
266951,2813.82,13379,5,16165.48,3.87,90,2807,175.57,19702.9,1.7,9.5,0
103264,10429.95,17629,13,3416.88,12.29,63,3500,379.13,16283.97,6.9,8.0,1
256458,5118.34,10411,14,8522.88,14.79,32,1495,142.31,20982.59,7.0,4.3,0
298880,1824.01,927,0,6157.75,3.92,126,132,61.25,18908.68,2.5,6.4,0
235281,2044.9,1231,4,6541.52,0.94,65,382,94.93,17871.18,6.4,4.8,0
122859,2992.79,1299,2,3341.86,12.25,20,136,94.18,13620.55,6.5,1.9,0
384325,3740.63,23391,15,16309.51,9.34,73,3500,187.54,25000.0,5.3,8.3,1
404070,8484.04,7525,14,1175.6,14.4,48,2607,328.86,12224.84,9.6,2.7,1
362228,3151.93,14981,15,6937.6,3.86,117,3500,40.0,19951.25,2.0,5.1,0
441839,2748.18,8124,9,4313.8,1.16,142,638,137.57,5773.29,4.7,7.3,1
279536,9529.55,15461,14,12191.74,7.44,23,2412,337.06,23734.74,8.9,9.4,1
327824,8546.08,22267,0,5830.8,1.37,88,2287,323.76,13889.27,4.5,1.6,1
267426,6070.9,23091,7,5920.97,4.0,97,3500,320.49,8190.15,4.8,4.5,1
187789,7267.75,19422,6,10278.42,1.98,145,3500,379.35,13016.58,7.0,6.5,1
228164,4775.83,20602,6,13401.09,3.44,148,2689,162.26,23798.94,7.0,8.0,1
323003,6566.25,8732,11,3304.79,1.68,104,2278,291.54,11223.35,1.2,9.3,1
135657,6820.06,3867,9,4334.72,14.31,43,1208,245.19,18244.41,5.1,1.0,0
245167,5565.99,21892,13,5696.32,4.25,71,2848,208.3,8084.96,4.0,6.6,1
167381,11019.01,13762,9,19501.22,6.71,77,1601,410.47,22963.52,6.6,1.1,0
490671,1668.65,5729,9,8545.9,13.49,54,363,40.0,13151.09,6.0,8.1,0
204806,9712.8,24272,3,12380.81,10.19,57,3500,393.26,18614.41,6.9,2.3,1
80467,2806.02,19299,12,5589.31,9.31,50,3500,126.65,14706.14,6.9,9.1,1
193734,9874.25,14247,14,10318.73,10.61,56,3500,361.42,18856.17,3.3,2.4,1
108506,7967.08,24055,10,2408.26,12.45,128,2365,373.07,3943.45,3.2,7.9,1
119751,10354.42,19833,5,1660.1,13.18,9,2406,392.37,4484.57,4.3,3.6,1
391050,2523.9,4761,15,9905.94,9.68,78,868,69.1,10380.58,3.2,6.0,0
415904,7369.3,22029,12,8574.53,13.36,99,3500,321.1,20099.41,7.1,6.5,1
297486,6761.42,3966,8,3600.73,8.08,79,966,193.32,8953.38,6.4,2.9,0
178229,8915.03,14285,14,14064.43,4.23,120,3059,401.94,18023.37,2.9,3.7,1
471079,7110.05,3588,13,19865.17,13.21,134,852,264.29,23746.96,9.0,2.0,0
378452,7177.71,13515,2,8517.29,8.17,72,1201,336.57,19854.79,5.1,1.0,0
455299,6010.76,1615,14,12866.61,13.6,84,328,304.84,12477.45,2.1,3.2,0
116081,4742.76,5078,8,19296.54,0.7,109,1816,221.72,18979.27,2.9,5.6,0
468949,6563.78,3090,3,16799.16,6.02,73,267,221.95,24346.45,5.9,7.4,0
99045,2744.17,7872,4,9807.49,14.22,146,1699,47.23,22376.59,4.0,8.1,0
44698,11595.89,4073,6,15012.3,3.82,147,606,392.13,22366.06,8.7,1.6,0
120078,9001.31,3478,5,3434.57,14.13,138,772,415.2,8142.26,5.5,3.5,1
352767,11500.9,11139,9,10729.97,14.31,20,2586,453.3,17342.21,9.2,7.9,1
32671,3880.64,9922,7,6302.15,13.24,91,2314,125.26,19716.47,1.9,5.3,0
428400,10733.08,11358,7,4062.11,8.5,128,3500,422.72,12114.68,7.0,2.6,1
365528,9992.29,24197,7,9099.34,9.74,144,3500,453.72,14135.07,9.0,4.5,1
445323,8610.1,23906,2,3489.28,13.06,45,3500,383.34,9775.96,3.6,3.4,1
96202,8062.81,5475,14,14280.72,11.66,123,346,344.44,25000.0,2.2,1.5,0
61663,4823.77,5425,15,9668.56,9.49,23,1610,224.85,19080.76,5.1,7.9,0
25708,10072.31,24931,13,11091.75,14.74,80,3437,411.9,19806.65,9.7,3.6,1
364050,6765.91,24974,9,3781.14,10.32,113,3500,285.74,8041.62,6.7,9.5,1
321955,2244.36,24935,5,3655.66,14.63,123,3483,100.83,12197.83,6.8,9.0,1
143883,4785.06,22176,6,12084.89,0.96,117,1402,191.4,16305.6,7.0,7.4,1
328394,11320.62,23529,8,19715.19,2.17,6,2505,490.49,20894.77,1.4,3.9,1
122547,10432.14,11286,9,2828.76,6.83,24,3500,435.35,15905.19,5.0,3.5,1
475298,11810.01,22287,9,6428.9,5.83,123,3475,428.36,12124.15,1.7,5.3,1
396393,8093.93,20314,13,17519.72,11.76,99,1882,350.2,19692.01,3.8,4.2,0
44754,4098.86,15216,11,2373.17,2.49,141,1455,176.32,16010.9,8.4,9.1,1
236814,3209.56,2495,14,17641.83,14.64,25,382,158.95,18678.97,6.9,2.1,0
247714,3462.6,22914,15,10961.43,4.79,12,1634,133.29,20460.71,10.0,7.5,0
152483,1707.85,14344,3,8757.07,6.49,33,3062,108.9,17491.37,2.5,6.5,0
143983,5602.16,4391,4,6883.93,4.19,39,545,221.02,19473.44,4.6,8.3,0
470486,3509.99,16022,7,6645.23,8.73,42,3457,176.59,18132.8,8.3,5.9,1
224835,5822.38,7645,0,6810.25,0.97,94,782,210.07,16617.04,2.9,6.7,0
411896,11317.44,8998,11,17811.26,2.33,72,1700,433.33,20338.44,2.4,9.7,1
94896,6020.67,10054,5,14752.11,11.21,135,2407,270.93,20244.09,4.8,1.8,1
487095,10718.84,2602,14,13724.74,2.88,113,205,412.16,25000.0,4.5,1.9,0
81295,7857.8,3530,3,16176.23,3.61,115,634,424.6,15242.62,9.8,4.5,0
229686,4094.88,9024,4,5885.18,11.92,16,1360,192.12,17034.46,5.1,5.3,0
372833,5236.47,8607,10,12742.81,1.49,36,1137,210.7,15467.78,8.7,2.8,0
283255,2381.16,17126,4,9741.26,6.62,67,3500,136.24,12198.23,9.0,1.7,1
309648,5001.36,18768,1,15866.39,0.44,47,3500,176.02,17712.03,2.4,1.2,0
142874,8614.18,15435,7,6875.87,5.27,111,3500,390.72,8277.46,7.4,7.9,1
18155,2257.17,24899,14,13220.39,10.51,42,2681,135.05,25000.0,3.5,5.4,0
476872,3656.71,10124,1,17762.04,1.44,33,1475,208.95,25000.0,1.9,8.6,0
311528,5505.13,23631,3,8640.86,13.34,59,2904,198.16,15686.42,8.9,4.2,1
384705,11811.52,16323,11,2265.82,13.65,56,3500,411.32,13109.0,3.6,7.3,1
57254,9741.05,21214,12,10804.97,1.66,119,3500,359.13,17879.72,4.1,5.4,1
294062,9201.61,8363,4,7573.48,14.86,23,1330,353.98,18609.31,3.9,6.5,1
95981,2720.01,3609,13,13772.28,4.53,39,1068,192.16,23999.77,2.8,4.3,0
463929,9700.46,19070,0,19069.63,1.35,52,1682,497.77,20281.98,4.9,1.7,1
40306,9745.32,12982,5,10226.56,0.18,114,3500,407.05,16157.97,4.9,9.5,1
157718,7811.58,2050,1,9857.61,6.19,35,195,312.93,18139.11,4.7,8.5,0
318987,11898.8,1146,13,13437.11,9.48,7,335,458.46,25000.0,9.2,3.8,0
130975,4915.17,23028,4,2966.45,5.05,92,3500,237.84,13248.12,4.1,9.6,1
368745,11383.36,21540,14,5816.62,12.57,56,3500,564.76,18322.55,1.3,3.7,1
493951,11104.68,13907,5,18460.61,10.78,75,1144,533.48,25000.0,2.6,5.0,0
117512,1620.55,13200,10,13728.91,5.32,55,2276,121.72,20549.95,7.5,7.8,0
157443,6226.22,1037,7,1255.44,11.04,60,167,305.21,14621.87,6.3,3.8,0
480587,11759.59,14666,8,4887.88,14.11,103,3500,512.0,10816.79,9.6,3.9,1
383616,2582.77,7072,12,13973.91,1.49,25,2515,100.95,18109.81,7.2,4.7,0
143121,7251.74,734,14,15523.58,4.66,133,100,253.24,24571.42,2.7,5.2,0
172688,11779.05,14567,11,16957.33,7.0,112,3500,470.12,17314.93,2.1,2.1,1
375871,7332.7,10196,15,6551.36,7.52,57,2250,314.42,11216.82,5.7,1.2,1
385037,3493.06,14650,5,18689.54,8.18,10,1557,67.04,24863.07,7.0,9.3,0
293076,7612.92,23423,4,11505.99,4.58,86,2584,296.87,16665.64,2.5,4.2,1
127796,3646.63,18258,11,14234.24,10.04,83,3500,104.57,25000.0,6.4,1.9,0
301999,6956.89,2409,3,12338.04,9.71,51,472,328.97,24331.01,8.8,7.8,0
202506,2277.44,12650,1,3332.06,8.71,100,1236,63.61,11199.21,7.5,3.7,0
475910,7857.57,24102,1,19299.18,1.8,110,2999,330.71,24447.15,7.0,2.6,1
184088,6926.29,580,6,3334.64,7.21,86,100,242.05,14087.86,8.1,9.7,0
279544,9271.69,2583,4,5842.76,5.41,35,551,450.75,12618.65,1.9,9.3,0
390002,8122.35,13878,15,16458.93,7.42,147,2230,239.86,17638.42,2.8,2.0,0
183714,7270.87,15717,6,12753.34,13.84,62,3088,314.63,21913.27,1.3,9.1,1
25151,8742.68,18574,12,16924.83,7.26,27,2042,285.84,25000.0,2.3,9.0,0
454623,3011.39,17640,10,10798.99,0.31,45,2787,94.99,13823.95,9.2,6.7,1
76690,7751.28,3170,0,8162.87,6.64,19,257,320.36,19358.21,3.0,5.8,0
14499,3307.16,4251,0,18515.06,12.33,91,1390,145.05,24789.49,7.0,3.0,0
16295,11217.98,12244,15,1688.79,11.72,7,1465,460.18,6422.95,7.2,2.1,1
393029,2217.51,5761,4,17266.47,7.75,5,1654,96.29,24289.68,6.8,6.5,0
398215,6018.93,15191,1,5385.54,3.82,79,2504,208.66,9345.36,6.0,8.4,1
331184,8805.87,7352,7,17125.99,7.03,143,1487,344.03,19148.82,5.4,7.2,1
284327,6309.23,1994,13,3644.74,8.5,80,294,253.95,15939.91,4.8,2.6,0
432515,2467.0,22624,14,12024.16,15.0,8,3500,108.45,23702.72,9.3,3.6,0
153946,7310.48,24939,2,17874.05,9.7,29,3500,289.14,19638.71,1.1,5.9,1
388480,8237.14,17785,0,9997.25,10.44,98,2594,365.97,22062.46,1.5,6.6,1
42711,8889.82,1172,12,15184.77,7.42,100,155,360.26,17252.2,5.4,1.7,0
277683,5419.23,9130,1,16288.76,5.38,112,2414,226.84,16555.48,4.0,6.5,1
194423,7418.43,10768,9,14993.39,12.21,103,1277,277.6,14751.62,4.7,7.6,0
464483,6232.21,944,9,18581.27,7.47,99,238,196.67,20012.49,10.0,2.6,0
189426,8556.59,9657,6,9489.85,14.92,104,853,349.97,14600.09,8.0,3.2,0
398207,7627.35,12482,5,4289.38,6.91,95,3071,365.47,17489.63,8.9,3.3,1
143629,7020.44,9155,11,1908.41,1.11,48,1959,303.01,6674.78,4.3,9.5,1
310504,4120.01,19082,7,5682.74,10.27,132,1797,123.93,11297.24,3.2,4.7,0
223090,1521.19,2787,6,3720.75,0.79,27,710,101.58,14520.63,7.9,5.8,0
143272,3327.86,12457,13,11601.03,3.83,27,2416,116.36,15207.79,8.3,7.5,0
253548,2729.19,4508,9,4513.96,5.37,59,564,144.9,14507.95,5.9,4.3,0
471713,6215.39,12196,12,1739.74,11.12,81,2025,230.18,9008.8,9.1,1.9,1
188047,7928.71,9604,7,1683.81,7.46,67,1994,334.81,5900.83,9.7,6.9,1
293501,3737.39,996,2,16799.82,0.53,107,100,123.57,24982.62,5.2,7.0,0
129121,11360.1,1963,5,12237.55,9.29,64,682,429.75,12141.54,3.0,3.3,0
87505,1570.16,23712,12,7803.62,6.23,84,3500,40.0,12043.25,5.7,1.3,0
12869,9609.16,21137,6,17990.33,13.84,99,1918,409.97,21022.62,9.9,7.0,1
267186,8064.65,12959,14,2333.74,7.54,73,3500,341.09,9823.83,3.6,7.3,1
464351,5422.33,17377,15,19626.12,10.66,118,2724,238.22,25000.0,6.6,1.2,0
322252,2030.13,21949,9,12709.54,3.36,108,3500,94.97,18139.9,7.2,7.2,1
122296,8088.61,22314,10,4485.82,11.44,112,3194,285.43,13314.87,2.9,9.5,1
104179,5548.94,18310,0,13902.31,10.84,93,3500,270.25,20866.98,6.3,2.6,1
100272,11330.8,10384,0,15504.24,13.57,25,2875,502.87,19255.92,3.8,5.7,1
48467,7190.9,18677,6,9157.51,0.6,135,3500,248.22,21467.63,8.7,7.3,1
295472,11366.34,3223,12,17371.02,6.77,14,426,481.26,25000.0,7.4,3.1,0
363556,3815.08,17542,10,3863.92,10.22,91,2388,196.35,12655.2,8.4,7.8,1
490047,9120.12,5261,12,6297.91,1.52,95,920,341.3,7970.31,2.8,8.8,1
145059,7981.11,8130,2,2776.35,6.22,141,841,304.44,10605.74,1.3,8.3,1
68871,9263.79,16875,2,5006.68,14.14,127,2722,397.26,8402.8,8.7,3.3,1
425615,3754.01,9241,14,5535.85,6.6,8,2452,74.64,12710.47,4.5,8.2,0
138391,8482.44,4850,4,18435.03,14.78,94,1500,284.87,19198.31,2.6,4.7,0
449430,6729.42,707,14,2484.08,0.95,100,113,219.69,13137.38,1.8,3.4,0
96416,9299.66,4690,15,9120.89,10.8,33,610,282.17,10342.29,5.6,2.5,0
342415,4933.97,2383,10,11115.58,8.76,90,738,251.61,23285.42,2.4,9.2,0
316208,10845.6,3386,5,18075.17,7.56,51,1108,334.42,19000.02,6.1,4.8,0
266687,2385.16,17361,1,19956.23,14.57,81,3177,112.56,25000.0,7.5,8.8,1
211163,9975.49,9453,15,15314.37,2.03,91,643,439.6,25000.0,5.8,2.4,0
117450,10543.86,8881,2,19445.03,13.45,35,2384,407.07,20778.55,9.1,7.9,1
181890,10081.15,23738,5,15954.92,10.4,55,3500,369.83,25000.0,2.4,2.0,1
448741,6883.63,14295,2,19300.85,3.96,40,935,286.99,22493.45,5.4,1.2,0
291974,6103.04,17639,13,14438.14,13.53,99,3500,244.21,25000.0,2.5,10.0,1
420645,11960.75,10138,4,2515.51,6.5,19,2398,528.61,16640.14,8.9,1.7,1
410109,3906.31,5431,8,8636.48,12.23,82,943,40.0,11354.22,9.4,5.2,0
126381,7242.2,10355,11,13285.35,5.89,44,2950,243.75,23432.42,4.6,8.9,1
483125,8542.09,6224,15,7663.65,12.78,49,1173,369.76,10645.39,3.8,8.4,1
57333,8859.11,12920,2,6194.29,9.59,94,3398,356.89,9899.16,3.5,5.2,1
144508,3642.26,21034,11,11970.59,2.2,60,3500,183.29,12670.12,8.7,6.5,1
215362,8366.94,4560,10,18736.54,9.78,58,613,347.78,19024.21,7.1,6.7,0
348357,10092.88,5265,12,1664.66,2.95,89,1274,396.98,11550.57,8.9,2.0,1
409111,2025.2,20496,12,15615.39,6.24,13,3500,65.89,20332.6,2.1,3.6,0
160810,11070.97,7053,5,14731.82,2.64,122,2484,559.09,24067.73,5.3,3.7,1
302890,1809.79,7878,10,19315.12,0.43,69,1371,149.14,21768.05,7.1,4.4,0
59377,5237.7,18573,4,18683.51,3.26,112,1474,234.28,25000.0,9.1,3.5,0
451620,1666.04,18200,4,15482.42,8.09,133,3500,70.56,15034.28,4.4,3.3,0
326189,2310.02,7630,10,10887.77,7.28,145,1886,119.31,11528.38,3.8,4.2,0
370032,11067.27,3686,13,4881.08,7.57,42,1268,484.03,15022.74,9.2,4.4,1
443006,5226.04,6289,13,11359.48,3.79,109,573,229.98,22625.59,1.4,5.4,0
379599,5960.1,16622,5,15541.69,10.31,44,2703,200.83,24774.85,5.3,2.6,0
146672,3761.12,18029,5,18017.72,10.59,147,1806,239.67,22781.8,5.1,8.1,1
235732,7769.51,21278,0,16004.53,5.43,134,3500,323.09,18308.96,2.3,8.7,1
365323,7745.43,8442,10,4710.07,13.23,79,2736,410.51,5942.93,4.6,3.2,1
181836,5408.1,8048,14,12394.04,9.7,37,1693,225.68,18538.1,7.5,2.1,0
215615,4996.87,17444,8,7311.3,10.72,89,2023,187.59,14032.31,4.3,7.5,1
55714,10792.13,18796,4,1174.91,4.23,63,1845,500.89,7415.12,3.8,9.3,1
460051,5524.48,18748,0,4804.2,0.11,99,3500,236.04,13358.31,8.0,1.3,1
112946,6681.76,796,7,3151.19,12.99,30,169,273.94,13995.54,9.9,1.1,0
381760,4474.7,2909,6,17011.66,12.35,107,781,118.97,24720.88,8.0,2.7,0
115983,9761.08,24514,6,5911.62,1.94,25,3500,423.45,10151.58,8.6,7.2,1
476960,5673.21,1961,14,6409.26,5.67,84,354,202.26,14736.36,9.5,9.7,0
197563,6892.92,21176,13,19238.79,9.95,75,1406,253.33,19325.1,8.2,7.8,0
134123,4160.25,2768,4,8202.65,9.82,70,673,141.88,10142.94,9.8,6.2,0
421805,11870.43,17878,0,1182.13,12.92,41,3342,496.77,13161.83,7.7,7.3,1
315628,4560.71,7054,8,6393.08,2.19,18,2370,105.66,16133.16,7.0,3.1,0
92989,9592.8,16891,15,3266.69,6.51,112,3500,373.17,14596.43,7.2,7.2,1
308356,5988.7,19399,10,2953.36,1.55,139,3484,288.56,6344.7,9.1,3.9,1
315669,3665.28,18301,8,2472.26,5.9,85,2545,84.33,15867.85,7.1,3.0,0
188274,9897.05,19200,7,12271.93,0.33,84,3500,404.53,13547.99,7.9,3.1,1
173707,5002.87,7858,4,4597.61,13.48,107,510,168.54,16988.57,2.9,7.0,0
335352,10584.53,20816,13,7863.61,7.95,39,3290,403.2,12871.82,9.2,7.9,1
305972,11110.2,23088,2,17378.34,12.76,106,3500,527.17,17273.32,5.0,6.2,1
421927,10528.15,18171,7,9062.42,0.99,135,3500,338.6,12977.93,2.4,1.6,1
275564,1867.58,18002,0,18398.14,3.49,122,3500,112.98,19077.34,8.2,1.3,0
368896,9767.42,8137,2,10460.82,3.96,99,985,366.8,16747.36,4.2,3.0,0
141373,5819.06,1160,11,8577.9,5.86,59,360,206.38,21209.01,2.7,3.6,0
448452,10674.09,9407,10,15257.39,12.06,13,1141,371.39,18468.24,3.3,4.6,0
125294,8198.52,7422,6,2390.33,5.86,73,998,365.64,11869.55,1.3,1.7,0
469451,10253.25,12453,13,2700.09,3.15,32,1464,400.56,15752.44,1.8,7.5,1
457456,6744.03,24988,14,13387.5,1.07,147,2685,253.88,20900.96,6.3,7.4,1
134019,7117.77,23221,3,10251.87,1.28,117,3500,290.2,14910.08,8.8,4.1,1
75726,3016.07,19413,6,16017.89,11.42,35,3500,112.13,25000.0,5.0,6.1,0
151564,9731.87,4470,11,18409.15,6.73,63,1124,289.24,19163.7,6.6,1.9,0
387812,5903.59,3907,10,8378.97,10.92,86,1353,211.6,15505.5,8.3,4.7,1
278246,6750.84,9546,12,12331.79,10.27,58,1233,314.81,22222.6,4.2,8.7,0
191408,9743.53,24300,13,10513.24,2.12,46,1501,314.41,10419.03,6.9,6.9,1
128015,7787.88,15047,4,19650.6,2.23,27,3500,257.02,25000.0,4.2,1.9,1
226386,3611.54,5260,5,16790.6,11.35,113,1117,123.12,18896.97,6.8,8.6,0
264079,7697.44,18781,15,18323.02,10.85,90,3500,271.62,18864.86,3.0,7.1,1
36641,5780.15,23248,13,5832.46,5.73,69,1826,229.81,10230.5,9.8,5.1,1
175656,6430.02,13965,6,15678.0,1.25,93,2742,202.55,25000.0,1.7,7.2,0
173817,1797.27,4587,14,6043.99,0.28,58,671,52.5,18430.35,5.5,2.6,0
426309,3705.31,21258,12,4966.11,4.39,122,3026,145.81,8751.7,3.6,6.0,1
469321,4450.9,8107,9,18941.06,0.24,109,1027,210.48,18674.2,6.4,6.6,0
375890,8986.08,4519,15,1366.78,3.53,15,722,421.68,7827.41,4.9,9.3,1
455101,1620.67,1315,11,19342.39,6.35,67,218,51.75,25000.0,3.8,1.6,0
46631,5792.16,13063,6,3835.98,1.91,26,1994,326.09,16341.66,3.3,4.4,1
252289,11202.28,13792,15,16569.32,1.65,121,3500,438.9,25000.0,2.6,9.4,1
82991,2674.75,24139,6,6242.53,13.46,62,3500,148.43,16759.02,8.0,3.0,1
14014,6922.46,16658,6,7663.34,8.82,24,3500,373.47,15917.77,3.0,8.3,1
283237,9758.49,1422,10,5118.4,14.02,148,504,397.31,7945.04,8.0,1.0,0
28070,11396.58,13429,12,12124.77,5.25,97,3500,387.19,12662.18,5.4,1.2,1
307921,9341.15,15425,12,7613.82,10.19,54,2573,378.19,15839.41,1.7,3.9,1
66958,9065.94,21751,6,13490.47,3.15,94,3500,332.06,19800.21,2.5,7.9,1
92074,10178.12,18148,2,1297.3,9.31,108,3500,393.4,14036.99,9.0,1.9,1
20729,6185.11,20608,14,2223.12,2.03,131,3500,346.65,7972.37,6.4,4.4,1
240785,9961.37,11479,11,2893.56,0.13,117,1422,337.32,4830.83,2.7,2.2,1
186089,1583.63,3222,2,8960.88,13.98,78,860,78.37,14676.91,7.3,3.0,0
207392,11207.89,5855,6,16481.13,8.37,17,713,404.43,25000.0,8.4,5.5,0
168823,6154.72,13801,13,17875.38,13.91,19,2233,230.81,25000.0,4.0,3.9,0
115864,7310.49,3050,1,5651.4,5.07,77,391,329.66,6960.16,6.0,2.9,0
403002,4176.26,22203,13,11913.02,4.98,31,2964,182.96,22901.24,3.6,4.5,0
219141,9296.57,11641,1,15598.93,6.07,140,715,360.61,20611.11,1.7,7.3,0
377654,2304.68,23570,2,6487.76,10.62,92,3500,59.7,11932.19,4.6,2.1,0
64748,10662.68,18557,13,8771.15,8.53,40,2761,442.31,13524.53,7.8,5.3,1
15801,10195.23,21471,3,10955.51,13.89,56,1845,493.19,18501.28,5.1,3.5,1
160262,3768.63,11784,15,3562.62,0.48,143,1015,105.68,11747.89,4.6,4.4,0
452905,9997.91,22237,5,1493.66,10.65,12,3500,495.5,11731.08,4.3,8.4,1
245362,9756.76,23741,12,3903.31,5.02,61,3500,450.25,12579.99,5.1,9.4,1
454209,8138.27,18550,7,12910.22,2.79,114,1920,394.0,14199.46,3.9,3.2,1
39592,5421.96,21395,15,2398.75,7.7,134,1923,232.3,7263.07,6.5,6.7,1
282791,4350.74,23056,9,4604.23,7.63,68,3500,232.59,16616.77,1.6,7.1,1
149788,3933.73,1884,9,7419.22,2.14,15,431,106.91,16557.74,8.3,8.6,0
229963,4845.39,21287,6,2479.53,3.11,138,3157,160.41,9812.83,2.6,9.1,1
490761,10987.36,20838,3,4642.29,6.18,100,3141,477.79,8087.65,6.7,5.2,1
258710,2315.23,23189,1,18314.13,6.19,80,3500,107.4,16751.29,5.0,9.8,1
230984,10203.15,8752,1,1366.68,4.83,68,1350,400.71,7147.88,8.0,9.7,1
382771,5163.35,7738,14,13415.21,2.31,105,2589,81.4,13445.18,8.4,5.6,0
342460,6976.79,23865,3,8303.77,0.17,97,1732,257.3,14912.71,2.8,5.9,1
268067,9842.1,6526,5,13780.33,14.56,48,851,334.98,23707.68,7.1,7.0,0
274512,10785.95,23493,2,12185.14,14.16,146,3500,456.11,15458.29,2.7,4.4,1
87575,5120.2,10982,5,5246.48,7.31,87,3406,195.25,17217.99,2.1,7.0,1
278799,6349.36,14301,4,17096.98,14.93,137,1337,222.56,24836.92,9.4,5.6,0
247549,5852.42,16620,4,10346.87,10.14,103,3500,366.24,11905.91,2.5,1.3,1
80031,1639.14,16080,1,16628.18,1.13,29,3500,117.47,23681.85,3.1,8.7,0
479645,4607.4,9164,7,8714.24,1.85,106,1299,237.09,10943.23,2.2,9.5,1
494299,6321.49,17842,4,19709.03,13.75,77,3500,362.97,25000.0,5.2,1.2,1
97922,5816.48,993,10,15639.3,9.49,126,148,272.77,16366.73,9.3,8.1,0
458982,9080.26,23926,1,19353.05,12.66,75,2512,324.66,22585.09,3.4,4.5,1
134046,5540.44,16965,6,10772.2,13.48,121,2500,177.22,17983.49,5.9,6.3,1
416619,6638.45,7499,12,10000.13,6.77,86,1755,313.78,10654.97,4.7,5.5,1
42097,6010.89,14333,15,15353.62,0.82,134,3500,137.47,16275.9,4.0,6.0,0
481873,9276.57,3470,14,17725.53,2.91,120,587,367.17,20345.74,6.1,5.5,0
152038,10561.21,511,8,19318.77,1.09,14,100,313.89,23465.18,6.0,8.7,0
134862,7084.84,24708,8,7166.49,2.91,134,3500,288.34,18893.53,4.2,7.2,1
240229,9789.04,16051,0,16175.39,6.22,64,3500,434.27,17374.86,8.7,4.7,1
128834,4616.26,17645,6,5002.27,1.86,49,3500,198.62,10518.94,1.5,7.2,1
103848,7184.38,3685,8,11365.91,2.58,140,582,334.28,17277.82,1.8,9.7,0
62921,5124.91,16909,5,4417.11,6.74,123,3500,303.24,9378.81,9.9,1.7,1
190798,5849.11,2306,0,7600.55,5.17,11,408,226.79,16215.16,7.7,4.5,0
136141,9190.35,23535,1,18695.81,7.07,76,3500,508.0,20292.48,8.2,8.8,1
191372,10757.46,6164,3,3775.72,6.49,25,674,440.93,15061.13,6.4,7.7,1
294821,2775.7,14626,13,13015.62,9.7,101,2005,158.49,18979.5,4.8,9.4,0
65609,8163.71,13394,15,12266.13,14.06,51,2516,296.0,12934.87,6.7,1.4,1
237897,7612.51,5654,3,3294.03,1.71,5,1848,385.47,12786.21,1.8,8.8,1
459877,2743.36,22708,1,7193.6,1.58,144,3500,161.82,15155.05,7.8,8.1,1
41024,3724.89,14267,7,11696.65,12.81,132,3500,222.57,15759.09,5.9,8.3,1
80313,4765.53,20543,1,4556.39,7.65,98,1869,193.35,5790.15,9.6,6.4,1
399957,3252.78,15726,2,16211.85,11.52,136,3115,67.34,17578.6,6.7,1.5,0
194078,4059.16,2025,15,19470.97,3.31,38,376,185.39,22851.0,2.4,5.9,0
367429,4309.81,1260,13,5080.43,12.45,91,302,87.54,8663.23,5.3,4.7,0
418554,5024.58,17478,3,4551.33,13.87,36,3500,184.17,13148.45,1.5,5.7,1
471243,9368.6,24076,8,9643.77,9.57,7,3500,384.3,18975.24,7.7,7.7,1
495988,7505.08,14380,9,15207.54,1.68,72,3500,419.06,25000.0,5.5,6.4,1
123632,11855.59,1555,0,6350.41,13.44,61,393,490.15,15491.1,4.3,3.6,0
483351,5854.73,10546,7,1377.72,11.91,118,3500,241.17,12059.3,9.7,6.4,1
422724,9415.58,3583,11,11283.19,11.29,37,627,373.47,18936.3,9.5,1.7,0
261451,10650.42,16178,14,19175.41,0.65,135,3500,358.91,25000.0,9.6,1.0,1
13051,8629.27,12608,13,8434.26,12.0,136,3500,349.46,12140.42,3.0,4.6,1
189819,5824.58,20559,4,8982.56,2.16,34,3500,238.13,12647.41,7.6,7.8,1
386836,9412.74,10150,6,19409.13,3.41,74,2829,328.08,19169.64,9.5,8.4,1
490358,3638.5,6457,15,14197.54,8.7,53,1118,86.2,19671.93,6.1,5.9,0
97235,4939.3,5755,7,14664.27,4.05,34,620,173.49,14981.52,2.9,8.8,0
457237,7240.2,9911,14,11691.34,9.95,86,2339,292.85,14864.98,8.4,2.1,1
207484,7541.8,21112,4,19517.58,9.16,148,2511,278.79,23888.92,8.9,9.7,1
199407,1732.49,16844,15,14088.46,1.71,138,3323,40.0,25000.0,7.3,9.3,0
459395,11423.7,21065,7,18005.62,9.87,28,3500,471.41,25000.0,3.6,6.4,1
435309,8814.59,10191,9,14288.2,13.87,119,874,379.53,23099.18,2.7,1.5,0
472894,6704.89,18714,10,14967.2,2.5,96,1294,274.26,19034.01,6.6,5.1,0
221810,11297.84,3895,7,6517.81,9.0,25,942,423.76,18461.34,5.3,2.6,0
442950,6110.5,1703,8,6766.1,5.19,12,271,274.16,18793.81,7.0,6.7,0
213687,11794.57,19694,1,15876.71,6.95,40,3500,462.26,25000.0,2.0,2.7,1
83523,6878.99,19976,2,6637.42,4.38,128,3500,215.71,15630.26,2.2,5.3,1
246175,2700.0,3544,0,11692.63,5.38,13,305,159.81,13977.41,4.3,2.9,0
104476,9530.41,22955,3,5737.69,0.53,44,1402,398.89,7774.2,3.3,2.6,1
243841,8628.43,7772,14,16522.68,14.73,133,2561,339.17,25000.0,6.6,3.2,1
289163,9616.36,21557,14,3099.53,9.41,121,2702,306.1,5201.72,4.3,1.3,1
355757,11490.14,4014,4,16759.49,7.56,72,754,422.36,19254.16,7.2,7.4,1
232866,9653.14,10490,10,12451.87,5.82,7,3500,487.05,18292.0,7.9,3.8,1
96672,7919.03,6692,0,4551.28,8.14,112,2061,241.34,5926.72,2.7,7.3,1
83847,10501.74,11267,7,11298.67,5.76,126,1041,407.5,22828.8,9.3,6.9,1
354894,8569.09,17028,1,6367.48,5.46,13,3500,341.95,10826.56,8.1,1.6,1
220706,5785.25,8007,0,7145.88,7.01,8,2234,247.43,8087.27,6.6,3.8,1
38251,10799.01,5357,1,7679.03,4.21,10,1444,357.1,21059.89,9.2,6.1,1
113481,3829.95,12618,14,2203.07,2.78,77,3500,161.91,7810.57,3.4,9.3,1
384710,9003.73,18261,12,19733.27,8.39,30,3500,275.84,25000.0,4.8,4.6,1
35945,10756.42,3646,15,1599.16,12.66,134,411,435.13,9174.5,1.8,5.5,1
362996,9178.82,21908,4,13587.44,2.38,118,3500,334.53,21490.59,5.1,7.8,1
42217,8821.39,17677,8,8053.33,0.59,89,3500,309.56,11576.84,5.6,8.2,1
18308,9402.7,6256,8,13274.2,3.78,90,1518,417.85,19156.74,6.5,9.3,1
278093,6383.08,4914,1,7768.72,14.7,135,399,243.54,11564.44,1.6,5.5,0
193062,10678.79,17994,1,13801.26,12.45,39,1430,450.84,25000.0,1.3,2.7,0
404366,3636.08,22556,2,14855.47,8.98,118,3500,170.78,14676.67,4.8,7.9,1
230552,2837.56,20937,6,14120.5,13.95,63,2210,177.0,16867.16,2.7,2.1,0
110235,4497.84,4437,10,3165.28,6.73,42,658,119.5,16142.64,7.8,4.8,0
84740,7081.56,4463,2,13480.97,14.75,37,1296,329.21,19025.24,7.0,6.7,1
388496,6860.9,21826,0,6319.76,4.51,125,3500,275.26,14856.9,3.9,7.2,1
338761,10116.29,6397,13,1547.23,3.68,147,732,385.75,11709.8,1.4,7.6,1
235913,5747.97,9474,13,8881.78,9.61,104,1896,172.46,10027.48,2.6,2.7,0
289040,6585.62,14877,13,9237.32,5.73,146,3432,293.75,9620.46,7.2,9.8,1
402942,1640.36,18000,5,9876.31,9.43,49,3500,40.0,22092.98,9.9,2.6,0
187247,5802.26,16556,2,14391.66,4.64,52,3500,257.98,17042.86,3.9,1.9,1
148877,8301.63,2250,0,6868.03,9.31,122,327,428.46,12438.49,8.2,7.0,1
15237,1662.84,4527,13,6990.33,4.21,33,1170,115.51,16459.48,8.8,9.2,0
30056,4449.26,12028,15,2150.49,0.86,88,1127,247.54,6792.34,1.4,6.0,0
186615,3683.54,6245,12,14049.6,13.69,117,1110,111.39,22769.61,9.2,6.4,0
197628,1940.85,21948,3,11788.7,13.26,121,3500,115.77,17388.11,5.2,5.8,1
124548,6532.23,10179,12,7639.08,14.56,47,1297,204.08,19247.19,9.7,1.4,0
383632,3408.09,6438,0,14398.59,10.78,23,1525,124.65,17139.9,5.8,7.1,0
144415,9302.36,12650,0,11209.8,10.27,12,1341,459.16,13617.53,3.1,4.2,1
416716,10403.24,13906,11,9915.65,8.43,15,1263,385.74,20744.47,9.8,9.4,1
456438,7228.64,20281,1,10715.17,1.98,12,3500,344.71,14814.37,3.2,2.7,1
39375,11807.93,18243,9,13090.61,2.92,117,3500,523.1,17826.78,8.9,3.7,1
150734,6230.03,5353,7,13540.05,4.41,42,503,302.94,23150.24,2.6,5.5,0
26964,6890.37,18825,1,6490.2,13.36,139,3500,212.26,15454.65,7.1,5.3,1
123429,11886.79,3648,10,3674.12,2.68,121,466,501.73,10681.73,4.7,4.6,1
262764,3931.26,16743,1,3976.05,13.85,78,1607,149.42,8429.42,9.7,3.8,1
200710,11396.73,8433,14,13148.43,7.89,76,1019,510.29,22453.36,2.7,2.3,0
476882,1949.79,9936,10,17584.59,10.76,110,1102,40.0,18413.28,4.7,8.4,0
226139,6187.06,18169,10,8780.43,1.74,122,1584,265.87,21091.98,6.8,5.0,1
77215,2235.04,6974,15,4220.88,4.11,24,2088,100.72,7330.81,9.8,6.2,1
341186,9156.96,15179,9,15375.45,14.38,15,3167,266.77,24764.5,3.7,5.9,1
154356,7888.29,11728,9,16817.3,4.07,148,2071,271.26,20969.08,4.6,6.2,1
213861,8919.66,1270,7,17731.07,4.52,46,438,265.28,18602.94,5.2,7.3,0
487880,5432.04,2343,11,12529.8,3.04,94,401,180.96,17254.77,3.3,6.7,0
365612,5379.56,573,5,17353.84,2.02,56,100,242.64,18763.25,8.4,3.5,0
464605,1975.85,18544,15,1292.88,3.58,56,2637,88.8,4802.22,1.8,6.0,1
19435,5174.42,16559,11,3037.48,9.67,141,2181,215.45,7539.0,7.3,3.2,1
457556,11257.53,21233,10,2758.95,6.88,99,3500,398.31,15483.34,5.8,6.3,1
185150,5481.88,23986,3,14539.49,8.35,139,3500,275.3,15008.84,3.2,4.9,1
350976,10229.36,8500,2,2322.05,1.92,6,1826,408.23,16500.65,5.4,1.4,1
61293,10344.42,20702,0,10430.92,12.05,29,3500,415.46,10409.72,8.5,7.6,1
499197,5419.03,13773,10,9981.43,11.78,80,3500,263.78,18542.24,5.0,3.5,1
88781,8135.88,16621,2,6903.37,0.42,98,3500,275.87,18657.35,2.1,9.3,1
201475,2501.4,831,11,17537.7,5.81,98,101,111.48,25000.0,1.4,3.5,0
170196,2588.63,18305,13,4238.23,1.12,45,1735,124.72,7262.4,8.0,10.0,1
236507,2010.91,8012,8,7696.79,11.9,91,1785,53.16,17234.14,4.0,5.2,0
316063,7600.66,23774,4,15709.26,11.09,85,2845,336.65,15962.95,9.4,1.2,1
249833,5973.75,5431,12,1578.02,13.54,128,464,262.81,7846.37,6.6,1.7,1
262377,7254.34,13242,5,13786.06,3.62,81,2888,285.11,22543.89,4.9,1.7,1
176319,6971.27,22909,4,16511.56,6.9,42,3500,272.24,19706.9,6.1,1.5,1
131172,5177.13,13926,0,18713.09,2.85,46,3500,233.26,21044.34,5.1,3.4,1
366902,8613.47,21292,9,17649.64,5.63,82,3284,383.96,17628.42,9.2,3.9,1
494963,9464.27,5613,0,7068.3,7.88,68,1985,381.72,8518.34,5.1,2.0,1
465968,1653.6,8919,3,12140.92,0.89,136,2565,122.15,13211.35,1.9,4.9,1
328717,3676.04,3381,15,2468.58,10.75,129,261,179.97,15356.04,6.4,4.3,0
69101,8988.98,13645,14,5899.53,8.2,145,2902,270.14,6865.2,6.6,6.7,1
298790,5559.51,14056,2,2790.23,12.45,31,3216,152.14,13239.44,7.9,2.8,1
376329,8456.08,19749,10,6988.56,4.15,63,3500,397.35,17582.96,9.4,9.2,1
33049,5143.11,3075,7,17628.56,13.56,69,644,193.39,23485.4,5.0,5.6,0
220677,5602.93,13214,11,7596.17,14.98,29,2709,232.33,17577.02,4.2,6.6,1
370260,3166.13,6685,11,11676.06,13.8,41,1139,183.61,19820.35,5.4,1.4,0
369523,4211.43,9156,6,9234.24,11.69,128,1295,168.14,15309.65,9.1,6.0,1
78385,7856.82,6241,14,9719.41,12.2,75,2146,316.14,14750.76,9.8,4.3,1
136131,6048.21,17161,10,19421.87,8.65,146,2665,198.49,25000.0,9.7,9.3,1
443374,9630.18,565,14,6626.93,2.93,98,100,403.71,19936.74,3.1,9.0,0
206489,10452.14,4762,6,12919.16,10.19,71,525,447.41,20801.86,5.5,6.7,0
33289,7187.29,6204,14,8981.19,10.72,107,1968,258.6,11749.84,3.3,7.9,1
382370,9461.81,15855,7,2161.78,14.78,95,3500,332.37,9552.11,4.3,6.8,1
372937,4722.5,9094,13,10297.29,8.17,94,2670,320.21,16692.82,1.3,1.2,0
281967,5857.2,12675,9,16453.52,4.14,74,3500,229.64,25000.0,2.4,7.3,1
201232,8984.17,24873,6,2876.31,10.29,63,3500,325.18,12982.15,4.6,2.6,1
314119,5555.23,13196,9,2322.25,14.69,16,2972,257.54,10550.39,4.3,7.1,1
19540,7679.3,6755,1,3919.0,2.74,55,764,304.63,13979.94,3.5,1.1,0
26364,3446.41,7941,3,15523.6,4.96,14,830,83.57,14731.62,3.1,3.8,0
407827,7797.6,21576,14,14755.91,8.17,13,3500,336.06,23900.99,7.7,5.7,1
37663,10545.89,15486,10,11735.34,2.64,91,2632,379.18,14139.49,3.7,4.0,1
61991,10620.72,13850,5,9896.3,0.43,98,3150,503.65,18450.36,7.4,7.2,1
198751,9105.62,14940,2,17878.19,5.12,56,3131,388.95,17784.2,4.3,5.7,1
376326,9330.41,21303,14,15567.26,12.99,26,3500,359.37,15941.8,8.2,9.6,1
172049,7358.24,8460,2,16426.9,0.75,77,589,299.8,15605.07,2.5,4.2,0
104704,7639.01,22962,14,16451.98,6.49,87,1604,350.72,25000.0,2.4,7.5,0
59115,2903.33,18321,5,13211.63,11.46,76,3500,125.43,20428.57,7.1,8.5,1
363151,6160.52,23916,0,9702.28,14.3,122,2821,352.53,14467.33,9.2,3.3,1
229295,6233.15,22615,13,17428.88,14.78,72,3500,306.12,25000.0,2.3,7.8,1
201962,11564.23,20262,15,18594.14,6.39,9,3500,486.95,25000.0,1.7,4.5,1
207459,6026.41,14165,0,1452.31,14.26,87,3500,194.21,11222.89,9.4,2.2,1
159143,7268.1,23231,4,1979.54,0.63,125,3500,283.38,9915.19,2.1,1.0,1
200347,7099.14,23285,0,19216.12,11.21,10,3500,307.91,17475.94,3.3,7.7,1
475585,8186.0,7129,9,6266.05,9.68,73,1746,286.3,10372.85,9.4,2.7,1
21938,9356.44,14328,7,17594.02,3.82,62,1364,438.93,17493.21,8.2,1.5,0
438411,3862.94,5041,1,8387.11,7.66,47,887,105.81,17321.02,4.1,5.5,0
363824,7051.61,8376,15,3262.9,2.03,76,2347,250.2,7842.39,9.6,4.1,1
14000,10172.14,13811,5,2528.42,13.09,95,3409,378.77,9874.9,6.1,7.2,1
211660,6362.7,15088,9,3973.65,5.43,41,3098,291.7,9773.51,1.7,2.0,1
373186,4423.8,17148,9,5747.97,9.43,62,1937,136.71,8459.96,7.3,2.2,0
365754,8374.45,12880,4,10281.85,2.47,131,3500,244.98,22684.29,5.8,4.6,1
261492,10149.56,10377,9,14328.46,3.17,41,1473,460.38,25000.0,6.2,5.7,1
375835,2162.97,18318,11,19741.57,14.88,20,3500,64.3,18893.16,9.9,8.4,0
48304,9656.3,22211,11,9388.63,11.32,114,3500,332.83,20266.65,2.4,6.3,1
341593,10127.3,5597,3,10845.51,14.43,135,962,367.35,17025.27,6.9,9.1,1
92986,6345.99,18544,0,10914.5,4.51,16,1339,339.68,20790.17,5.1,3.0,0
492859,11824.71,22576,13,11249.25,2.55,27,2929,440.14,12964.44,3.4,6.4,1
161836,9760.44,19238,13,10837.07,7.6,115,3500,384.25,12389.22,7.2,6.9,1
118940,9623.46,6961,2,1166.72,7.47,143,2126,362.59,14513.22,7.0,7.5,1
489243,9352.31,7544,12,1032.77,2.71,56,1754,312.46,14497.87,8.7,9.9,1
310638,3081.39,5997,11,2855.66,11.02,131,1199,86.12,10341.39,8.9,5.2,0
275517,3780.92,21433,3,2929.58,5.49,33,3500,86.18,15655.72,6.1,4.3,1
153233,6371.9,23218,1,14393.04,2.88,125,3500,302.67,22191.4,3.9,8.7,1
107532,4272.05,22894,11,4893.4,5.05,148,3500,175.93,8319.85,5.8,2.6,1
364802,5860.03,14251,1,17999.57,8.5,105,2169,358.54,20676.06,4.2,1.3,1
395777,10828.87,21810,1,18643.52,10.92,15,3500,397.71,18683.6,3.5,5.0,1
110386,10155.43,9804,10,19541.97,7.28,143,2653,363.27,25000.0,6.0,3.2,1
37350,8115.42,10926,0,18842.54,7.93,93,1737,401.3,25000.0,6.9,4.6,1
103008,10510.26,11558,9,6165.88,2.17,62,3500,473.31,14035.62,6.3,9.9,1
366441,9729.61,22949,1,10685.76,13.73,23,3500,408.42,19074.85,9.6,4.1,1
35351,6004.34,11760,5,4333.64,13.94,54,1322,184.49,15166.12,3.7,7.4,0
98668,3611.18,19063,2,16317.98,10.28,126,1588,231.7,17969.75,4.4,3.3,0
124585,6899.11,21851,9,17880.2,0.36,76,3500,272.36,20672.18,7.0,3.7,1
418521,9230.4,1134,4,17174.49,8.1,59,362,347.68,21099.77,6.4,3.2,0
347497,6082.41,20515,0,9233.97,9.48,103,3500,300.44,17116.82,1.0,6.1,1
217869,8501.11,10557,7,15414.8,14.92,74,2710,338.93,25000.0,3.8,3.0,1
75953,2490.44,13845,12,2854.0,14.94,121,1418,41.33,7587.85,3.3,7.5,0
329602,9354.05,10647,3,1764.65,12.88,30,939,376.18,9533.27,8.6,7.1,1
292502,10033.49,21561,8,15311.49,1.05,133,3500,362.27,24019.13,8.8,4.8,1
13267,8921.8,19102,3,9081.75,14.3,118,3500,206.4,10401.4,3.6,1.2,1
92745,11656.27,1889,13,19915.44,9.23,69,658,422.17,24599.97,1.9,1.2,0
361732,10179.85,13571,14,2847.83,12.03,14,1797,380.81,6155.2,2.8,5.8,1
310657,10982.48,11822,14,17256.93,6.17,99,3412,381.52,22814.48,2.6,8.6,1
167164,11302.5,4776,14,10119.68,4.86,125,1109,480.86,20077.44,3.1,6.4,1
21338,9914.15,12806,1,16715.85,7.0,130,891,357.69,18453.0,3.1,4.9,0
141484,8579.72,1749,2,16525.42,2.29,41,390,367.11,25000.0,5.3,8.9,0
17543,1560.05,24524,4,18403.85,5.42,73,3500,40.0,21075.53,3.9,2.8,0
378035,6391.17,22596,11,6659.15,12.88,45,3228,301.11,9807.52,6.0,4.2,1
436712,7497.2,18129,9,19046.19,0.67,49,3500,236.06,23286.16,4.1,6.1,1
70692,4692.32,8745,14,3881.67,2.35,127,1145,70.62,16494.31,8.3,3.6,0
230156,4840.1,11602,12,2557.41,1.96,130,962,255.47,4942.06,9.6,10.0,1
233992,11592.17,16726,12,9200.69,6.11,31,1806,420.89,13618.98,4.6,5.1,1
316569,10862.96,11088,13,16738.14,14.96,88,3449,522.36,23881.63,1.4,1.5,1
48756,10416.38,942,5,9995.0,2.68,140,174,444.88,14644.55,3.2,2.6,0
28888,5763.12,7476,6,16756.45,2.27,53,2236,270.04,16325.87,1.9,5.8,0
176807,1643.83,5175,3,14864.05,13.73,100,1135,118.03,18207.23,4.1,6.0,0
319439,2342.33,12303,6,4979.14,13.24,125,2512,99.33,16655.78,6.8,9.9,1
124352,4778.06,8453,14,19028.75,0.58,118,2553,197.33,25000.0,5.7,6.4,0
355186,1665.3,4877,9,2154.84,11.3,18,912,130.68,4241.0,3.2,7.0,1
95999,1680.07,11099,2,18067.31,9.87,66,3336,72.77,23854.54,7.9,2.9,0
27955,11124.33,7558,6,6784.43,11.54,47,682,408.56,8796.49,2.2,2.0,0
309985,8914.66,17706,3,10502.81,7.47,100,3500,385.87,19247.4,3.1,6.4,1
80640,4744.04,12394,12,9024.69,14.87,31,3356,84.08,9322.35,7.1,8.8,1
206582,2892.77,3439,12,4264.86,0.75,72,1134,181.69,5603.53,2.8,6.3,0
438127,6872.18,23980,7,7804.79,3.59,131,3053,341.91,18343.27,7.1,5.0,1
462247,1556.13,22649,8,4665.75,6.01,52,3500,122.15,6700.26,9.8,6.2,1
229798,11353.34,1531,6,4873.84,6.8,71,291,512.12,9866.43,8.5,5.2,1
410573,5855.56,10708,7,4554.08,13.83,29,1872,230.01,18097.79,2.4,2.3,1
435695,5724.52,1062,7,10291.33,8.44,123,100,223.65,23041.28,5.7,7.7,0
71476,5601.23,11230,1,16160.7,0.77,13,1126,162.57,17026.8,4.8,5.8,0
316955,2227.95,17224,8,11810.43,6.18,140,3500,176.52,18740.07,9.9,4.6,1
177280,8202.38,21451,5,17970.93,6.31,99,3500,303.84,23645.68,9.7,6.0,1
161222,9196.54,16652,10,13094.35,14.49,63,2909,384.86,18356.43,2.1,3.2,1
81180,8599.32,14498,3,14097.46,9.03,21,3500,356.68,25000.0,9.2,4.9,1
184358,2953.57,24746,14,13684.54,9.57,99,2084,51.12,22750.07,2.7,6.6,0
122856,7577.82,19180,4,9539.72,10.73,136,3500,215.88,19570.63,3.9,3.0,1
340594,7479.59,17118,9,14097.44,11.57,105,3500,299.46,16782.35,4.2,7.7,1
424568,10618.31,22086,4,2324.45,9.56,140,3500,402.04,9505.72,3.6,5.7,1
196141,5480.84,9808,6,17337.18,3.63,46,1685,214.76,22206.25,8.7,8.8,1
384032,5400.6,10109,13,15778.43,13.12,53,2867,269.29,18508.6,4.0,8.6,1
120448,7994.53,18175,8,5659.37,11.01,10,3421,331.03,7760.13,8.4,5.5,1
24397,8147.26,21611,6,15592.62,11.15,77,3500,363.82,16116.77,9.9,2.8,1
444771,6427.49,9220,8,1240.21,14.95,36,2021,279.37,5340.89,8.6,7.6,1
188031,6152.12,10672,3,5127.68,12.06,147,3089,230.27,8749.64,4.1,4.8,1
403944,6688.55,14957,9,2237.61,12.45,86,1250,217.45,6939.49,7.4,6.4,1
453733,10540.98,3439,13,15824.31,14.28,73,815,434.88,17980.43,5.8,2.0,0
129180,6342.25,14845,9,15361.61,2.35,118,3341,257.88,20213.6,8.1,6.7,1
76234,11369.28,16658,3,16459.08,7.52,31,3500,500.53,21791.72,2.4,4.4,1
49954,6792.04,5935,5,1085.15,8.75,70,1595,264.14,6883.55,6.7,4.0,1
188352,11466.61,23865,7,10523.42,5.01,55,3500,443.8,22213.59,8.0,9.8,1
89459,10244.73,5892,13,14391.89,12.61,79,1742,398.31,20704.33,7.9,4.9,1
419995,5305.53,8472,8,3952.62,11.46,54,1067,166.28,15399.3,9.7,7.1,1
205004,10568.23,18117,0,13346.02,10.84,96,3500,495.07,24691.91,1.5,6.6,1
476152,2655.66,19684,0,2598.09,14.96,116,1902,163.21,6199.23,4.1,1.9,1
427682,11213.0,15299,12,4445.19,3.96,72,3500,387.87,11118.52,5.3,7.7,1
440155,8132.26,19659,7,10040.14,11.06,110,3500,365.49,15663.85,3.8,3.9,1
210968,2071.1,15552,10,13417.74,8.32,148,1405,40.0,17342.33,3.8,8.2,0
438486,8264.7,6544,6,3771.51,4.76,80,2061,379.85,5132.98,2.6,6.5,1
69163,11729.6,20371,8,4519.24,2.49,90,3500,434.37,16223.03,8.3,3.9,1
485853,2232.91,24267,10,4884.48,13.45,111,3500,107.31,7357.86,9.2,4.2,1
61934,7324.22,14915,2,5535.32,8.97,60,2277,196.49,19369.5,1.7,7.6,1
205967,9351.84,20734,9,5304.52,12.39,84,3500,314.14,16292.08,2.4,6.0,1
435523,10007.72,21881,11,8507.83,8.23,28,3500,423.74,16346.39,3.1,7.0,1
326242,5845.19,17774,4,13422.0,3.38,32,2142,198.76,14747.48,5.6,2.4,0
464137,3643.75,14358,2,9322.6,5.13,125,3358,103.75,16158.19,8.1,8.1,1
15486,1944.59,22804,14,15743.5,5.78,97,1938,147.58,17989.21,1.6,3.9,0
149407,7587.12,18072,4,14666.1,14.6,89,2266,414.03,17013.07,6.7,6.6,1
359044,6255.57,6144,9,3404.01,0.18,116,1776,297.07,15507.09,2.3,2.0,1
136020,11461.82,17624,0,1927.99,14.79,126,2657,403.88,8490.77,9.7,3.9,1
112795,2136.35,18253,13,17680.89,14.71,93,3500,173.63,22004.12,9.1,6.8,1
230184,8696.65,18884,10,2516.79,14.94,35,3500,269.79,14971.97,9.5,3.5,1
152202,1762.15,18355,3,3818.44,7.2,147,3500,55.26,6196.03,2.0,8.9,1
359652,3300.06,18420,5,1420.53,14.46,115,1306,134.74,10866.46,5.4,7.0,1
247027,6262.58,17202,1,12938.39,5.99,46,3500,346.71,19867.52,2.5,8.8,1
128324,6276.16,5653,12,12065.04,0.49,106,635,296.68,17179.82,6.4,4.6,0
332710,8699.86,2394,6,19751.17,3.44,54,530,324.81,25000.0,3.1,1.3,0
207775,11057.24,8491,7,17851.72,14.18,128,1517,395.04,25000.0,7.9,6.2,1
299336,8209.84,15939,0,8806.02,0.31,137,2944,378.5,15094.18,6.8,4.1,1
273206,11512.12,9967,12,8060.13,8.24,17,2522,433.82,14378.02,6.1,5.0,1
94076,10756.96,6435,3,6640.19,1.23,36,1664,441.12,13838.98,8.4,7.1,1
99780,7637.25,17607,10,3895.73,4.37,83,1871,237.0,14517.2,5.5,7.3,1
162617,10254.82,2829,3,3623.59,1.41,95,594,438.66,13583.66,3.4,1.2,0
31689,8247.06,9827,12,3513.39,12.91,10,2920,354.32,7707.57,6.6,7.9,1
283318,2324.86,3270,4,3168.18,8.91,29,631,40.0,5365.18,9.6,5.4,1
360605,9275.93,24429,13,5569.73,13.54,72,2681,422.62,18796.09,6.4,6.0,1
398318,2496.54,5346,11,6826.7,10.36,147,823,127.6,10855.27,6.7,3.7,0
375177,7737.87,17151,11,19270.0,14.57,30,2122,346.52,25000.0,9.4,4.8,1
19348,8877.72,16776,3,11990.99,7.7,22,1640,336.17,22362.49,5.6,7.4,1
426930,2198.54,15133,8,19764.32,9.62,77,2622,96.89,21715.05,10.0,8.0,1
48102,3923.34,14128,6,8076.87,8.69,66,3140,160.1,16722.13,2.4,4.5,0
84460,11114.56,1069,12,9694.91,7.32,72,100,437.17,11158.63,5.8,7.2,0
374778,7971.3,2473,1,7166.99,12.7,52,596,327.38,20342.7,2.9,3.3,0
99930,4086.0,3322,0,4474.87,9.7,67,1189,226.26,6335.95,5.1,8.5,1
16801,8752.14,21344,8,3720.13,12.04,138,3500,403.83,10672.37,2.5,6.5,1
113150,7766.15,770,0,18956.5,11.82,55,238,251.55,24143.85,3.0,8.0,0
213339,6766.54,16820,5,19749.4,2.95,16,2353,319.93,25000.0,2.9,5.3,1
189208,11749.96,8141,15,1853.28,9.79,130,543,529.56,5057.29,3.9,3.1,0
164697,8676.26,9430,14,3856.57,3.07,13,2924,339.49,10815.76,2.2,4.9,1
223945,5442.13,7180,14,9046.96,8.79,11,551,243.11,13133.82,8.3,4.4,0
241915,9900.77,1757,1,4540.34,10.19,150,214,420.73,9688.41,3.0,4.0,0
213664,10788.12,8750,15,7913.73,14.96,62,1954,389.03,18455.23,4.7,2.9,1
218124,2814.82,5870,3,3452.83,0.56,44,666,93.49,4833.26,1.1,7.8,1
447477,3605.81,5358,5,9673.72,1.46,93,1662,181.77,19477.06,1.9,1.8,0
11542,3770.38,9081,4,6162.2,1.25,35,2662,126.02,17464.94,9.1,9.0,1
293821,8757.72,13991,15,7686.2,6.04,30,3500,399.08,19866.67,8.5,2.6,1
187804,7831.92,23883,10,2791.94,12.34,110,3500,378.53,12383.02,8.6,9.8,1
191415,7999.41,12936,5,9134.43,12.68,88,1629,377.16,13642.46,4.7,9.9,1
49081,11378.12,13370,2,19681.89,11.08,80,3500,554.12,23299.56,2.3,4.6,1
203928,9647.07,17004,4,7247.83,13.46,148,2833,381.35,20404.83,2.0,9.9,1
365249,2843.34,7408,1,17652.16,4.91,127,1926,122.59,25000.0,6.5,8.8,0
229930,5148.82,11344,6,17020.78,1.41,46,1096,221.99,21642.46,8.5,1.7,0
291209,6071.63,19187,2,19089.11,0.97,137,3500,239.85,25000.0,9.1,9.5,1
224532,5657.6,5361,0,16012.08,12.8,65,1885,253.41,25000.0,3.6,1.4,0
98092,8527.74,3411,13,13532.34,10.98,48,249,255.55,24540.04,3.9,2.6,0
326837,10864.88,9491,7,17275.1,10.51,39,837,444.84,24698.78,1.9,6.3,0
299106,4713.54,12072,7,2437.25,5.16,112,1172,119.67,15099.3,8.0,1.7,0
38295,7294.71,10798,2,9793.78,5.76,95,2043,243.66,21427.98,3.5,2.5,0
23807,9788.8,7736,12,19795.87,14.38,132,1139,428.2,19032.91,5.3,9.6,1
445564,5870.29,6065,6,15622.4,1.05,5,1832,224.86,25000.0,9.4,10.0,1
167504,3265.24,23415,8,19279.43,11.63,47,3500,165.49,21760.51,7.8,8.2,1
486501,6486.99,17993,7,15813.05,4.71,36,3500,248.44,20369.13,1.5,5.6,1
248067,2079.84,7429,2,17622.76,0.68,107,2044,138.51,25000.0,1.1,9.1,0
495008,11395.03,18134,14,14424.06,11.16,37,3057,443.85,22182.9,8.1,2.0,1
461070,2285.62,18533,12,15449.54,5.03,99,3076,40.0,25000.0,6.0,9.5,0
443478,6103.8,7851,1,10940.38,10.86,113,2254,255.42,15959.76,7.5,4.2,1
178152,7063.75,22795,12,18560.52,10.64,70,3500,174.11,21701.16,2.4,8.8,0
404540,11845.69,19840,9,16675.74,8.07,34,1276,401.19,15752.55,8.8,7.0,1
363411,3243.23,15401,15,17033.81,11.68,14,1588,85.58,21642.48,8.0,9.6,0
176981,2701.53,11138,6,13787.17,8.76,27,1380,57.68,22442.66,9.0,8.8,0
230411,1591.41,6328,6,6787.02,4.37,101,1047,40.0,11344.94,4.1,9.0,0
29870,3133.5,21878,8,1676.97,11.04,43,3226,73.24,9357.02,3.5,6.7,1
437794,3676.37,12056,4,18777.45,8.88,127,3141,76.76,19874.13,2.4,8.5,0
213196,8121.1,23320,3,12136.29,0.29,107,3500,401.94,21755.27,9.4,7.8,1
258683,3806.92,24498,7,6664.72,13.53,26,2882,118.37,8118.43,2.6,2.5,0
244677,1715.47,18599,13,3833.57,8.23,9,3500,40.0,14236.84,2.1,6.8,0
36790,10179.49,8650,3,16760.94,13.04,143,1473,389.13,20334.97,2.7,2.3,0
128874,5338.75,10607,15,16893.88,13.25,143,2246,157.31,16055.85,7.9,8.8,0
297433,5213.82,20367,3,16475.65,6.73,143,3500,164.3,25000.0,9.0,1.6,1
458345,4676.03,24559,11,13256.57,7.66,149,3500,222.56,18945.64,8.3,9.9,1
234786,11741.42,2257,13,7954.29,6.29,87,266,447.25,16154.58,6.1,4.6,0
497462,3286.21,18693,11,6777.34,6.8,36,1610,73.82,16938.27,9.9,2.5,0
25485,10931.5,22423,1,1162.54,13.44,65,3500,459.57,11446.0,1.6,9.4,1
316626,9656.43,22932,12,16838.54,11.84,29,3500,443.75,24971.97,8.8,1.4,1
96188,2303.04,11699,14,2661.22,1.99,68,1274,118.97,14038.64,4.8,5.2,0
14748,11860.66,16795,0,12984.34,9.19,95,1598,351.75,20046.44,5.1,7.9,1
227841,4349.34,13307,3,10577.42,14.94,146,3030,118.22,15215.23,2.1,3.9,0
150507,2535.12,18035,6,11007.1,8.97,46,2708,103.78,13966.53,1.3,5.8,0
275853,10207.8,5992,11,18607.54,11.81,43,2152,396.1,25000.0,3.8,7.3,1
133961,8920.09,23595,15,1600.69,11.56,6,3500,340.44,15889.57,2.6,9.6,1
40355,7980.8,6802,8,15694.45,5.32,85,841,270.09,19205.18,5.4,1.9,0
196843,3137.8,16429,15,1989.0,5.64,5,3500,55.23,5051.24,2.3,2.4,0
461015,6524.21,5247,8,1724.92,10.89,113,699,361.36,6272.92,2.2,5.6,1
416332,9695.84,14738,11,9166.54,7.55,129,3069,389.19,18051.91,8.9,4.8,1
166542,4688.05,8902,9,2198.43,8.6,68,1823,219.63,6006.88,9.3,4.7,1
183416,4772.74,11186,14,15993.74,10.72,86,2193,191.22,24936.58,9.7,3.7,0
315062,1532.98,5181,0,11061.7,11.69,82,1548,63.64,22848.75,7.1,6.0,0
324368,3329.56,19391,4,1551.74,4.15,115,2424,130.08,15768.86,7.9,8.9,1
49298,10691.76,19847,6,1769.51,2.29,146,3500,371.65,3536.84,8.5,2.4,1
352363,6138.34,3928,12,12640.7,4.45,20,1168,169.81,24568.56,6.9,2.9,0
71629,11834.46,7994,6,16316.12,7.66,58,1279,492.69,24675.42,4.0,7.0,1
338184,5654.93,4455,9,9318.19,5.2,145,509,235.59,10547.21,2.4,1.5,0
240907,9009.46,20589,15,11537.03,8.57,128,2962,407.29,16627.75,3.1,7.1,1
300160,4460.15,14526,5,16196.76,0.9,84,2321,215.17,24058.0,8.6,3.8,1
33960,5320.0,20922,15,12599.62,7.7,83,3500,172.37,24516.61,7.3,4.2,0
305735,3502.62,9744,10,5270.44,5.58,131,720,196.73,8350.19,5.1,4.6,0
223920,5144.15,1213,9,12647.99,8.07,27,406,244.02,13778.92,1.3,4.1,0
375477,7245.99,24144,3,12937.31,6.4,42,2163,324.38,18490.36,3.4,8.6,1
252804,11913.62,11580,2,14948.03,4.33,81,1665,589.01,25000.0,7.6,9.5,1
386965,8474.12,23895,11,12796.61,13.57,36,2217,441.16,24865.22,5.6,5.9,1
470857,3592.08,9021,12,19415.6,2.85,116,1236,178.18,20495.37,4.9,6.2,0
308539,1972.1,2246,8,4748.48,10.25,110,699,107.14,9950.3,3.8,1.6,0
139695,2826.74,18091,14,19070.72,13.88,95,3500,167.15,25000.0,6.5,7.4,1
425916,7406.83,17668,11,11228.45,8.13,102,2265,267.08,20535.7,9.7,6.3,1
306764,9534.18,3196,12,13767.17,13.16,49,1028,352.88,25000.0,9.1,1.5,0
244286,11374.4,12512,9,2889.77,1.96,53,3500,488.65,15922.74,1.3,2.8,1
138148,1666.14,15188,3,8230.94,7.46,8,3500,40.0,11381.0,5.3,2.8,0
292703,6988.98,23957,7,15618.2,6.91,150,3500,309.2,24371.01,4.0,2.5,1
496261,6444.11,5536,12,14431.31,0.22,68,1361,265.61,14176.4,5.6,6.9,1
365540,8388.58,7627,0,1762.65,6.7,112,1605,292.73,14041.95,6.5,9.4,1
202714,7375.58,4218,6,11385.29,5.6,125,726,296.32,18928.47,2.8,7.9,0
217611,8713.91,22659,11,2677.29,10.08,94,2881,413.81,16571.14,8.0,5.3,1
293876,8409.87,8410,5,19921.27,14.08,60,1911,340.51,25000.0,5.3,4.6,1
269747,2728.62,3193,12,18048.64,1.38,24,1044,113.47,17099.51,9.9,4.5,0
101362,9897.04,17509,11,1400.53,4.98,81,3500,412.33,5207.2,1.2,6.4,1
433570,2793.94,16358,0,17314.34,6.72,91,3500,134.72,22146.16,2.7,4.2,0
285987,8834.57,20592,14,18469.16,6.88,142,3440,336.84,25000.0,7.2,3.0,1
124065,5869.53,23743,3,7717.42,11.64,119,3500,252.29,18761.72,7.3,6.4,1
343870,6895.43,16432,11,14670.53,6.71,98,3500,223.36,25000.0,6.2,4.5,1
27640,10984.63,8192,14,9399.97,0.5,137,2139,399.43,17555.07,9.7,1.1,1
62528,10843.78,6898,13,13449.42,10.68,118,1749,400.19,16094.86,4.7,1.2,0
310557,10087.49,7752,4,7466.03,13.28,13,981,426.99,8299.21,4.8,3.5,1
269214,6856.56,12221,10,7128.63,7.76,47,1260,282.27,10600.95,9.2,5.6,1
324782,9230.52,18439,7,9064.24,8.76,8,3500,362.5,18029.94,5.8,4.2,1
455952,6885.42,12325,14,3765.79,2.53,69,907,309.96,17054.2,4.2,1.2,0
120133,10630.86,4687,3,16791.64,3.39,102,939,444.18,19605.06,7.5,3.0,1
378501,5729.15,24651,2,7625.26,3.6,59,3500,214.67,19484.36,6.6,1.9,1
209938,11687.47,536,1,8602.84,6.52,150,100,415.74,14015.95,3.8,9.5,0
160159,11289.39,18671,3,17987.04,13.93,148,3500,410.59,20397.16,3.7,3.8,1
182502,9286.83,6783,10,10435.85,7.87,91,1924,298.13,16963.66,4.6,1.1,0
165576,4433.87,15702,9,11340.82,2.96,94,3500,184.38,16822.21,1.6,6.9,1
410330,2882.36,8560,13,19173.46,4.06,48,1529,72.19,25000.0,9.5,3.1,0
351003,10474.39,8565,12,17847.8,5.82,9,1964,394.21,22365.58,2.6,6.1,0
371801,3235.67,4380,3,4219.87,9.39,33,1435,123.05,8981.26,2.7,2.4,0
414191,10469.74,6432,12,9991.09,6.66,130,2304,470.99,20946.22,6.8,9.9,1
21023,6653.03,8828,9,19454.63,5.95,8,3097,312.56,25000.0,7.5,9.7,1
31447,5768.85,6833,4,8074.96,8.51,103,1881,228.02,16886.2,7.6,6.9,1
493685,10983.5,22643,12,8059.89,3.7,53,2332,502.62,11703.91,4.4,7.4,1
398043,7840.44,23369,6,4705.57,1.28,89,1565,213.0,8869.05,8.9,4.8,1
296103,7554.45,14370,8,3172.14,0.46,140,3500,396.04,5287.9,5.9,9.7,1
76203,7367.04,11768,1,15065.79,3.84,126,3500,329.31,15057.44,4.9,4.8,1
391300,5397.28,5567,4,15630.58,1.46,120,1581,221.03,25000.0,8.3,3.2,0
170775,9749.25,16116,15,19411.25,5.11,137,2320,345.4,18783.33,3.2,2.0,0
19337,4154.38,12575,10,15694.95,11.62,89,3168,144.27,20852.43,8.7,2.9,0
56427,11358.4,17545,9,5623.7,10.77,65,2717,484.8,15574.54,5.8,6.1,1
333673,10886.84,8473,8,1762.21,9.2,140,1654,467.08,14464.38,9.1,3.2,1
374167,5043.54,23270,11,19723.31,12.8,90,3500,235.16,20005.17,2.8,6.9,1
356809,9159.37,10502,13,7468.56,4.3,22,3500,329.95,13665.97,9.4,4.4,1
115787,7518.84,8387,12,6927.46,13.29,136,1092,254.26,10811.21,7.2,9.0,1
172993,5045.32,914,2,18213.15,6.05,8,213,211.57,19896.22,6.6,6.0,0
305451,11879.48,7350,0,12116.9,6.07,131,1237,513.67,15643.43,4.8,6.6,1
430571,1764.99,3229,1,5082.55,6.14,147,836,70.76,13698.55,9.6,6.0,0
137016,4152.78,12429,13,17892.83,1.56,52,2851,240.19,16529.77,5.0,9.0,1
276979,6960.78,15488,5,19873.86,14.63,50,3500,280.09,23213.05,5.5,1.6,1
30159,6980.51,4397,15,2646.89,2.16,50,398,279.18,6546.3,8.0,1.6,0
188677,7683.8,2669,4,17382.78,5.18,52,337,340.88,25000.0,3.6,7.3,0
393934,9392.6,14063,0,8419.8,4.86,124,3500,436.67,16311.32,3.6,7.9,1
377760,8046.52,18762,0,10957.38,1.21,136,3201,254.4,22051.15,8.0,4.9,1
441304,7802.96,23338,10,18381.5,2.37,23,2561,256.22,19249.17,2.2,4.2,1
350896,2061.9,13388,3,19494.2,0.77,23,2825,66.81,25000.0,8.4,3.5,0
327428,5453.57,5070,11,5981.11,4.46,46,1296,376.09,12177.06,6.6,3.1,1
329187,3936.59,2015,14,5044.16,13.01,96,148,144.39,8345.36,5.9,9.2,0
176619,4286.39,17458,3,2529.81,5.16,9,2575,165.37,13920.04,3.1,3.7,1
369151,7320.54,13134,14,11674.16,1.94,52,3500,323.74,21245.47,8.1,6.8,1
92844,3594.81,19751,5,1258.48,9.72,30,3500,192.64,15953.33,8.2,8.1,1
37532,4586.47,14298,5,8826.07,14.95,78,1010,191.95,19213.04,5.3,1.2,0
175421,3989.39,20428,15,2394.3,3.56,113,2954,217.79,5803.91,4.5,1.3,1
132402,11459.28,4977,9,8699.29,4.27,139,1253,398.67,13152.51,3.2,4.0,1
128012,11418.99,16955,13,1758.71,14.58,91,2031,418.46,9279.42,7.8,7.3,1
448661,7904.39,19864,5,16869.13,2.76,77,3500,374.3,17141.79,6.8,3.3,1
408929,11207.49,22376,0,4985.04,7.72,60,3500,448.85,16232.54,2.9,1.0,1
66178,9751.03,10051,9,7237.87,3.67,135,2024,326.92,14637.38,8.2,3.6,1
59407,7694.45,21643,8,17530.91,13.99,130,3500,241.65,25000.0,8.9,1.8,1
473556,1567.57,24968,10,15179.06,14.72,145,3500,40.0,21804.25,1.5,3.0,0
60990,9611.42,14679,6,5161.73,12.24,63,1916,384.56,12927.07,8.0,4.0,1
478888,8876.13,539,6,2366.09,4.79,42,139,378.41,4821.4,8.7,2.2,0
139473,7960.16,10722,10,14597.8,6.11,89,2487,301.95,15619.74,9.9,7.4,1
468761,9484.46,22257,6,8423.35,3.71,87,3500,398.63,19782.52,3.1,3.3,1
488007,6885.68,24449,1,15555.52,13.37,90,3500,253.57,25000.0,4.3,6.9,1
330285,8892.87,16616,1,9460.6,13.73,5,2982,416.91,14965.81,9.7,6.4,1
427009,11319.31,18784,5,7574.05,6.34,141,2768,580.36,18590.36,1.8,9.1,1
328714,5445.95,19101,6,9572.9,9.88,132,3500,198.21,17816.93,5.7,1.8,1
236156,8935.28,16549,2,15222.62,2.57,57,3500,381.41,25000.0,5.6,2.9,1
178964,6494.72,5296,12,18142.19,6.58,92,1018,279.71,19609.54,6.5,8.8,0
11015,8581.2,5106,3,1945.58,9.51,142,916,350.18,10639.33,4.0,8.4,1
71813,9510.38,18167,13,10958.12,5.84,88,3080,413.08,16080.84,9.3,2.7,1
37712,1977.25,9275,11,1623.87,5.43,81,1345,103.03,10341.4,3.4,2.0,0
110497,8289.3,15364,2,9899.78,0.11,33,1317,308.02,13414.98,6.8,8.7,1
411631,3880.78,14693,6,17820.37,12.08,40,2064,221.06,22727.0,5.5,2.6,0
252926,8535.34,15176,6,7870.22,13.35,31,2373,351.5,16418.63,3.4,8.8,1
122816,6417.47,10957,3,18716.56,14.55,150,2458,237.46,18029.05,2.7,9.7,1
138778,9622.3,17699,12,12981.56,10.82,22,3500,507.05,22044.08,9.6,3.0,1
72292,2795.71,16544,6,18748.95,8.28,122,2957,106.02,25000.0,6.1,8.6,0
295977,8076.38,15566,4,15386.17,4.11,141,3500,335.8,25000.0,6.4,4.8,1
145230,4423.94,19395,0,2965.27,14.99,71,3500,185.73,9908.35,8.0,8.1,1
203752,10456.31,746,9,5391.88,8.89,139,265,411.76,7115.2,1.7,4.7,0
292453,11248.03,21709,3,8489.24,10.25,62,3500,472.35,14790.39,7.4,1.6,1
279114,11962.18,7016,6,4232.03,10.27,34,1719,436.24,7174.54,2.5,7.4,1
344618,9858.08,17300,12,10403.32,12.69,77,3500,424.15,18739.46,7.7,2.4,1
489920,9414.21,13842,15,9955.99,0.24,127,1368,288.65,10577.5,2.3,9.3,1
318684,3762.76,23586,15,19168.92,3.38,86,3500,85.61,22197.09,8.5,4.8,0
161456,5028.07,20601,14,9240.83,10.02,21,3500,292.41,10469.62,7.1,1.7,1
290161,6389.67,16991,1,15926.91,13.44,138,3500,192.78,14785.29,4.5,3.1,1
348024,9620.5,9530,1,18896.3,10.31,43,2554,286.82,25000.0,4.2,8.8,1
115570,11107.14,21397,0,17662.79,6.26,63,3500,382.71,25000.0,2.3,3.9,1
280846,3485.96,1921,1,4964.68,5.49,106,417,226.44,13193.28,9.1,8.7,0
403600,11184.86,13470,9,10424.57,11.1,42,2418,357.8,13446.08,2.1,2.6,1
10404,8804.06,7783,13,7607.06,11.14,108,2142,304.37,19929.94,5.2,5.2,1
444159,7913.09,16445,7,8597.32,9.15,13,3500,243.61,20877.33,3.1,8.9,1
188998,3598.33,755,10,7855.33,4.44,5,236,130.23,19392.88,10.0,1.4,0
432405,2083.01,24132,7,16700.82,13.88,106,3500,61.52,22437.47,6.3,3.7,0
284907,7468.88,11519,7,9590.64,8.32,91,739,274.72,10643.64,2.3,9.2,0
159456,8340.91,15987,14,10950.19,11.88,127,3500,426.44,11909.86,7.0,6.4,1
201172,3713.21,9529,15,19666.5,3.29,51,1358,88.57,25000.0,9.9,7.4,0
370286,7342.79,19846,0,2139.61,5.23,80,3500,288.6,15097.44,6.4,8.6,1
150932,10493.18,2782,0,10271.2,13.13,14,331,436.66,15864.12,5.1,5.7,0
245365,10268.19,9244,11,15707.17,0.85,148,1774,361.72,18831.75,3.6,8.6,1
352786,11237.23,18361,9,3872.08,7.73,47,3500,473.82,13471.27,1.8,6.7,1
60612,5341.8,21836,3,12619.1,7.28,140,3500,193.68,22586.12,3.1,7.2,1
295718,4839.52,22764,5,5549.83,11.29,79,3500,212.3,15951.77,6.0,2.4,1
295668,9368.97,10419,7,17480.68,4.3,109,2746,369.36,23987.38,7.8,9.5,1
210244,6026.68,13835,12,7214.89,3.36,30,3109,138.54,10781.56,8.9,8.2,1
283060,2419.26,22476,1,7252.19,13.9,11,3208,162.08,11214.32,8.1,3.3,1
14809,4469.41,23975,12,12365.68,8.62,83,3500,282.3,21305.42,2.1,6.2,1
173273,5895.11,1091,15,4487.7,1.66,19,132,226.97,16024.22,8.0,4.4,0
194402,4571.42,6777,2,6412.88,2.98,135,1818,137.96,8640.06,6.2,6.9,1
154528,4988.16,2760,5,8916.01,14.98,148,168,274.83,11567.67,5.2,9.9,0
459613,4584.65,11639,9,7719.12,3.01,93,2614,277.91,17021.41,6.2,1.4,1
393432,1935.74,847,3,10972.67,9.2,101,153,68.99,15834.96,1.1,9.6,0
48765,8189.49,21916,11,12393.16,6.36,146,3308,316.65,19237.34,1.6,1.7,1
438032,7771.57,4943,1,11766.68,13.3,7,1061,306.87,19405.94,5.7,5.1,1
317250,8360.53,11588,6,13429.2,11.35,77,2939,250.69,22834.01,2.6,5.3,1
326076,3519.25,9274,3,6847.24,8.99,35,3242,126.21,17952.11,5.9,3.4,1
420316,4604.37,7369,7,3402.1,0.26,123,2284,269.92,8362.93,4.2,6.1,1
329235,8005.97,22580,7,15455.34,13.21,79,3500,311.8,21401.13,9.2,8.5,1
31949,7796.09,19922,6,17164.83,6.73,21,3500,259.84,17337.68,9.5,3.6,1
211152,6816.47,3345,9,5883.12,13.98,7,594,297.49,17652.69,9.8,1.6,0
309888,5179.34,24748,8,8734.75,7.48,127,1726,173.81,19978.62,9.1,6.7,1
186615,11085.78,23493,3,10472.82,10.44,59,3500,440.11,14271.83,9.9,7.8,1
380463,5067.59,12886,6,11133.21,1.13,115,3500,139.26,12994.63,7.4,9.6,1
102193,6284.0,1765,9,13530.31,11.2,104,309,199.53,13735.44,9.6,2.4,0
46187,8620.2,12945,9,1790.46,5.14,44,2569,381.69,10907.06,6.8,9.1,1
148311,7201.73,13438,14,14708.06,5.34,126,1902,293.86,14955.01,8.3,5.3,1
396598,5142.3,11659,11,2177.45,1.87,44,1658,166.89,12589.69,2.2,3.1,0
286633,6074.27,2774,0,9897.48,2.29,34,218,248.95,18733.63,7.1,9.7,0
199089,9842.05,19354,3,16725.75,2.87,29,3500,363.32,23362.44,9.4,3.1,1
71877,4420.36,10982,1,9573.09,4.99,11,2135,137.63,21053.76,5.9,7.6,0
446341,2993.68,19461,8,3832.71,13.39,96,3500,177.95,9983.82,2.7,8.1,1
322066,4788.21,20544,15,19715.64,5.59,109,3500,230.67,25000.0,5.7,4.9,1
104074,10420.11,1568,4,17896.42,10.89,127,470,415.74,16797.17,7.4,7.2,0
173121,2434.39,22475,2,15654.96,1.33,85,3500,104.59,15989.81,7.9,6.2,1
47131,11912.81,15206,3,8818.72,8.91,100,3500,476.09,14413.65,5.7,2.7,1
446160,7180.53,6474,5,4493.07,7.28,5,1358,311.57,13316.37,3.0,7.8,1
125765,11840.88,11428,9,18886.81,14.67,95,1899,433.66,17530.33,9.3,9.4,1
346107,11359.46,21713,0,11114.67,12.71,11,3500,497.5,18268.38,8.0,5.4,1
116884,6254.54,2450,6,17194.75,6.88,124,187,267.86,19751.98,3.4,9.9,0
135917,3584.16,19977,7,7499.81,11.65,135,2113,130.21,19532.76,8.3,4.9,0
296429,3231.29,10911,6,7370.48,2.98,98,2028,104.86,14829.08,4.1,5.3,0
309770,4019.89,22195,6,19725.27,8.48,133,3500,202.85,25000.0,3.8,7.1,1
183880,8956.39,13888,8,10914.83,1.21,102,867,350.73,23024.95,8.8,2.7,0
491680,4365.97,18271,12,3673.21,5.29,47,3500,139.69,14872.79,8.9,9.1,1
457087,5084.97,4774,3,5173.82,3.47,57,1087,184.17,11836.61,4.6,8.2,0
291342,6212.18,2785,13,10156.94,10.81,106,572,286.95,16324.99,1.1,8.9,0
422974,11088.94,20090,15,1806.95,7.4,143,3500,363.03,11868.57,2.7,6.5,1
25254,3488.63,19808,6,9788.15,11.29,5,3500,121.77,12433.11,9.2,9.0,1
54238,1552.78,7545,8,8959.88,7.78,18,819,115.64,10320.36,9.1,7.1,0
11252,2131.01,2118,14,15807.39,1.39,126,196,76.83,18691.99,5.1,5.6,0
311908,11000.05,11479,4,7743.9,11.06,25,1686,453.64,18314.1,3.7,9.4,1
349853,8298.92,9062,1,19668.43,12.52,38,2473,386.3,21079.95,3.7,5.0,1
440657,4366.93,22780,14,4434.63,13.56,109,3500,219.29,7247.57,9.1,5.5,1
495450,3360.52,12526,4,12228.75,8.62,18,2556,112.42,14630.29,3.9,2.5,0
325826,4589.8,8343,3,2704.29,11.33,126,1931,177.07,12990.08,5.6,9.5,1
331638,2705.37,10395,7,14943.42,11.31,86,2368,153.45,21936.06,7.6,3.0,0
91317,11386.1,23947,15,19900.32,2.42,64,3500,502.42,25000.0,2.9,2.8,1
337359,9734.16,12466,14,16563.63,2.55,141,1112,384.96,19436.36,3.3,1.9,0
88587,6355.11,18232,4,11558.37,1.16,119,3500,251.53,22957.83,4.2,5.1,1
16949,10582.11,22440,8,10210.09,4.87,37,3500,436.67,16041.09,6.9,3.5,1
248897,4119.31,5789,8,16865.57,7.16,53,1559,233.12,22170.73,8.4,7.7,1
327537,9029.77,19306,2,18783.51,14.97,8,3500,414.57,25000.0,5.9,3.8,1
214625,10489.39,20512,12,19794.92,6.52,127,3500,454.24,25000.0,2.2,7.5,1
148013,5246.07,19312,9,8534.25,10.92,20,3500,155.91,17427.46,5.0,2.8,1
35934,9453.38,3533,14,19827.43,10.43,30,269,364.39,25000.0,2.1,3.1,0
426602,4598.26,23041,5,3962.6,3.15,74,3500,172.82,12209.68,1.8,8.3,1
266434,4638.0,9360,5,5817.45,0.97,41,1420,256.44,10648.64,6.3,4.3,1
465102,2624.1,8313,3,2691.31,8.24,11,843,93.02,8249.26,9.6,2.0,0
347889,6120.61,18298,10,6163.03,10.53,34,1581,307.5,14196.65,8.5,9.7,1
486467,9161.98,14360,12,15590.81,14.97,78,3500,337.94,22338.12,8.0,2.6,1
366600,11372.32,23592,9,17205.56,5.44,125,3500,430.35,21479.47,7.5,2.4,1
325557,7839.87,14794,2,15798.96,13.46,10,3500,337.67,25000.0,9.1,4.2,1
460016,10562.92,23519,0,12990.25,5.79,28,3500,500.92,17939.25,7.8,1.9,1
369383,10136.19,4121,11,10765.36,10.37,125,679,394.86,14166.8,6.6,2.4,0
314462,3320.1,22199,6,14465.38,9.01,147,3500,40.0,13676.07,4.3,8.6,0
260875,6601.08,17638,14,8425.84,0.89,89,3500,185.83,21358.07,1.9,2.5,0
473389,2727.7,2847,14,16984.86,1.27,137,1007,124.01,25000.0,5.1,2.0,0
80390,8662.61,15382,4,13866.61,0.41,93,2364,272.76,21095.56,9.3,8.9,1
193401,11473.95,17610,13,14258.29,5.63,40,3500,415.68,24203.68,6.2,5.0,1
263490,2939.44,5423,9,11182.78,11.21,92,567,118.19,21479.98,2.7,2.4,0
53088,9205.77,19533,14,17819.35,2.67,49,3500,245.76,25000.0,6.8,6.2,1
257940,8138.5,16111,6,5788.28,9.13,14,3500,306.55,11649.5,5.2,1.4,1
375340,7627.85,15867,0,8241.81,4.4,58,3500,246.87,15806.53,9.4,4.8,1
443027,5596.26,19699,7,15775.21,11.98,74,1351,148.89,15902.33,2.4,6.3,0
327623,5228.88,9566,2,10362.23,12.0,89,798,169.05,22838.88,7.4,9.6,0
226464,1975.12,3779,6,17895.07,11.65,36,306,40.0,25000.0,7.1,3.9,0
228441,3788.04,19868,11,7581.59,7.92,47,3500,175.0,18323.37,9.9,7.9,1
292107,1659.36,4307,2,8017.27,4.34,122,1037,126.2,14317.39,6.1,2.2,0
327267,7604.88,24760,13,17885.98,12.16,125,3500,285.97,22764.15,8.8,4.9,1
135911,2611.46,22983,2,9823.04,2.87,19,3500,74.65,15518.2,1.2,3.0,0
374612,10666.7,14465,9,10806.37,4.42,70,1163,405.96,14458.13,2.1,5.4,0
233777,6993.0,16623,8,7322.51,2.84,147,2042,224.31,14719.3,4.1,4.8,1
345621,8846.74,17491,12,6256.73,10.15,119,1092,289.43,7700.17,6.6,9.8,1
286532,5814.0,23053,1,13463.03,10.32,85,3500,150.28,25000.0,5.0,9.3,1
15569,7386.09,24674,13,3276.97,9.82,24,3500,228.97,10134.23,2.8,6.2,1
79836,11397.92,22457,3,17706.18,6.29,10,3500,537.52,25000.0,6.3,2.6,1
114573,2368.71,1134,5,15804.86,1.59,83,208,60.23,24059.42,6.1,6.0,0
439802,4166.35,13271,13,4624.22,13.68,129,873,40.0,9468.63,5.7,8.1,0
268090,9689.88,17958,2,14186.38,7.67,149,2342,358.24,16235.79,1.8,1.3,1
153087,2536.74,18798,11,12450.03,6.16,124,3500,40.0,24903.8,9.3,4.9,0
55002,2294.44,14840,9,4506.17,8.87,30,3500,94.75,15642.58,6.3,1.4,0
257666,5296.18,1088,13,6190.87,2.97,26,100,209.43,10198.3,3.4,3.2,0
147326,2467.76,3731,9,8770.74,2.07,68,360,101.5,9893.38,7.2,1.8,0
420360,7643.32,6851,6,14285.61,6.14,62,1853,303.7,22488.4,3.9,9.6,1
165286,3875.89,4338,6,13135.74,3.49,41,1129,136.4,16447.81,5.6,2.5,0
221791,10904.83,2473,14,11112.46,3.74,82,334,363.4,13767.27,4.1,2.4,0
212846,9726.75,14846,4,15599.8,13.4,125,3500,385.34,24034.03,8.9,9.7,1
147162,8846.9,5544,2,15400.82,8.01,32,547,404.82,23151.05,9.9,5.6,0
152709,7977.91,10747,1,12739.32,7.3,53,3500,409.8,18449.82,2.5,7.8,1
163487,10566.39,12172,14,15952.81,10.37,71,1464,410.76,25000.0,1.2,3.9,0
34071,3842.15,10771,14,7351.0,14.28,107,909,147.21,16716.1,3.0,5.8,0
68243,10667.64,22987,3,17743.74,1.77,130,3500,451.73,25000.0,6.3,1.1,1
397971,9789.67,7183,13,12683.29,12.52,97,836,466.25,14623.82,2.6,4.7,0
380359,9355.69,22721,14,16624.91,8.8,91,3500,349.91,19156.32,8.3,6.0,1
182312,7393.18,11744,12,11379.3,2.28,91,3125,330.36,12462.2,4.7,5.6,1
267218,4085.56,7283,3,5150.33,4.53,59,1510,122.28,10079.8,6.5,4.7,1
224879,5947.25,6094,10,11305.79,7.29,143,1573,254.38,23677.75,5.1,8.1,1
373714,9832.49,4322,7,8051.12,10.4,17,732,441.83,20958.03,9.1,5.5,0
436650,1833.67,3889,7,14252.48,3.71,132,266,40.0,23287.01,1.3,6.7,0
341868,9711.53,6414,12,10040.08,8.07,68,2259,362.2,16805.69,7.6,2.7,1
387503,4020.74,18664,4,16886.14,10.3,55,3500,208.57,25000.0,6.9,8.8,1
347841,3015.25,4188,12,13883.38,6.79,80,344,151.42,20302.03,6.8,4.3,0
38732,2714.86,15183,5,14006.34,12.96,26,2957,160.39,13250.68,4.7,5.3,1
131465,1786.13,13580,7,5125.95,13.05,64,3402,113.87,12620.87,1.1,4.2,1
414530,6997.66,10416,14,19700.75,7.11,134,1221,262.85,25000.0,7.2,9.0,0
427170,3791.73,24095,0,16991.83,14.6,60,3500,261.63,19048.19,8.5,9.1,1
67108,11889.03,5537,4,15991.09,1.23,101,1219,482.41,17435.69,1.8,3.0,0
490260,7531.59,13953,3,7274.09,0.15,7,1709,148.48,11378.79,5.0,7.8,1
490721,2947.8,23203,15,11177.0,5.77,59,2375,103.79,19048.76,2.5,1.9,0
121195,8732.01,9140,3,3604.96,9.06,88,2629,325.82,6782.8,6.5,1.3,1
375225,10926.31,581,10,11231.04,9.48,32,100,476.81,20349.1,8.1,8.5,0
46668,9324.38,6778,1,3771.9,7.2,128,903,350.42,10512.29,7.0,2.2,1
295205,2302.62,16578,9,11507.72,1.96,12,3500,147.05,15799.7,3.9,2.4,0
351396,10906.78,23883,0,13325.72,2.64,7,3500,464.18,23154.58,2.3,6.5,1
49749,9836.26,16036,13,8413.72,12.8,98,2292,343.45,15309.8,8.1,8.4,1
140560,3162.19,18290,14,10472.35,13.03,93,3500,119.47,15297.09,3.9,2.7,0
376824,2043.75,7910,5,17637.41,10.14,98,2108,42.97,25000.0,1.2,2.0,0
157979,7351.76,16426,6,3062.7,10.0,93,2689,303.31,9237.43,6.1,1.7,1
159849,3138.38,16000,4,16042.92,9.01,63,3012,86.46,25000.0,3.2,1.2,0
234301,10263.21,1980,15,4244.34,3.12,32,550,414.25,11950.06,8.6,2.0,0
61745,5262.51,9771,14,1697.45,6.48,66,1206,196.89,6062.05,2.3,9.5,1
380608,11085.37,4098,7,4525.92,10.47,55,822,435.8,13587.37,4.9,1.9,0
101865,7439.73,15532,8,15535.82,8.11,11,3500,400.14,18137.86,3.3,6.4,1
384572,3418.06,8493,10,8697.4,0.38,27,1884,118.7,10870.94,7.2,9.3,1
222890,2965.79,21067,10,17577.89,14.31,50,3500,40.0,17187.19,5.9,6.7,0
33624,7552.96,20564,1,10969.44,12.69,82,3500,352.91,13917.62,8.1,1.3,1
33321,9499.78,11395,10,1422.76,3.98,110,1365,430.39,12713.42,5.1,6.4,1
413704,9705.81,15867,12,14617.56,9.29,32,2905,289.29,24588.04,1.0,9.1,1
294718,4395.45,8144,3,3094.43,13.86,28,1788,140.77,15677.91,2.9,3.9,0
408456,3644.59,21194,10,15998.21,1.53,11,3500,167.57,18310.5,10.0,3.8,1
184293,1675.94,12448,8,4193.95,7.6,116,3189,93.25,13947.81,4.6,3.2,0
413694,8631.59,18642,4,7563.48,6.9,83,3500,345.03,11045.39,6.6,5.5,1
269127,2303.97,3099,2,15464.16,6.21,7,1092,93.05,22467.24,9.1,3.1,0
196717,5917.99,22500,5,19130.4,12.55,6,2078,189.79,25000.0,1.2,7.5,0
422478,7817.66,6313,14,8057.25,5.77,11,770,192.71,8977.42,6.9,6.8,0
390975,11339.64,4353,2,16758.6,1.05,125,707,556.06,25000.0,3.6,4.6,0
193868,4773.92,19176,13,4625.05,1.08,25,2465,142.52,16452.18,3.5,7.5,0
145504,4122.61,2001,4,16336.42,0.74,141,496,173.73,24970.74,3.0,1.9,0
105257,8368.68,8922,2,13492.39,6.2,144,641,326.8,21781.63,8.4,7.7,0
74291,8002.01,8050,5,4662.13,10.8,28,912,364.94,15743.26,4.4,6.4,1
220176,4987.15,4750,11,6747.58,3.14,37,703,205.23,20327.8,1.6,6.7,0
200471,11245.07,7491,15,3503.65,9.73,47,1985,457.47,14815.41,1.9,1.6,1
399744,10371.05,16998,9,8276.37,10.34,86,3500,283.13,13191.91,2.3,6.6,1
482930,3851.82,4906,4,4869.32,3.9,122,1470,112.41,13876.44,9.1,5.4,1
322572,4011.0,19231,13,13235.96,9.05,9,2204,197.67,16968.77,4.8,5.4,0
228803,6879.15,1541,8,19895.6,10.3,127,354,307.9,25000.0,9.2,3.9,0
403518,9622.51,7427,15,1228.17,7.05,75,513,337.32,14684.35,8.4,1.1,0
485774,1962.42,16895,2,11277.48,5.12,93,2588,40.0,18401.05,8.5,4.8,0
403271,8780.02,24864,5,11899.67,9.33,146,3500,357.53,21676.29,3.6,4.6,1
121317,8306.48,8371,7,18369.97,14.67,120,1649,186.92,25000.0,3.4,4.8,0
149789,3930.54,6875,6,10614.1,6.46,39,722,99.79,13658.08,6.0,6.5,0
399593,8654.21,23982,15,11330.33,5.94,112,3500,434.18,18597.53,4.8,3.7,1
300843,11371.92,4176,5,9961.4,7.02,83,499,527.13,16231.43,5.6,3.4,0
83686,1991.25,22993,13,6109.18,1.24,15,3500,104.01,16918.03,1.5,5.5,0
77661,4856.35,13517,14,2064.55,8.34,79,2789,209.62,8579.71,9.7,6.3,1
54247,6100.86,22281,1,8764.5,5.0,48,3500,146.53,18228.34,1.5,6.1,0
255121,10942.23,3565,15,1999.24,1.91,149,1216,400.66,8838.3,2.6,8.9,1
157820,11603.75,2536,14,11459.36,7.05,129,580,449.39,12611.46,7.1,7.9,0
377257,6163.21,3546,6,6838.58,0.15,89,1109,210.56,8863.44,2.4,1.5,0
276765,9375.3,17424,7,11138.45,6.09,12,3500,357.5,12458.49,2.0,6.1,1
156106,7082.44,576,0,3551.64,1.68,83,149,348.26,5264.07,2.4,4.8,0
268930,7146.72,19951,14,18719.97,0.46,122,3500,258.78,23904.63,1.6,4.2,0
408342,4420.04,16380,8,17995.9,12.38,126,993,159.75,25000.0,3.3,9.6,0
146194,3778.04,16907,3,4609.93,13.75,78,3500,188.1,7335.41,3.4,5.1,1
290174,4524.06,22018,7,7525.44,3.19,32,3500,109.99,15974.51,5.5,7.5,1
354982,7341.44,17559,14,12656.36,8.14,144,1674,251.65,19895.71,4.9,9.7,1
356861,1806.13,23552,9,2818.04,4.24,124,3500,40.0,6166.65,5.3,2.4,0
458874,11026.11,4767,6,7736.79,7.45,112,1338,443.82,13442.51,6.5,1.5,1
48638,3140.98,6488,13,5771.13,6.61,131,2261,108.39,16433.67,3.1,3.8,0
339211,3810.93,24536,12,18394.82,4.11,67,3500,136.77,16933.68,2.2,1.4,0
128033,6941.9,9180,9,17197.7,10.54,105,2045,244.43,17668.48,8.9,2.1,0
115977,8956.21,1985,6,12016.82,1.98,97,626,304.71,24559.22,6.7,9.9,0
98869,2505.16,15213,1,10886.58,0.89,67,2437,130.66,20245.35,1.5,9.6,0
115186,4835.79,20543,15,18683.79,11.54,14,2109,176.54,22980.73,9.6,7.2,0
306818,11671.08,2919,0,18716.13,10.02,84,422,497.79,25000.0,7.2,7.8,0
176926,4254.6,24624,3,19417.27,7.53,41,3500,114.6,25000.0,2.4,2.3,0
56271,4787.03,24027,11,3382.2,7.07,15,2591,158.22,15655.72,9.7,6.4,1
345832,10283.23,15812,15,4050.6,7.51,119,2510,400.27,9461.6,4.3,2.4,1
441734,2027.25,3995,15,13858.0,6.61,94,797,74.7,19473.19,9.9,4.4,0
383220,6378.44,17640,1,11287.26,5.95,23,3500,292.86,19324.52,1.9,4.1,1
151339,5485.98,11216,7,1350.85,7.55,56,3500,197.91,4015.34,2.4,6.5,1
231897,4824.16,12942,9,2177.53,7.97,122,2430,230.3,16037.38,6.9,1.7,1
11062,4499.85,18663,15,17873.53,10.41,22,3500,198.74,21924.47,1.2,1.9,0
257736,2459.43,13461,6,17508.55,10.7,98,1460,93.03,20828.05,1.2,6.5,0
60448,4805.67,10807,7,7788.15,5.73,36,1157,144.66,20022.82,8.1,6.7,0
105462,1952.05,6987,10,17929.96,6.26,144,2409,115.93,17881.69,2.5,4.1,0
409445,9700.12,10164,5,12279.83,5.67,62,2164,341.69,12334.25,9.3,2.3,1
460009,5681.39,16860,0,16312.21,8.09,25,1952,226.19,23954.8,4.8,9.0,1
255885,6160.99,17142,13,9121.19,6.85,33,3500,243.74,14301.99,8.9,1.5,1
57915,10882.74,4575,12,3154.57,13.35,51,1349,424.95,14461.84,4.8,7.5,1
276776,8409.58,24898,12,9240.81,10.48,144,3500,316.92,10283.73,5.8,2.3,1
114592,1584.62,18002,11,9688.7,13.49,62,3500,40.0,14739.8,3.8,6.7,0
144668,11403.34,15785,8,11467.94,10.67,23,3500,375.29,14233.58,6.9,7.0,1
381923,3990.02,8131,5,3006.07,14.57,144,2603,229.79,14019.74,3.9,8.2,1
409384,2629.95,3517,11,19836.64,9.57,27,749,80.61,20822.52,3.0,4.6,0
118099,9565.35,21225,12,5638.6,14.46,137,3500,376.21,12464.17,1.7,1.2,1
17561,6755.01,18542,9,4772.5,2.46,126,3500,263.49,16463.41,1.5,8.3,1
477010,6054.59,18681,0,11009.26,0.88,121,3500,296.96,22707.48,3.8,5.0,1
92152,4119.78,1284,0,11206.96,8.73,67,105,261.45,20359.44,7.6,8.6,0
135036,7248.45,6191,15,9356.59,14.75,56,1022,297.93,15065.24,2.9,8.0,0
396193,4381.04,16265,7,15665.95,6.32,14,3500,167.39,21968.58,3.7,5.5,1
36734,10966.62,3696,5,10816.43,3.26,90,435,382.49,19619.11,9.1,10.0,0
409587,3759.65,10052,7,12584.21,7.87,15,1051,78.21,23441.49,6.8,5.2,0
36069,10785.73,9032,7,14751.18,9.77,99,1336,342.73,25000.0,9.3,7.3,1
220977,7373.76,17446,14,1475.48,4.8,76,1215,255.16,15282.99,9.2,7.0,1
22910,10199.13,5246,10,11842.24,10.75,132,1485,303.42,22013.04,1.6,5.7,0
345623,8984.88,3499,13,17799.69,14.63,52,482,413.34,18148.13,9.6,6.3,0
480951,8815.3,18077,7,1330.39,13.46,96,1758,373.77,12783.63,1.5,8.2,1
91264,4905.63,11802,9,8698.46,4.44,20,3183,183.64,19548.47,9.3,6.1,1
33275,3955.92,16952,14,18598.32,4.97,99,3500,213.71,25000.0,5.9,5.1,0
82274,3714.31,16095,6,7709.93,5.64,52,1062,95.01,20190.56,5.8,7.0,0
484665,10500.51,22563,6,9715.85,5.98,81,2935,379.02,16391.76,7.4,1.3,1
372920,10114.48,19312,9,19649.29,1.59,97,3500,307.89,25000.0,8.9,2.0,1
201076,6126.02,6700,3,4787.15,11.45,108,1176,283.76,5953.91,6.6,2.1,1
204053,2890.25,5896,8,2239.85,5.54,85,2014,75.09,11238.07,4.8,4.8,0
487875,5513.65,23877,11,17329.03,13.21,41,3397,221.33,22014.8,2.0,8.8,1
195625,8003.11,13910,1,17500.84,13.91,106,1745,370.25,25000.0,8.1,6.8,1
58447,6271.23,13703,10,9969.48,0.46,33,1702,319.39,21697.8,2.2,9.8,1
437745,9691.99,4098,8,10769.94,14.83,62,351,386.22,20984.8,7.5,1.4,0
398538,11975.04,11064,9,16880.32,10.68,98,3500,498.21,16245.18,5.8,7.5,1
85703,3506.89,13248,2,15032.63,7.85,90,3500,95.08,19252.48,4.5,3.8,0
348234,6326.33,17457,13,6037.83,5.9,114,3500,337.22,15878.81,6.5,1.2,1
289404,6025.33,21098,12,1320.97,7.83,45,3500,232.71,3442.37,8.0,8.4,1
122581,4697.17,8136,14,10114.3,4.94,48,2555,191.9,13157.02,9.5,2.5,1
275956,3580.0,18362,15,17319.33,9.38,141,3500,122.86,25000.0,3.4,2.9,0
431240,2189.77,10765,1,18020.86,1.49,94,3314,147.55,18103.84,9.5,4.1,1
199728,10814.75,10205,12,19168.3,9.35,113,1250,442.57,18002.5,9.6,8.1,1
388292,5908.41,23011,3,17711.7,4.2,63,3500,274.38,23716.97,8.3,6.6,1
430501,6717.4,14798,4,12020.83,0.36,114,3500,286.39,23920.7,8.9,3.4,1
495652,11127.89,23560,1,9447.51,8.34,110,3500,434.1,20408.13,7.2,2.5,1
126421,9651.05,19080,12,15722.15,8.72,135,3500,432.52,25000.0,1.4,2.0,1
11605,2870.26,10203,14,15056.61,6.46,11,3180,132.08,23841.09,6.2,2.3,0
474374,7436.91,13836,0,11224.73,1.18,86,2797,249.43,16665.59,7.7,8.8,1
82303,6143.65,8666,9,2659.22,13.41,20,2385,196.29,16433.39,9.5,9.3,1
168211,9870.72,16616,10,18595.55,9.21,53,3500,402.27,22422.67,6.1,9.7,1
480365,9104.44,6550,4,9656.45,1.82,125,695,409.55,14276.39,8.1,8.5,1
197210,8749.26,11684,8,7903.34,7.71,36,3500,431.94,14149.22,7.3,9.0,1
271949,5075.72,21534,14,12961.78,7.51,93,3500,114.17,22951.09,3.5,8.3,0
348269,9952.12,13212,11,13802.92,1.0,23,3342,399.37,24972.35,2.4,9.6,1
154990,2050.11,8984,11,5003.07,9.14,7,2905,106.49,10652.32,7.8,8.6,1
488871,3176.06,21410,14,16901.84,12.14,126,3500,141.83,21530.69,3.1,5.2,0
168518,5024.04,21296,4,6508.8,11.26,64,3500,251.43,18885.3,3.2,3.9,1
134040,2306.48,22327,11,4546.99,3.12,33,3500,125.04,6249.16,6.8,6.3,1
154118,3967.44,3093,10,8721.6,12.95,79,203,109.42,19167.57,8.1,6.5,0
428034,10216.59,10815,9,14880.64,5.2,74,2260,357.92,19809.34,6.2,6.2,1
241966,11456.64,15700,8,19343.71,14.2,87,2313,473.89,22369.71,9.0,7.4,1
276468,4698.32,9607,13,16376.34,1.17,105,3251,237.46,20911.05,2.9,7.3,1
348467,4277.42,23736,12,18866.62,7.34,94,2049,178.27,22536.27,3.3,1.8,0
281255,4438.87,23513,11,3671.51,9.0,21,3500,98.66,14773.25,6.7,3.6,1
441326,4416.05,4369,9,2352.36,3.79,39,1504,124.28,15945.21,8.5,9.0,1
26389,1877.27,15947,5,11596.39,11.59,117,3500,109.67,17666.04,5.9,6.3,0
132177,11232.62,8471,2,6515.65,9.44,126,2291,431.87,18038.06,1.1,4.0,1
313571,3743.83,24706,3,16733.04,0.37,52,3500,155.65,24901.71,7.1,8.7,1
482795,5910.04,3489,3,13767.77,9.16,21,503,289.67,17313.07,8.3,3.2,0
169818,1601.71,23946,0,19443.84,7.42,105,3500,40.0,25000.0,3.5,4.7,0
132883,10508.53,5840,2,5841.05,3.02,19,508,399.63,15341.44,1.5,3.5,0
228958,9177.15,10143,2,10229.9,14.94,132,3001,340.94,10489.41,5.7,8.8,1
248213,11440.94,4323,12,10523.57,13.47,116,679,475.41,15566.28,1.4,7.6,0
403333,9706.96,13954,13,5544.36,4.46,18,3500,426.92,19339.78,4.7,5.1,1
397952,4793.92,4432,0,12211.77,8.16,146,741,117.74,20053.75,1.2,9.4,0
122221,4102.67,10720,12,9422.43,4.82,101,2136,163.83,13883.12,3.0,9.3,0
487687,8826.02,9054,8,9487.71,11.65,123,2051,396.51,12840.48,4.5,7.4,1
285378,5323.18,2929,10,7892.0,13.96,15,880,120.19,11036.86,2.0,9.0,0
270669,7445.26,7944,0,1321.66,5.45,52,980,294.59,8278.67,2.0,7.5,1
244936,1565.7,11010,8,10919.81,12.1,71,1978,40.0,13248.3,8.4,6.7,0
325585,2149.8,11777,0,7369.71,7.53,29,1166,53.91,9653.19,1.4,4.8,0
10846,7121.36,11037,15,1025.08,6.01,90,913,159.6,7552.89,7.2,3.5,0
20954,7443.75,7647,1,6850.93,14.08,114,1846,367.39,15371.74,8.3,1.5,1
351383,9390.26,8131,1,6293.94,7.71,94,949,357.82,8938.34,2.2,8.2,1
254761,2885.64,4098,13,8475.51,7.06,13,319,75.07,9356.87,2.8,2.1,0
318658,6888.42,4829,5,3505.19,10.12,44,1589,291.95,5254.38,6.8,4.7,1
360380,3541.7,7218,6,10645.99,3.99,11,1590,89.55,13992.79,3.8,3.1,0
369723,2478.56,10423,10,14156.37,4.94,122,1046,42.28,15796.82,5.3,5.1,0
147541,5810.21,14282,0,12973.53,13.99,62,1086,307.92,19389.14,8.5,3.8,0
433321,3215.03,16976,2,16271.34,10.21,59,1629,219.03,20941.43,2.2,8.5,0
314245,3828.71,551,1,9588.16,12.42,18,111,123.55,13892.49,6.6,9.8,0
74323,4834.32,17202,7,10862.74,4.14,122,3500,246.74,21526.25,9.5,9.5,1
101922,4223.58,10684,8,16397.64,8.2,81,2696,186.75,21682.42,1.5,6.6,0
199139,2419.71,12968,12,9126.32,14.57,128,1340,40.0,10490.95,1.5,9.8,0
190448,2444.12,22572,1,14330.39,4.85,138,3500,51.36,17309.25,6.0,4.6,0
186659,3529.12,15979,1,9257.45,2.49,30,2900,218.72,22059.37,9.6,5.7,1
440192,2030.87,23902,9,8936.99,7.71,132,3500,40.0,21850.3,3.0,3.3,0
245659,8077.8,7710,14,15443.91,5.88,122,2316,437.16,17665.86,4.0,9.1,1
399678,4516.93,13434,8,4321.9,2.48,146,2146,152.11,7631.59,1.9,2.6,0
339728,4437.33,4456,13,7433.13,13.34,140,464,256.53,14390.45,4.3,6.5,0
114537,4985.98,6557,3,5259.27,14.86,28,2112,184.16,12466.46,1.4,8.2,1
350621,8459.36,11710,4,7823.09,8.57,89,1448,378.37,13590.26,4.5,6.4,1
251983,10641.66,15090,12,5377.12,11.64,67,2236,495.42,13183.34,6.0,1.7,1
52533,9470.41,23759,10,12008.71,12.9,30,3500,448.31,14625.51,9.8,6.5,1
273972,9139.06,21315,8,16165.25,10.54,14,3500,336.34,16426.28,8.4,7.9,1
11917,6586.11,14364,5,15945.65,0.76,110,3500,220.57,22172.52,8.4,2.7,1
292762,8784.96,2025,9,7925.52,2.45,121,233,347.34,20464.19,3.1,7.6,0
42254,7304.0,13777,11,19786.45,1.16,62,2283,227.14,19619.9,1.8,8.9,0
271987,3770.63,7543,8,12283.23,0.25,18,737,162.79,20989.18,6.4,9.9,0
377436,3690.18,18162,8,8588.61,4.66,77,3500,106.57,14563.54,5.7,4.7,1
57362,4612.12,9205,6,16875.25,5.95,43,1360,238.62,19321.9,5.6,1.2,0
292272,11063.43,6625,13,14867.61,3.69,126,1767,414.03,24984.51,2.0,4.8,0
395925,7247.86,8374,11,15236.23,1.06,148,503,202.8,20123.38,5.4,6.9,0
252353,9206.01,13029,9,4726.65,7.99,76,1015,438.29,13364.38,2.4,9.0,1
200455,5138.87,23784,8,9898.16,4.17,116,3500,214.72,15678.26,4.8,9.4,1
75545,5781.02,15455,4,17374.73,11.96,55,3500,232.7,16956.03,1.6,9.2,1
92180,2818.44,3000,15,10576.72,0.22,147,982,167.46,18195.14,8.7,6.9,0
97958,3298.6,3964,4,13985.6,12.65,93,1420,175.52,18633.41,1.1,7.1,0
413081,10187.24,19143,11,12170.74,14.33,42,3500,369.4,12864.43,9.5,1.0,1
405435,7640.81,16454,7,17004.78,10.77,109,1217,283.14,23349.38,8.8,4.3,0
311953,5044.09,24380,9,6406.66,11.03,83,3500,146.12,7253.65,7.8,9.2,1
388892,9929.94,19543,3,11934.03,14.01,93,3500,323.97,14257.99,9.8,7.2,1
15287,4088.46,755,8,3341.46,3.22,75,100,192.47,14827.07,1.5,5.2,0
267665,11748.34,2002,6,14114.0,14.92,94,300,489.54,13784.26,6.8,1.9,0
437603,5120.58,5156,6,14907.39,11.62,76,396,242.86,22332.78,8.6,3.2,0
18512,5041.77,10802,12,1813.91,10.93,20,2187,265.75,15797.32,2.1,6.0,1
142414,4775.08,5930,14,13840.03,5.48,115,727,229.73,15297.53,6.3,9.1,0
466292,2782.17,9098,2,8879.11,8.23,71,795,154.46,14525.74,4.5,1.9,0
118872,2666.94,20060,3,3357.84,9.84,69,3500,40.0,12167.74,4.9,2.4,0
422432,8305.1,16476,6,8978.24,9.34,17,2725,316.85,15038.0,9.2,6.9,1
257754,10688.74,2360,10,4690.43,10.6,122,522,475.78,13817.25,5.8,3.6,0
103070,9800.47,6658,10,8895.63,1.33,65,1896,333.61,14369.77,1.8,2.5,1
89767,2981.63,6306,13,8302.44,5.4,36,591,123.85,10572.51,9.4,2.6,0
107829,7228.61,21238,4,15029.44,6.57,144,3500,315.12,15181.13,2.7,5.4,1
429830,2608.71,17606,11,15710.1,3.98,99,1195,126.49,24245.84,9.0,6.3,0
439474,1975.59,24463,2,12533.54,2.67,45,3500,97.46,15128.94,9.7,9.1,1
497005,8392.05,9974,0,1431.05,2.17,140,2356,365.63,14161.69,8.9,5.8,1
52078,7119.1,17497,6,18689.42,5.56,29,3500,293.8,25000.0,7.1,7.2,1
378432,2361.25,20215,5,14038.43,7.45,137,3500,40.0,13873.64,7.7,2.6,0
93524,1866.86,6290,9,1649.71,1.04,49,677,100.02,5935.51,7.3,7.4,1
237645,11892.44,20000,14,16557.83,14.2,134,3500,489.93,19042.17,5.1,6.8,1
22219,1815.22,10670,6,4805.06,11.5,7,1907,40.0,13572.32,3.5,2.9,0
272379,6167.55,9504,14,12005.2,10.99,108,1937,315.69,22131.91,3.6,7.0,1
315073,6798.5,10478,13,9866.05,2.68,37,1248,298.63,10677.17,7.6,2.9,0
137309,2731.44,17214,1,8976.94,9.1,36,3500,40.24,12426.47,6.6,6.3,0
339588,3275.15,19096,12,17904.56,7.99,115,2005,90.14,21214.37,6.3,7.0,0
149639,5193.95,22377,11,9309.86,14.74,21,3500,179.56,11831.79,6.9,7.2,1
373978,9497.6,7732,3,2431.54,11.24,124,1842,351.67,11034.03,8.0,9.2,1
474008,6824.37,13174,1,18986.14,8.68,86,1101,287.63,23402.94,7.7,9.5,1
206513,8197.97,22498,7,18490.17,12.78,7,3500,279.1,20906.58,1.9,8.3,1
356699,11844.33,22797,6,14004.22,2.41,74,3500,530.18,19922.91,4.3,8.9,1
345842,9564.06,16552,0,9889.96,0.33,122,2563,434.85,14537.65,3.4,1.2,1
396594,6060.8,16274,1,2764.33,10.38,35,1199,273.4,8672.99,5.8,4.3,1
258320,6187.64,6413,1,16024.21,1.56,20,1601,249.72,18269.51,1.6,1.4,0
146487,7997.11,14602,3,2434.08,1.82,21,2512,366.76,10972.96,7.9,3.0,1
177231,8486.33,15889,2,2303.42,11.2,100,3500,325.66,9616.24,2.0,4.4,1
53925,6757.46,11067,0,11210.29,4.13,133,780,234.07,13520.45,3.4,8.8,0
147023,8271.04,6111,11,4042.44,9.47,116,438,390.35,5402.51,8.0,5.6,1
97388,1747.09,9932,13,1146.88,13.77,106,3424,85.76,4879.59,1.5,6.8,1
18007,6011.04,819,1,9039.16,4.82,76,286,206.24,9788.18,6.9,4.3,0
267802,4428.85,24969,15,3607.13,3.34,70,1706,156.27,10496.49,9.3,6.4,1
445048,2856.33,13186,10,4049.79,1.69,115,3500,77.43,8166.09,6.6,8.3,1
68596,2545.24,21084,8,2461.3,2.04,41,2666,202.92,9434.96,7.4,3.7,1
393245,7833.52,5291,12,4896.78,1.03,95,1431,313.55,10200.27,8.1,9.4,1
433739,6997.81,829,0,14594.2,1.41,88,266,287.8,20669.55,3.0,2.9,0
361005,4162.63,9351,8,16369.62,6.54,115,844,202.57,24505.96,6.2,9.3,0
265266,6444.98,11810,6,9598.14,4.88,66,1555,197.03,15909.59,3.8,1.3,0
358884,6668.44,23626,1,10624.52,10.63,25,1588,321.56,11305.2,3.2,5.9,1
25524,3547.59,21800,1,1620.45,13.07,110,1595,111.51,3524.0,2.7,9.9,1
422498,8346.98,10664,4,2317.01,11.79,41,735,425.38,6625.61,6.3,6.5,1
165002,9699.65,18677,12,5893.79,8.01,39,3500,372.35,12239.61,8.2,6.0,1
403293,9810.37,23341,4,11334.07,1.63,147,3489,444.3,11651.02,8.9,7.1,1
135501,7825.93,6203,3,15051.47,10.68,118,1290,188.2,18301.72,4.9,3.6,0
292755,6872.21,11149,11,12495.06,5.51,98,3304,216.13,23527.38,4.4,1.5,1
158056,2140.58,23054,9,8450.43,1.38,8,3500,70.94,9930.59,7.2,3.3,0
24060,4522.23,23528,9,3248.16,12.65,111,3500,79.35,16929.24,8.0,2.6,1
224057,2479.35,24304,12,15834.69,5.14,83,1543,129.22,25000.0,3.3,9.3,0
487272,11620.14,13172,11,7911.93,3.35,27,3035,480.45,19142.7,3.7,8.7,1
315447,2918.34,4655,2,14985.03,13.08,109,454,67.19,25000.0,5.8,3.9,0
200279,3093.64,3111,3,10746.6,13.54,19,900,122.95,11637.93,5.0,8.5,0
216118,10840.55,22575,9,15034.58,5.15,144,3100,473.95,15992.85,7.4,2.9,1
170359,11411.25,19477,3,18238.5,5.39,132,3500,351.3,18337.64,5.5,2.8,1
496925,9541.2,16979,1,18499.56,8.74,86,3500,317.97,18245.79,2.0,7.9,1
49711,1556.75,9680,4,11167.03,11.03,125,2372,45.52,15193.87,2.5,3.9,0
153026,1514.14,9804,14,10718.66,1.04,92,1373,61.75,21367.75,9.1,1.6,0
345484,5470.06,22925,4,6047.89,8.94,83,3212,215.87,10113.82,3.0,7.5,1
475317,3005.65,21947,4,18780.2,14.3,23,3500,164.69,20199.04,1.5,9.9,1
474736,1693.05,15110,10,9700.46,4.01,73,965,91.58,18546.92,7.6,6.1,0
228134,6372.7,8937,14,3424.23,13.64,136,1023,289.74,5999.41,7.2,3.4,1
112974,11402.15,10850,10,9221.39,14.26,14,2637,386.59,14060.75,6.4,4.4,1
159646,4900.11,13021,9,3414.01,4.11,144,3500,203.25,8571.75,5.5,6.8,1
412400,8441.98,20233,0,10548.1,11.34,139,3389,322.32,21453.39,9.7,7.3,1
160168,8348.47,24528,5,11664.23,3.66,48,3500,407.04,18019.9,2.1,9.0,1
77728,4136.34,7060,10,7417.36,11.09,6,1604,174.17,16338.04,5.6,9.2,0
175088,8329.47,5747,1,2361.36,11.98,98,456,299.73,5566.53,6.1,8.8,1
21246,3729.51,22240,6,18926.57,3.78,120,3500,191.81,25000.0,1.2,6.8,0
448774,2781.08,4577,3,15693.71,10.77,73,1392,139.41,18746.85,4.7,5.0,0
421597,8864.52,21782,14,16938.74,12.2,112,3500,313.5,24739.9,8.0,7.1,1
399940,2691.13,11358,4,7970.5,5.44,74,782,90.22,20786.54,5.2,7.0,0
439671,11967.55,11891,4,15455.79,2.6,78,3068,462.13,20977.07,8.9,3.0,1
102263,3426.25,11446,4,10222.09,1.47,84,2110,198.42,16775.63,6.8,5.6,1
407234,7738.49,15686,1,4820.59,8.67,102,987,319.7,7380.71,7.9,2.9,1
21302,5819.43,1917,4,3364.04,14.67,104,468,269.12,9764.81,8.2,9.1,0
339650,2827.06,16994,2,7555.97,12.36,62,1644,88.42,19126.82,7.2,3.9,0
51157,1792.36,9454,3,3613.49,6.59,137,1641,88.43,6647.18,7.7,8.2,0
64917,8038.69,14091,12,19967.11,8.1,36,1950,386.72,25000.0,7.3,4.4,1
233810,9970.95,7891,1,1934.59,4.26,125,1328,380.78,12222.69,6.0,7.9,1
106646,10341.16,11864,3,9381.73,2.53,7,2465,419.4,14977.86,6.1,3.0,1
355266,6568.49,10871,12,9589.78,7.28,133,1824,194.57,16776.3,2.7,7.9,1
296663,9663.28,22016,8,6712.01,7.01,52,3500,348.25,9326.06,8.4,2.6,1
490703,8564.89,3004,7,11855.68,7.88,137,395,325.87,14311.83,3.8,5.4,0
460035,9104.67,5739,12,3849.56,14.3,81,1438,311.14,8802.96,5.8,2.0,1
353054,6672.29,17176,13,15894.34,9.1,15,3500,332.99,19718.47,3.2,5.8,1
392574,8150.82,18618,14,7316.51,9.13,26,2369,284.13,19754.99,7.3,8.4,1
343468,9958.02,5620,10,12235.51,2.01,16,1193,437.66,16566.81,9.8,7.8,1
277552,5677.78,6893,11,14597.15,14.95,57,1755,236.45,20487.58,8.2,1.5,0
69379,9962.78,2696,2,17891.8,11.62,59,618,400.05,18419.78,6.6,5.4,0
35053,7716.18,3966,0,16879.96,13.17,57,673,382.96,25000.0,6.1,8.7,0
412662,3241.96,2406,0,12557.87,6.27,25,608,40.0,19329.95,5.4,6.9,0
141994,1759.18,18605,5,8379.47,7.58,23,1274,60.56,14422.37,2.8,1.5,0
108723,5308.91,12383,2,10560.89,7.88,92,2117,158.34,22762.14,4.1,3.9,0
61356,7240.31,15937,3,15605.96,2.99,98,3500,191.54,25000.0,4.7,6.0,1
282933,10318.11,14997,0,17673.37,10.37,70,993,352.99,24712.34,9.5,2.6,0
369864,2838.6,2316,7,2971.86,13.55,63,492,114.41,16361.05,4.8,7.1,0
338800,9902.17,21111,0,8312.27,2.54,63,3500,359.82,15991.98,6.3,6.7,1
316172,10561.59,11213,4,15746.22,1.39,7,3227,467.29,25000.0,9.3,2.8,1
336628,3082.22,22659,5,9201.38,11.1,120,2130,112.6,14684.09,5.7,6.0,1
42154,10441.74,4349,14,7312.33,4.17,62,1553,401.43,8977.54,3.3,8.3,1
223942,11910.26,22112,1,8815.13,9.4,66,3500,460.4,21976.04,4.4,4.4,1
274480,9131.81,7349,6,12454.05,10.47,150,1242,360.35,14116.45,4.4,3.2,1
375821,9740.08,1558,15,19996.3,4.9,130,210,368.68,21266.67,7.4,7.3,0
339923,11941.36,12230,6,10366.86,12.25,41,2836,435.09,12413.83,3.7,1.6,1
291173,7857.55,19206,15,4961.4,8.29,117,3500,363.76,10356.35,7.6,8.5,1
331345,4732.81,17832,0,4094.08,13.05,99,3500,158.11,9035.91,9.0,9.5,1
42265,10294.07,4859,3,1804.65,11.47,82,1256,392.59,11258.05,4.0,9.7,1
375060,7952.1,13309,11,11617.53,13.04,146,2227,339.55,24248.0,2.2,4.9,1
253322,7602.55,6160,12,11346.87,0.4,109,1087,320.04,11760.11,6.7,6.6,1
184944,4163.17,7754,15,4899.44,3.73,9,1131,121.85,16039.31,4.2,8.7,0
56197,9441.51,13322,3,14211.26,1.44,99,3500,415.41,15032.9,5.8,3.0,1
397877,2357.51,2593,4,15081.03,6.69,133,435,121.18,14322.68,6.7,1.2,0
458396,11205.01,12230,0,5922.87,13.36,67,1434,457.1,15039.79,4.7,4.5,1
164782,4921.15,18447,0,7537.9,7.07,24,3151,175.28,19383.42,9.3,9.0,1
170558,2841.63,8717,6,19818.96,12.76,47,2756,93.33,20147.05,4.6,5.5,0
81907,6144.85,17058,8,8111.02,4.97,89,3500,235.7,12929.8,3.8,5.8,1
401020,1945.93,18218,0,15455.23,5.16,98,2922,40.0,16557.94,9.0,7.2,0
212967,8688.58,17205,15,9601.78,13.44,46,3500,345.58,21466.02,2.2,6.2,1
336579,10978.41,22582,1,16073.55,6.44,112,1862,483.74,18373.53,2.1,1.5,1
312775,10291.26,12842,5,15611.44,11.87,98,962,455.47,20270.42,9.4,6.0,1
401182,2837.38,12739,14,13687.36,3.63,78,1251,94.45,24581.52,2.9,6.8,0
242604,2825.85,14354,14,17240.79,14.24,113,1363,166.24,22979.93,2.3,6.8,0
292247,10041.06,14397,5,18845.15,8.66,119,1243,496.94,25000.0,5.8,7.6,1
74772,11204.67,11919,1,12019.68,11.41,129,3080,432.38,23659.6,1.4,5.7,1
136108,6337.03,10564,8,5511.91,1.43,10,2538,288.06,12410.34,6.6,9.1,1
24382,6739.2,15503,3,8573.95,7.44,127,3500,156.43,16430.13,5.1,5.2,1
94291,4841.75,22488,12,15407.81,13.53,46,3500,130.76,17320.33,6.8,5.7,0
373339,10889.78,23626,6,13366.79,13.17,62,3500,440.15,25000.0,3.6,8.0,1
144828,8271.48,10759,5,4378.17,0.8,14,1314,280.52,9120.65,9.1,8.5,1
292753,4526.64,24320,10,1973.55,4.63,93,3500,283.03,13761.83,3.4,6.8,1
157550,4637.22,6174,12,13976.27,6.71,82,1445,215.38,17249.61,6.7,2.1,0
242050,10857.6,5502,10,5770.5,2.67,115,1888,482.6,10685.95,9.5,4.0,1
442882,1643.16,1410,2,10493.73,10.98,43,183,64.28,11745.2,4.6,1.2,0
347827,4888.63,1449,7,15188.19,2.85,145,112,145.38,21429.2,2.5,3.7,0
396858,7320.75,22309,6,11690.67,5.26,15,3500,266.89,14535.36,1.6,6.1,1
140330,3056.28,19398,8,2582.75,9.98,114,3500,134.97,5995.33,9.7,8.2,1
81315,2467.04,12023,15,4526.02,7.28,20,1743,66.79,8567.48,7.9,6.3,0
349978,10060.4,24585,2,5167.24,11.1,37,3500,435.98,9398.0,9.3,1.4,1
398349,10891.25,11721,0,5899.42,14.42,63,913,471.22,13272.62,7.3,3.3,1
24153,10147.87,16984,1,11742.66,1.84,55,3500,406.16,16411.13,4.1,6.2,1
86325,10937.27,5146,11,10575.35,10.67,19,478,346.21,11441.65,2.1,7.4,0
250773,7307.68,7445,10,4860.04,3.53,47,598,378.05,12856.4,9.4,8.8,1
416215,10028.71,2900,14,2283.54,6.28,31,212,390.51,14067.55,5.4,9.7,0
65318,5532.45,12063,11,4257.21,0.59,60,2270,356.76,12870.83,4.6,9.0,1
404030,8495.81,22685,0,19703.24,2.13,125,2022,372.46,25000.0,6.2,5.2,1
387177,11882.77,19227,10,9902.39,4.86,117,3500,464.81,11210.86,2.0,7.7,1
86077,3870.14,852,4,17479.56,5.2,64,281,177.2,25000.0,3.8,3.2,0
362618,5593.95,19839,15,17126.3,13.5,119,2739,122.79,22275.04,6.7,1.6,0
143515,6540.5,15989,14,10718.87,11.15,113,3500,312.93,17355.83,1.9,1.5,1
479209,2949.16,1518,9,14427.07,14.59,116,110,246.31,20289.96,2.2,3.2,0
216988,2350.91,18063,13,4662.29,9.03,104,3179,40.0,9958.98,5.6,1.3,0
345463,10212.09,5693,1,14079.54,3.7,12,842,394.11,17482.85,6.6,8.7,1
135885,11756.34,16201,15,6175.31,4.98,139,2083,464.99,15154.23,2.7,5.4,1
381921,5749.61,4036,2,16809.18,4.87,85,1023,273.75,16029.29,1.3,8.3,0
27368,2420.32,15949,7,2590.76,4.96,134,1580,202.11,11726.83,9.6,9.5,1
156400,2191.02,12342,14,15689.63,10.13,149,3500,106.78,23971.38,1.2,9.9,0
198014,10858.84,19386,9,2898.8,8.01,125,3500,541.44,8951.28,1.0,9.4,1
101751,6370.05,4319,13,17742.6,5.84,8,1180,263.32,19019.72,3.9,7.4,0
240203,4860.29,23739,4,6779.89,2.32,30,3500,216.98,10197.94,3.0,5.0,1
299450,6502.84,17863,3,13433.47,0.43,82,3500,276.53,13810.69,6.2,6.4,1
488667,4842.19,1476,15,10262.54,3.36,76,333,254.7,11376.38,9.0,8.3,0
180987,6634.88,19164,4,7959.76,1.7,137,3500,244.28,10534.75,5.3,9.1,1
309363,10525.34,6397,9,13263.39,11.8,132,1027,461.93,12859.96,8.0,9.6,1
221951,7719.16,16457,5,19002.94,1.78,9,3500,247.23,20663.41,9.2,7.6,1
205716,8793.86,15859,11,1784.13,10.89,95,3500,337.53,7410.53,2.7,5.9,1
70279,5329.04,13740,6,18458.2,5.85,73,3500,181.32,25000.0,5.4,9.7,1
325172,9254.31,607,13,12572.55,1.19,7,100,374.57,24949.98,6.8,9.6,0
376407,8499.48,16024,12,16338.97,12.21,98,2453,324.18,17502.81,4.0,5.3,1
10126,2755.4,2126,8,8293.62,8.74,5,329,166.82,11404.31,7.7,6.8,0
324473,7512.75,6729,0,9965.02,3.61,140,2031,256.58,16366.8,7.3,8.3,1
37632,4195.81,7377,3,17508.16,13.43,17,662,81.27,17940.72,4.8,4.9,0
206382,9943.0,1374,15,8882.11,0.77,116,270,329.86,15658.2,1.8,8.5,0
119945,5972.35,6043,11,11158.53,3.11,12,1138,288.6,16118.89,1.1,2.0,0
327320,11944.18,4309,11,1383.7,11.31,117,353,429.29,7327.06,4.3,5.3,1
260869,2471.25,11103,8,4013.36,10.67,83,2035,118.74,15904.56,1.7,5.3,0
227138,9693.65,2607,4,13192.04,4.41,126,558,373.01,23319.16,8.0,7.2,0
185399,8573.87,12245,7,14622.56,1.02,78,974,384.17,25000.0,4.0,2.0,0
472120,9558.74,9965,11,12069.42,12.89,131,2122,370.81,14555.68,7.0,1.9,1
144869,4729.06,1059,0,3722.89,4.77,117,368,327.38,16525.92,4.1,9.1,0
188954,6666.57,8808,3,9462.7,3.02,56,3115,361.57,16562.16,8.2,3.7,1
154790,9863.34,21853,11,7746.8,7.79,125,3500,378.77,15886.41,9.0,3.9,1
44560,3941.68,15750,15,10417.57,13.66,37,3379,135.06,21985.87,8.5,8.0,1
348733,3873.35,13755,15,17536.25,0.75,77,2003,311.55,25000.0,5.4,4.7,0
294260,7286.04,3546,13,15741.37,11.51,100,1273,237.5,24041.64,1.8,8.5,0
439460,6997.42,14356,11,2595.8,8.63,41,2042,277.15,8598.59,4.3,4.6,1
142717,4463.76,16927,8,17915.87,6.44,73,3315,179.67,22698.38,4.8,7.8,1
188595,4629.79,1008,12,9963.58,11.19,136,100,185.07,17966.56,9.6,5.7,0
134085,4417.37,6607,0,15133.38,14.49,64,1089,89.76,24879.02,6.1,9.4,0
389862,9600.88,13976,0,3660.75,3.52,78,1138,408.87,13481.92,6.8,3.9,1
291400,8344.96,3939,3,13743.67,2.24,35,1115,285.28,17745.76,8.0,4.3,1
110158,10240.38,20812,13,5490.19,13.7,18,3500,481.41,11824.6,6.1,9.7,1
194245,11742.47,22295,2,9329.24,10.07,64,3500,396.9,10119.08,6.4,7.6,1
178502,6478.73,13636,6,1320.39,6.63,72,1990,262.12,15071.79,3.2,8.0,1
442498,2200.29,14667,10,3880.6,8.64,132,3500,40.0,6250.03,1.5,3.7,0
391863,2004.97,17800,2,2749.53,11.21,30,1085,40.0,11738.72,7.5,5.8,0
466590,4604.48,17682,0,5555.14,11.62,141,2831,142.21,17775.59,8.6,3.8,1
340388,11291.72,5471,11,2900.34,13.81,39,1411,416.76,9791.52,4.7,3.3,1
152766,6993.74,18644,15,14146.29,6.46,110,3500,353.04,23718.66,5.9,5.8,1
328408,4353.76,20159,14,1551.76,4.47,28,2628,172.12,13691.02,3.8,9.9,1
478276,5691.25,16383,10,12737.07,9.63,87,3500,292.27,12967.65,5.1,2.9,1
67545,7785.25,1318,9,3673.45,6.29,40,292,292.42,10296.63,2.9,3.2,0
311368,8355.97,10860,1,18958.07,8.96,105,3500,364.54,25000.0,7.8,3.2,1
370089,3116.15,21924,9,18728.79,6.36,38,1648,88.37,22473.63,5.4,8.1,0
23224,11758.83,12427,12,5284.56,2.38,125,2328,430.68,13314.82,5.9,5.6,1
50738,7220.11,16523,3,12674.0,7.09,43,1896,197.76,19867.15,1.3,4.5,0
428366,2924.73,3565,0,1532.1,10.39,27,237,133.78,5191.66,6.6,8.6,0
335875,10883.17,3759,0,18703.98,12.01,84,391,448.43,22318.94,2.8,3.7,0
190760,2283.7,17790,11,10936.76,7.45,74,3500,130.21,11119.43,4.5,4.5,1
249690,11031.22,12800,13,1821.24,2.56,63,1593,451.99,5402.13,4.7,1.7,1
476725,11963.94,1102,7,7507.5,6.28,26,375,579.87,14665.3,5.0,2.1,0
149649,8854.53,4795,6,2460.14,11.82,113,583,362.98,11424.73,3.0,2.2,0
18070,9589.7,10483,13,8465.94,6.25,115,3500,433.18,10673.8,8.7,4.1,1
136161,5041.68,4027,7,13728.6,10.48,92,1032,185.46,22805.93,4.9,5.7,0
18666,11386.56,21427,12,9927.91,7.66,44,2013,410.04,14791.17,6.5,1.0,1
329905,7062.0,2311,3,8290.72,3.69,89,542,318.36,20601.03,6.5,2.7,0
308512,9190.08,12603,5,3263.98,11.96,98,1960,363.15,9650.8,6.5,2.6,1
147855,11203.13,9532,14,5653.84,1.35,15,1668,489.73,8470.61,6.0,3.3,1
51914,11739.39,13377,12,2902.72,7.92,121,2569,487.22,14175.79,8.4,2.5,1
211579,10248.65,8463,2,16342.48,3.21,13,1581,370.3,22455.39,8.3,2.8,1
137738,4681.68,22133,10,3569.56,1.1,16,3500,240.98,9882.59,4.8,9.9,1
482242,11648.75,15724,12,12312.09,7.59,42,3500,422.39,16477.12,6.7,6.4,1
256965,8095.26,21499,7,7512.07,7.54,135,3413,355.08,9969.65,1.9,7.9,1
339670,11271.75,9416,3,5293.59,10.63,130,3176,514.95,10665.72,1.8,8.4,1
474051,8599.1,7266,2,13149.9,11.2,147,2482,324.73,12901.39,5.3,7.0,1
448981,4726.01,17686,3,9683.04,10.94,137,1277,246.84,16277.66,9.1,7.3,1
292100,5385.26,19466,5,8602.76,6.2,58,1255,235.29,20539.62,6.8,6.7,1
228967,7279.95,23329,10,12264.19,9.51,28,3500,333.8,22150.65,7.0,6.8,1
318384,9795.16,20721,6,10334.08,8.7,143,3500,349.97,10638.04,2.4,9.4,1
393152,4838.82,2165,6,6766.2,6.38,125,310,204.27,18869.34,5.1,2.7,0
440364,7587.18,16432,13,11622.16,9.0,123,2265,233.08,17177.95,4.6,3.5,0
104270,5129.06,7475,14,13720.47,14.21,78,1970,290.73,15457.97,8.0,1.8,1
276901,10065.58,3052,11,1507.17,2.97,125,734,301.92,12987.09,2.2,8.5,1
29097,6400.64,24359,15,9851.56,13.6,132,2683,238.29,14078.6,5.9,5.0,1
151467,2305.59,13719,3,2095.98,0.9,48,3500,45.64,6969.92,9.2,9.2,1
157313,3243.55,14774,7,4541.7,4.69,94,3500,163.48,7730.5,9.0,4.7,1
376036,2141.6,13112,6,11649.67,4.39,16,2213,181.86,17645.82,8.7,5.0,1
168768,6742.68,3308,1,17457.59,9.43,7,877,302.45,17180.19,4.4,5.0,0
256726,2616.54,11590,12,17773.31,2.06,54,1087,252.73,25000.0,9.5,6.5,0
342624,2698.47,22517,7,2328.94,13.25,112,3500,40.0,9981.92,8.2,7.9,1
56163,11381.01,12760,8,8963.0,12.45,20,1412,390.18,14981.09,8.7,4.2,1
29816,10662.88,15795,4,12077.12,9.82,31,1144,381.86,11685.8,9.4,6.7,1
453056,6246.91,15337,14,3794.33,6.93,127,2477,255.94,15667.69,9.4,2.8,1
243619,11850.96,22980,3,15543.21,14.0,74,2418,422.69,20841.45,3.2,6.0,1
324997,1501.96,15169,15,15140.47,12.48,46,3500,40.0,19831.0,2.1,5.9,0
165989,7946.78,11023,3,18163.48,7.54,142,2890,348.9,25000.0,7.2,9.0,1
106731,7972.5,13262,12,1161.23,10.56,129,1387,256.94,3746.67,6.1,9.1,1
162638,6303.15,14269,15,5117.0,8.55,140,962,195.47,10860.45,3.9,5.4,0
216524,5667.95,14231,3,16716.55,8.86,150,3500,206.79,22857.78,7.2,1.2,1
72823,6281.52,12377,5,13741.02,5.03,149,750,236.04,18980.32,1.6,8.6,0
161878,5857.08,2956,10,17993.41,6.99,62,482,284.78,18756.03,1.4,1.0,0
216592,9170.17,5923,3,2086.41,1.26,110,1234,321.77,7559.72,4.2,5.3,1
11759,2921.23,14746,15,12342.32,5.42,70,3500,80.84,15776.46,2.7,1.2,0
267164,3575.21,13346,6,11811.88,10.47,88,3500,172.09,24345.12,7.5,4.2,1
445165,3395.44,4817,6,1677.81,14.3,13,1337,175.89,7582.81,9.5,6.7,1
364518,4255.94,18440,4,10756.92,14.45,109,2474,241.67,13272.9,7.0,4.3,1
143554,7015.21,19089,12,12580.89,8.38,93,3500,304.06,22758.99,6.9,9.3,1
296586,2667.69,13135,4,4634.57,9.14,93,1760,113.23,11182.88,1.1,6.8,0
436935,10615.78,13970,14,6193.26,2.87,92,1738,453.38,12724.84,5.6,6.8,1
461282,4622.3,13676,9,13166.6,10.46,10,3065,171.52,19668.84,8.4,4.4,1
103501,3206.65,20839,7,9897.72,1.15,127,3500,114.53,17662.14,6.9,1.3,0
274223,8594.02,9613,6,17302.26,4.34,78,730,255.06,23519.03,3.1,7.6,0
405933,1899.91,14046,13,7505.25,10.06,107,1096,120.67,8452.7,8.6,7.4,1
69676,8009.67,7305,6,6066.53,4.72,150,2157,330.96,17498.18,9.7,5.8,1
431168,8831.08,17288,5,19712.45,0.84,37,3500,392.1,20303.05,3.5,4.7,1
227516,3756.62,18504,6,18311.58,12.49,91,3500,40.0,20449.71,2.9,5.8,0
183532,1940.62,19836,6,1550.86,4.72,73,3500,75.27,5495.27,4.0,7.7,1
100397,5318.28,8580,9,15643.84,1.04,128,2691,169.94,24487.07,1.6,7.4,0
82847,2535.24,3618,13,3096.36,1.21,30,1008,176.48,12064.64,8.9,6.9,1
103607,2723.02,24264,1,1522.22,3.85,10,3500,139.63,13036.63,9.4,9.1,1
230178,4169.74,7130,13,6200.21,2.75,43,1112,178.5,15454.35,6.7,6.5,0
159521,4602.41,1065,9,6117.57,11.64,8,127,162.5,8248.12,7.9,1.1,0
436752,7064.69,16201,1,16567.06,4.89,132,3007,302.45,19173.15,7.0,6.6,1
74077,8623.11,15359,13,14502.68,12.09,62,2243,298.52,20196.59,4.4,6.5,1
310402,7724.09,21683,9,19650.58,2.69,52,3500,303.98,21684.75,6.7,1.6,1
189374,3057.78,8170,6,14518.75,7.44,64,1754,93.39,16309.95,8.5,4.8,0
267009,3306.9,19752,13,8946.86,10.35,30,2187,245.6,20465.04,8.3,6.9,1
432081,10727.08,9976,9,14279.63,9.81,81,3011,502.58,23144.89,1.7,7.3,1
147717,7362.7,9276,6,19989.72,9.06,90,962,347.66,22479.64,5.2,9.0,0
391915,10634.35,15521,6,14492.7,13.88,127,3171,350.86,23539.32,4.6,8.6,1
48000,5401.24,4827,4,15471.95,3.51,60,1370,259.26,22535.56,7.8,2.0,0
36737,7951.2,23297,0,18828.94,7.46,43,3500,327.43,17112.37,5.5,6.5,1
283629,6998.47,15775,13,3159.37,13.27,85,2655,341.11,9470.9,4.1,6.4,1
310709,4850.8,8114,1,14390.9,1.26,29,1643,210.15,17289.06,7.4,3.7,0
428738,6434.11,1745,12,17165.31,0.93,131,549,257.03,18565.06,5.3,2.7,0
391758,6776.15,8743,8,19133.19,3.58,29,3122,282.74,20577.21,3.3,2.8,1
337299,3608.1,10855,7,5008.42,9.53,93,2707,54.04,18257.48,9.0,2.6,0
196240,4807.61,1037,7,10574.65,3.97,26,309,153.93,16781.84,2.0,8.3,0
62487,9809.8,16424,9,13930.54,2.93,27,1057,411.06,24164.65,1.2,2.3,0
402092,11115.78,16736,15,5701.89,6.94,34,3500,501.6,9346.33,2.3,3.4,1
284486,5277.84,17424,0,12408.98,9.24,107,3500,183.59,14194.43,2.5,3.0,1
312950,4723.21,17698,5,5894.0,3.8,81,3500,186.89,18269.46,5.8,7.4,1
320914,3549.57,1915,14,7335.68,4.58,77,548,61.93,14312.7,6.6,2.4,0
88623,8624.16,11530,14,9388.86,9.24,147,2465,417.93,21148.07,5.0,1.2,1
375321,4892.55,2152,8,11054.61,14.19,99,314,251.39,11663.06,2.8,4.4,0
403170,11871.37,11357,15,9537.95,10.15,99,3500,507.46,21544.02,2.2,3.7,1
347773,4919.69,20946,14,10370.71,11.77,142,3500,217.13,15697.36,5.4,4.6,1
393137,5638.43,19240,7,6673.19,5.57,121,3500,303.16,9358.37,6.1,7.8,1
193675,7835.01,4310,2,4020.34,4.16,41,1111,273.15,14100.25,3.7,1.1,1
399088,9917.69,17069,3,1899.65,6.87,11,3500,351.05,13879.45,3.0,1.3,1
223046,6429.95,2051,14,4723.6,12.13,128,573,310.27,6394.75,1.7,3.3,0
115947,5937.89,14084,2,12056.93,6.9,36,1737,287.23,24479.09,1.2,9.0,0
298543,11954.2,23897,5,15936.19,12.72,15,3500,418.49,23810.3,2.0,2.5,1
138177,1610.18,1261,13,4215.7,14.83,113,447,40.0,9550.79,7.7,10.0,0
226454,10898.19,13011,8,3062.55,1.17,96,2945,520.38,6416.86,4.1,8.3,1
484460,3065.98,9971,14,15236.52,0.78,52,3405,143.22,19292.12,1.2,5.1,0
119575,9752.22,12967,7,6798.01,2.33,49,3500,429.45,10305.76,5.6,7.7,1
383048,7988.28,6663,14,19078.49,5.83,99,1731,261.58,23686.78,5.8,5.7,0
217606,5089.4,16565,15,14572.04,2.05,37,2730,236.41,23822.24,4.9,6.1,0
458322,10675.69,24519,15,7208.36,13.07,122,3500,356.05,16348.38,2.0,6.2,1
302822,1635.53,12386,14,6501.31,0.44,136,3134,40.0,12868.2,7.8,6.8,0
86218,3880.25,20165,15,10950.27,4.81,51,3500,191.55,12306.49,7.2,1.5,1
73230,7452.37,18420,12,2503.75,2.85,126,3500,369.82,16446.04,4.6,6.5,1
255756,5191.19,6701,9,3235.85,13.98,57,1931,194.96,8103.5,4.4,7.5,1
346199,7908.96,20048,3,4341.3,10.08,130,3080,289.03,9084.89,2.4,3.8,1
459589,1753.16,16080,14,15719.75,13.69,31,3500,155.67,22967.33,7.8,9.8,1
172552,2722.82,19654,1,10763.29,14.59,93,3500,99.17,20627.26,6.4,2.3,0
488446,2834.51,7899,12,1200.78,7.51,40,1240,110.09,15754.61,1.8,9.2,0
472052,3487.48,20729,7,13796.81,3.59,105,3500,224.2,25000.0,4.4,7.1,1
344402,6322.98,20319,7,9050.11,2.99,126,3500,235.24,21118.97,9.1,7.0,1
49986,9397.35,21594,13,10706.19,3.42,129,3500,343.19,16224.03,5.1,8.9,1
165232,11008.16,17445,11,5068.21,10.66,63,2551,481.1,8221.27,3.9,8.5,1
357739,10271.41,21601,10,11483.86,0.7,27,3500,375.26,18785.21,6.8,4.1,1
111358,3567.32,8123,5,19603.91,0.87,103,1010,135.46,17907.46,2.8,7.3,0
482327,6132.08,10827,13,2395.45,9.16,72,2419,179.33,6467.59,5.7,1.5,1
337073,3593.82,7687,7,6394.43,9.67,96,801,153.02,7148.43,7.0,5.2,0
83506,4276.95,2680,8,5616.95,10.01,109,818,174.48,8840.53,8.7,9.4,1
44911,6787.24,2460,12,5722.44,5.64,46,314,319.89,12749.79,7.2,3.5,0
359271,2215.14,20763,0,8195.42,12.11,145,3500,131.47,13669.55,4.5,1.4,1
435037,3790.83,5653,8,16544.09,8.05,133,551,179.21,20036.13,7.9,6.2,0
216111,11321.47,7535,1,18344.32,1.67,57,2664,472.57,25000.0,9.1,4.2,1
463751,6394.22,11971,13,4842.09,11.98,94,2351,252.11,14648.62,5.3,4.4,1
385597,6176.56,20154,15,11316.05,14.3,120,3500,277.54,23226.45,1.0,6.2,1
94458,1652.96,21571,12,13101.08,0.99,91,3500,40.0,18270.3,8.9,6.6,0
22175,4097.7,1082,0,10914.72,5.93,117,297,46.46,14270.76,2.5,4.9,0
391379,10596.07,16014,15,9247.45,7.36,119,3500,481.94,10992.86,2.1,5.6,1
326915,3228.6,16031,7,4647.53,2.28,124,1445,162.85,14454.38,3.8,9.9,1
399301,5858.81,17172,7,10276.17,13.03,32,3500,228.0,21163.57,4.4,9.6,1
131300,1650.47,22548,10,8623.08,4.33,57,3151,119.75,11287.08,8.2,7.4,1
96925,6522.52,8479,3,16115.7,11.77,121,2508,224.33,25000.0,4.5,2.5,0
254446,1720.72,20743,7,15508.48,10.1,149,3500,40.0,21248.37,1.4,4.2,0
76358,10105.9,3560,6,3545.97,9.01,68,1176,362.03,6709.82,6.7,8.9,1
420543,10160.96,14231,12,2681.86,2.96,10,1345,434.82,12502.71,7.0,4.8,1
57057,9771.29,12794,1,18254.92,3.39,146,2186,311.7,23364.62,8.3,9.6,1
278294,4475.32,18067,4,11174.66,0.81,118,3059,140.66,11306.11,4.6,5.4,1
276569,10290.99,21219,13,17298.22,3.69,132,2052,426.13,21028.74,1.8,8.8,1
264726,7201.48,14774,9,2104.87,5.25,21,1321,227.85,13886.14,6.0,1.3,1
288176,5424.99,18330,3,11003.8,12.51,42,3216,183.98,18023.55,2.1,4.9,1
12198,8065.96,16848,15,11249.1,5.56,17,3500,212.06,14665.81,1.2,7.3,1
463716,1629.58,23563,2,17353.34,11.34,116,3500,95.47,25000.0,8.0,8.8,1
194466,3001.09,23097,0,2854.59,6.65,141,3500,85.65,7374.8,4.6,6.5,1
423295,9294.08,2403,4,5568.47,11.79,131,484,316.8,9740.34,5.7,2.6,0
177292,4063.7,15051,9,8724.23,14.65,110,3500,97.8,13589.7,7.0,9.0,1
445090,7779.1,24778,7,17450.99,3.67,81,3500,290.25,25000.0,4.6,6.2,1
154931,5543.58,15641,11,18838.78,12.95,23,3500,142.74,23670.15,1.5,2.0,0
453676,10475.46,2877,8,19861.77,9.37,82,229,516.14,25000.0,3.3,5.2,0
172491,11500.36,1347,6,19224.68,12.28,124,280,340.78,25000.0,2.7,7.3,0
391009,10777.43,24254,11,1112.89,9.81,83,3500,408.57,13073.16,9.8,5.1,1
411921,4341.51,14880,10,1906.46,6.42,80,2622,179.01,5768.97,7.7,8.8,1
446096,3538.71,23225,0,3804.53,3.5,105,3500,102.78,15292.23,5.1,4.8,1
270910,6481.57,18123,0,7628.38,1.14,79,1667,269.87,17831.09,1.6,6.3,1
33236,1577.01,22484,14,16768.44,8.08,124,2301,40.0,18438.77,2.0,2.9,0
97955,1771.0,10024,15,17960.47,14.86,143,3232,147.34,20597.92,8.3,5.6,0
226586,7309.55,15731,0,4549.85,11.1,87,2361,236.44,14871.55,9.5,3.0,1
113145,6964.72,12198,1,12773.62,4.98,30,1850,161.03,15318.01,1.3,3.0,0
156430,11943.11,11071,0,18429.88,12.43,132,1950,412.8,19450.33,9.2,3.5,1
240785,3619.34,21675,3,9810.9,11.56,149,3500,164.1,18993.87,4.4,1.4,1
104914,4210.09,12814,9,2967.33,4.3,87,1093,162.51,15821.61,2.9,2.5,0
375014,2692.18,11929,8,9698.46,0.31,48,3500,145.29,10733.98,1.9,4.8,1
217990,11134.2,2865,11,8140.1,1.86,88,465,470.46,14308.88,7.9,2.2,0
388387,9667.02,11104,3,11975.5,13.17,29,3496,354.87,19473.68,5.2,2.2,1
24596,10134.56,11866,12,9334.52,12.56,41,3500,380.93,18259.21,8.5,9.7,1
436788,10979.02,5555,3,1329.57,4.5,116,914,419.89,16014.2,3.0,4.8,1
481973,7011.45,6122,6,19885.96,4.35,6,605,374.68,25000.0,7.1,4.6,0
142351,6237.53,17256,13,11327.26,11.91,102,1783,284.04,19123.81,2.1,3.4,0
204269,4969.11,8283,10,9998.98,14.07,36,2382,293.35,22865.73,1.8,5.6,0
383640,7686.75,2449,8,19137.73,11.71,93,253,349.51,18098.87,2.2,6.4,0
402417,6269.92,17128,6,3961.35,9.12,41,2366,247.62,6136.76,8.3,4.8,1
465732,6241.44,10532,0,4595.51,3.72,119,1278,198.69,12965.28,6.9,4.5,1
148155,11337.74,24679,0,16352.28,7.93,145,3500,463.59,19744.46,2.5,7.3,1
130674,11832.33,22656,3,5955.79,3.58,7,1865,470.25,8021.7,4.5,9.5,1
392451,9863.09,12119,3,16185.32,12.14,44,3500,389.84,18932.09,7.9,8.9,1
267529,9445.96,17008,0,6159.14,5.87,78,3500,367.38,15693.92,3.6,2.1,1
250469,8645.86,13324,5,1630.56,12.52,70,2450,243.21,14752.44,9.3,6.9,1
420987,3243.79,11445,9,10823.28,5.79,64,2788,192.79,11884.84,9.2,1.1,1
433191,2120.61,2419,1,4737.04,12.38,15,611,82.3,12811.52,6.0,6.7,0
448864,8752.63,10327,10,15399.08,5.07,124,2941,279.39,18168.77,6.7,5.2,1
266713,9152.26,10117,4,13182.79,6.66,133,2187,390.18,21221.47,6.9,5.4,1
451501,1993.22,10232,7,18548.45,9.27,46,2180,40.0,23981.63,3.3,6.3,0
29063,11244.54,1030,14,15876.78,1.15,127,257,477.89,25000.0,4.3,7.7,0
77642,2456.98,8349,2,4434.74,14.23,96,2262,142.36,6037.68,2.2,7.6,1
100093,4501.96,7429,15,16203.01,8.65,66,1218,231.06,21072.89,9.3,1.4,0
227215,8560.09,4849,8,13193.0,7.67,16,772,334.36,15060.27,7.5,7.6,0
440815,3283.66,14956,6,13710.08,12.61,32,2108,110.66,19946.23,1.4,8.5,0
192992,2081.87,11795,8,16812.99,13.0,111,2650,52.0,25000.0,5.9,1.6,0
169601,4977.04,21640,0,11902.66,7.88,139,3500,162.95,23369.24,4.1,3.9,1
45954,9542.7,18685,4,9854.07,13.92,99,3500,380.85,15060.27,8.3,8.1,1
37856,5843.63,5656,11,13096.18,1.06,18,1028,223.28,23030.09,4.1,5.4,0
12573,8356.22,24740,12,6661.19,1.79,122,3500,292.98,10975.56,6.8,7.3,1
481560,7586.0,22345,2,4469.35,8.99,130,1831,246.25,5657.44,2.5,5.5,1
45367,1733.29,9728,3,12715.17,5.38,107,2254,63.89,23290.24,6.0,9.8,0
247804,11879.67,22186,3,5443.12,7.02,77,3500,453.48,7906.86,3.6,9.4,1
371752,1934.99,12420,10,2518.39,4.99,66,2175,40.0,4243.66,2.5,3.5,1
332918,11661.93,7932,11,1010.53,6.13,16,1478,508.01,7407.79,6.6,4.5,1
33752,7273.57,12703,6,12558.07,12.36,42,3500,379.55,16978.4,6.7,4.9,1
327173,11613.17,6689,9,7880.83,8.94,43,965,512.66,9308.53,9.9,1.9,1
158757,2704.91,1642,10,15293.91,14.96,90,528,72.19,24819.5,7.0,4.6,0
402426,6649.29,23960,7,8128.35,11.82,8,3500,263.46,13775.39,5.6,8.0,1
323837,3279.79,8114,10,10234.07,4.18,52,2071,208.21,16556.26,9.2,8.6,1
126739,2035.24,14753,9,8734.61,4.04,139,3500,40.0,12427.82,8.5,9.0,0
328105,7984.06,21724,4,13360.92,5.1,64,3500,358.49,19338.32,5.9,1.1,1
248009,3681.73,18513,12,7766.64,12.66,12,3500,74.87,18180.82,5.6,8.1,0
266028,7670.82,21946,12,19311.59,0.51,128,3500,391.03,25000.0,9.5,5.5,1
217980,2679.83,17646,11,18786.79,3.53,120,2555,85.68,25000.0,6.6,2.9,0
266609,4985.86,7405,9,17112.53,13.58,62,787,310.89,21237.44,7.4,5.5,0
398822,9707.14,5389,6,18485.71,9.63,39,788,474.69,25000.0,1.8,8.6,0
346676,6089.04,5339,2,9533.65,3.48,77,1305,238.24,13461.34,7.5,4.9,1
354138,8091.33,4457,2,11192.18,3.37,119,515,287.68,11044.43,3.4,9.9,0
328277,8298.31,1057,2,15099.76,12.95,17,352,341.67,24058.83,2.0,6.6,0
333412,10359.43,5121,11,14226.77,13.42,43,939,405.37,15701.08,8.6,5.4,1
495417,4911.69,15432,3,17922.89,3.92,88,3500,176.39,17020.22,7.2,3.7,1
441459,8716.6,1339,5,14610.29,6.37,25,180,265.76,25000.0,4.7,1.1,0
198456,11596.97,9743,14,19959.81,12.54,51,1500,438.15,25000.0,4.9,6.5,0
41653,9167.56,10096,4,7621.61,11.59,6,785,311.18,9431.93,2.8,6.2,0
167729,6643.64,7498,7,16826.96,12.23,48,1030,293.33,25000.0,1.1,5.7,0
443168,8122.53,10629,13,14255.06,7.82,34,2201,374.45,24376.04,4.1,5.8,1
425396,9266.67,1010,13,14136.34,13.68,132,347,407.7,25000.0,2.3,8.6,0
238504,7928.9,12096,11,7190.88,4.96,59,2137,334.27,14820.73,4.8,3.9,1
131829,1675.1,13474,12,15926.43,2.43,44,3394,40.0,23885.5,8.5,6.0,0
138377,3545.12,1637,4,18107.14,10.66,101,308,152.07,25000.0,2.0,7.1,0
481627,10009.92,14200,10,5152.42,8.14,96,1051,440.04,15074.24,1.8,2.9,1
11622,4362.83,22490,11,12884.44,12.83,28,3500,145.2,20716.39,9.1,9.3,1
58756,9181.4,5166,4,8450.56,1.31,32,412,373.21,15878.72,7.7,7.6,0
50809,5407.26,9406,15,19801.41,12.67,121,3058,209.02,24070.67,1.5,1.5,0
26725,6979.79,22318,13,10097.82,4.47,109,3500,362.31,23027.88,1.7,8.8,1
202468,2213.72,10978,9,5338.08,9.86,97,1906,131.13,10658.75,7.2,9.4,1
61226,3402.87,23330,1,8255.29,0.7,102,3500,166.57,9751.73,4.3,8.1,1
91182,11550.57,3154,11,13422.93,9.18,93,295,376.19,22683.82,7.5,4.8,0
485781,10846.45,1490,10,2445.7,10.79,82,403,442.5,6736.28,4.6,9.9,1
39402,8348.89,24704,10,12468.44,5.59,78,3500,326.2,18899.77,9.7,2.1,1
14263,6326.27,2660,4,18693.27,3.31,140,815,244.87,18200.04,7.2,5.8,0
237595,8595.49,22624,15,17156.89,8.11,18,3287,265.65,23776.2,1.4,2.5,0
187900,7995.41,21341,14,2285.8,12.51,49,2969,265.43,16100.74,4.0,5.0,1
57924,7469.8,15636,11,19874.41,4.92,42,3384,295.39,25000.0,6.1,9.3,1
346326,2121.36,10836,6,14275.81,3.86,66,3500,140.57,16209.6,2.3,8.1,1
234137,8144.43,14769,1,4083.34,4.26,100,3500,296.25,17891.47,1.0,8.0,1
462268,9573.66,16706,13,1235.91,14.24,71,2805,362.95,6980.86,1.7,4.2,1
414880,11937.86,2563,12,4254.37,5.45,65,753,566.57,11079.49,5.7,9.4,1
307881,1616.32,11295,5,16925.34,0.15,17,3500,49.81,22015.79,6.7,4.3,0
373476,9166.82,18861,6,1411.15,11.75,123,2608,360.23,16008.26,1.8,1.4,1
361707,7503.79,9067,4,5429.8,10.52,91,2803,294.39,7239.43,7.0,6.7,1
170445,6057.55,9433,8,15388.81,2.02,87,1324,175.03,23368.52,6.6,4.3,0
177469,2839.49,19551,13,12136.1,14.78,84,3187,142.17,16413.98,9.5,2.4,0
400719,5795.39,16119,3,15871.98,9.16,51,1929,199.17,15715.81,8.6,9.4,1
489361,5220.96,5419,13,15176.86,7.56,115,1149,207.33,25000.0,9.5,6.7,0
111371,4679.71,12241,13,1961.43,5.8,118,3500,209.41,11237.3,9.7,9.5,1
48709,9174.24,24526,12,17957.72,13.49,58,3500,464.1,25000.0,5.0,6.2,1
202192,8857.62,9298,9,5313.6,3.74,75,902,288.42,9375.89,5.4,1.6,1
160322,7684.71,17427,14,11514.46,4.36,76,2362,350.64,21111.6,3.5,1.3,0
31172,11355.98,15066,0,13241.47,1.92,29,3448,497.68,23363.36,5.6,9.1,1
21555,5173.47,1383,13,4203.94,11.41,27,325,175.03,10963.93,2.4,1.3,0
490626,4059.92,21682,7,19548.39,8.97,15,3500,192.37,25000.0,7.0,6.5,1
481833,8386.98,24924,14,10274.96,9.18,31,2071,417.65,22854.31,1.2,3.7,0
63276,3587.55,9915,7,2095.21,3.36,121,2837,105.25,14683.65,3.1,7.2,0
67492,4807.61,11585,6,18807.98,9.8,71,3500,204.38,22829.43,2.9,3.6,0
194074,3858.33,15508,7,12139.09,11.51,51,3306,174.57,20350.73,9.4,1.3,1
266010,2226.11,22602,1,14284.67,5.43,12,3500,115.75,23622.75,2.3,7.6,0
361743,10188.74,18952,2,10978.34,12.04,81,3500,446.01,11098.95,9.0,3.8,1
475571,4172.68,24362,8,16860.02,5.3,71,3500,175.22,23136.77,2.1,6.0,0
232320,6466.79,8620,0,1629.54,11.4,39,2261,284.34,16102.5,6.9,8.0,1
427978,1954.81,8320,15,6099.19,0.6,81,2300,40.0,19192.7,3.9,7.3,0
21046,8843.06,12401,7,9923.32,8.31,28,1713,361.92,20760.38,3.8,4.1,0
238071,4970.89,18670,7,2455.47,14.55,59,3500,175.02,5345.16,10.0,7.7,1
388165,9319.74,16759,6,14412.23,14.72,141,3500,311.3,25000.0,3.0,9.3,1
431985,5830.23,22599,12,8479.6,4.3,98,3364,207.75,16707.68,2.8,6.5,1
194374,3555.43,10149,13,6180.69,6.68,148,3341,155.69,9842.36,6.3,7.3,1
426366,6888.34,8769,10,1064.2,1.04,62,2158,297.32,11616.85,7.7,8.8,1
471463,2870.3,12305,15,14676.78,13.11,68,2300,51.39,24876.23,9.8,8.6,0
276997,6125.66,18192,4,16842.38,8.57,80,3500,198.14,16934.16,7.3,4.2,1
497829,4831.71,10879,3,8505.77,5.84,119,1964,229.5,20718.31,6.1,9.9,1
130900,11075.58,9244,9,11720.14,1.78,53,2879,468.43,23338.77,4.7,1.3,1
492615,2139.75,13785,9,5326.05,14.21,33,2822,129.95,6435.88,6.4,9.9,1
425008,8787.18,8973,12,12821.76,8.0,122,2964,419.88,23961.56,6.4,3.2,1
69129,3418.89,11179,14,1230.61,4.32,86,2380,163.65,15293.12,3.0,5.0,1
247091,4849.97,15105,9,10284.23,5.32,11,3500,173.26,10717.38,7.0,9.0,1
215550,5862.9,11485,13,13239.9,4.13,81,3500,240.26,16416.08,2.8,3.2,0
254883,11034.16,12891,9,18445.64,9.07,126,1342,524.36,21606.91,5.4,3.0,1
124130,4047.07,5361,5,8245.38,13.96,73,1507,300.11,13131.88,3.3,6.8,1
470514,2458.74,19660,11,15538.61,12.86,94,1999,121.5,24297.93,3.8,7.3,0
435203,4846.24,2096,15,12356.05,6.96,6,653,220.63,16540.2,6.5,1.1,0
156922,2599.1,17363,10,18613.23,12.41,41,3500,140.25,25000.0,1.6,5.1,0
415328,2850.26,20196,0,8569.18,6.4,93,3500,115.2,21790.25,1.1,5.4,0
131789,7525.43,23040,12,7062.81,3.86,131,3500,359.21,11768.89,2.2,3.4,1
165130,2139.47,10655,4,17855.7,14.75,107,879,135.98,22898.97,2.5,5.9,0
186492,1824.77,8419,13,1935.64,4.63,34,852,90.71,10798.69,2.8,2.4,0
48890,9001.35,23628,3,3591.32,4.92,45,3500,344.15,12405.29,8.0,3.9,1
76017,5297.29,10834,3,2565.68,14.85,8,2335,135.86,8917.26,5.0,7.4,1
188376,2816.44,20782,6,17019.09,2.1,87,2298,149.28,17773.19,5.2,8.9,0
173993,4162.93,15128,8,1201.54,11.43,115,1495,177.16,3670.52,6.8,6.3,1
142596,8241.91,2572,7,17371.49,14.04,28,589,292.79,17279.72,7.6,1.7,0
110424,4393.13,9987,10,9574.09,7.73,54,746,119.23,21376.06,1.0,7.1,0
287192,6692.47,6124,12,1076.48,0.14,41,1973,300.77,6506.06,8.7,9.1,1
438327,2777.8,1438,13,8631.26,5.69,29,434,40.0,9903.71,9.9,5.5,0
178976,7674.98,8676,11,4549.22,1.76,97,2565,321.98,13745.26,2.1,5.4,1
327056,4818.82,1261,7,12863.61,6.3,129,100,234.93,13269.88,6.9,9.9,0
44008,8083.17,24138,4,13907.82,11.87,35,1793,350.82,14036.94,1.0,6.7,1
403276,9988.15,13441,5,10263.02,6.64,96,3024,379.99,18290.83,1.4,8.3,1
215738,7922.29,2169,1,1769.87,6.54,42,777,254.42,11104.03,3.6,6.8,1
93559,4605.35,7628,15,13466.45,8.4,131,1241,213.56,13312.36,8.6,3.0,0
65337,4185.31,20746,12,16998.74,8.77,62,3388,227.44,21585.2,6.9,3.6,1
382760,4937.92,19569,10,14686.16,12.86,118,1962,168.88,19413.92,5.0,7.0,1
285494,3228.52,12591,15,16769.2,4.69,54,3303,154.49,22522.32,4.9,5.1,0
34354,3402.3,23518,13,4809.68,12.34,136,3500,215.17,15439.73,5.2,4.6,1
55186,9802.26,18815,2,17888.87,8.53,96,1701,409.03,19987.5,3.8,1.2,0
38145,5539.69,7808,4,7121.68,4.58,82,1563,201.74,13323.49,8.9,9.0,1
437236,6077.95,20823,1,1254.69,4.5,146,3500,295.16,13309.41,6.1,9.0,1
96123,7737.52,1626,2,17024.44,5.48,133,338,272.62,25000.0,5.4,5.1,0
216258,7691.36,6521,3,18894.6,9.38,47,1711,242.74,25000.0,5.2,7.3,0
226541,2207.46,6937,5,13455.61,3.54,122,2115,128.91,18973.69,9.4,2.6,0
30581,10231.18,7539,4,5397.3,13.81,63,2003,388.94,13089.1,7.5,5.5,1
98929,3361.93,22257,9,5783.14,8.67,65,3500,118.65,13504.88,2.3,4.9,1
295195,9092.25,18087,3,9865.26,13.81,45,3500,332.34,21185.51,4.9,6.9,1
61474,9613.05,4635,12,18058.79,0.79,22,1530,360.88,25000.0,3.6,5.2,0
101748,9006.45,15611,15,3842.36,5.2,83,2758,430.41,9123.81,9.9,5.5,1
135995,7579.27,12464,14,16693.5,0.44,34,1396,386.3,17471.85,4.7,3.7,0
255690,1653.39,9211,1,6534.75,4.16,106,2813,155.88,12154.47,1.6,1.4,0
341770,5283.94,8404,11,16363.14,12.94,15,1043,265.86,18839.79,4.7,9.3,0
279104,7850.81,2783,10,18485.15,0.65,128,943,337.35,25000.0,3.9,1.1,0
438988,5568.24,21442,4,9122.38,6.6,70,1434,151.12,12754.81,6.4,3.5,0
424736,10566.54,22231,4,7935.96,1.85,103,3500,413.29,10704.45,3.0,5.0,1
190553,4742.42,24751,10,16242.21,6.31,28,3500,297.53,25000.0,1.3,3.9,0
46408,4582.12,22828,6,11060.17,12.6,81,3500,161.5,11972.36,1.9,6.0,1
366150,4292.98,2977,0,14004.53,9.38,132,535,247.43,16587.08,3.5,5.2,0
269568,4994.2,3593,3,12833.76,11.08,98,1285,202.52,17975.45,4.1,3.3,0
329278,7352.75,7707,10,3904.89,5.3,91,989,160.2,12860.31,8.5,1.8,0
161563,8923.66,9894,15,17051.02,14.17,128,1378,388.97,19900.56,3.4,2.2,0
142413,8456.96,15341,4,4719.73,10.67,50,1157,401.59,12226.83,1.3,5.4,1
185695,9981.04,6727,7,18713.36,6.38,97,2302,396.79,19555.49,8.0,8.6,1
100327,10802.1,13780,11,5760.85,6.45,19,2712,493.74,14074.24,8.8,1.9,1
403554,10068.83,4035,14,14943.74,13.79,62,1059,319.36,19256.61,5.4,7.1,0
212503,1698.93,23888,11,6408.45,8.69,76,3500,40.0,18167.14,3.6,8.1,0
153326,9227.14,11082,15,7037.92,10.63,102,3500,379.33,13034.88,7.9,3.5,1
192932,3688.2,3413,7,6890.04,6.31,77,886,171.38,13281.63,1.1,7.0,0
21344,2895.74,2840,0,15209.95,3.43,85,649,183.66,21866.23,9.3,7.2,0
404966,8204.13,5789,4,11579.49,10.88,69,1581,360.11,12864.8,8.8,7.4,1
457972,4857.3,1097,9,17776.1,9.16,9,313,134.61,18259.22,5.9,9.0,0
77957,2099.73,15525,0,6840.08,7.57,32,1797,94.64,17745.15,3.5,4.6,0
115423,2945.11,7645,0,14147.86,9.4,42,710,147.84,16872.73,1.3,3.2,0
330197,1509.76,3402,1,15306.02,3.2,85,281,40.0,23145.88,10.0,5.9,0
474071,10983.85,23529,1,3878.16,11.93,91,3500,437.17,6369.08,7.9,1.6,1
156968,1758.49,9455,14,8611.2,14.23,150,1980,53.56,19572.97,4.0,4.0,0
196833,3699.29,8194,14,10173.53,13.38,41,2005,115.24,22985.79,1.2,8.9,0
203624,5870.76,5330,8,7758.06,4.89,29,1852,259.77,13064.43,6.8,5.8,1
261147,5244.0,24430,3,7120.14,6.15,87,3500,152.28,14268.0,9.9,4.9,1
87454,11073.12,24252,2,14041.98,12.15,31,3500,463.77,18988.84,7.4,3.4,1
267594,1923.03,10334,10,5101.46,8.97,81,2267,104.9,17705.61,1.8,3.3,0
362744,6878.25,10989,0,14478.42,8.26,139,1385,329.32,13711.88,4.6,3.1,0
394876,8645.03,16268,11,18765.84,13.91,94,3500,289.63,25000.0,2.0,8.5,1
431151,11282.83,10864,1,11738.75,8.09,31,3500,376.05,19871.79,9.2,9.9,1
47641,8013.9,2660,5,12617.25,7.77,126,259,334.5,17064.81,4.0,5.8,0
39711,9939.43,13768,8,2309.72,0.73,63,2921,383.26,6699.11,7.6,1.7,1
342486,2379.11,22762,4,17425.06,1.13,76,1718,240.3,19055.92,1.8,7.8,1
379040,5552.36,24547,3,6423.51,0.21,95,3500,245.02,17544.84,2.2,8.9,1
153254,5426.44,20633,12,12685.97,13.71,72,3500,219.97,13008.12,7.1,9.4,1
97833,10806.03,14985,4,19603.13,6.18,110,3500,423.6,25000.0,8.6,6.7,1
328420,3089.4,3422,8,12314.55,7.08,8,955,62.67,15840.57,2.8,5.6,0
291685,3094.8,23370,11,14769.48,12.7,150,3500,151.99,17263.81,4.8,6.6,1
366601,4949.86,24996,12,9461.07,9.18,67,3500,194.04,16143.45,6.6,1.1,1
485526,2071.89,4304,6,2146.95,9.18,91,649,78.96,15389.76,8.2,6.9,0
54813,3415.81,21762,7,16154.39,4.52,115,3500,141.35,22958.71,6.7,7.4,1
178270,11634.7,2868,14,1664.98,12.53,144,580,476.45,13583.92,1.9,7.5,0
149892,5995.93,15657,3,14312.5,2.57,140,3500,152.87,21258.89,5.9,6.1,1
296214,8136.2,8593,10,1435.51,0.89,26,2571,367.3,12218.71,9.0,7.3,1
472984,9124.17,4432,7,17383.8,2.95,95,1465,322.64,21528.34,8.8,6.7,1
414338,5353.09,12052,5,3995.08,4.09,120,1498,207.22,17233.83,6.3,2.0,1
352703,3045.88,6108,4,10771.16,4.31,45,1591,186.13,17142.14,10.0,9.1,1
214615,3669.1,23519,12,12345.86,10.09,85,3500,235.74,19049.76,1.9,6.6,1
486657,4789.3,13399,11,9693.36,3.35,127,3500,106.55,16579.24,5.3,7.6,1
51786,8178.72,23279,6,7474.51,10.18,61,3500,328.66,12090.07,8.0,4.1,1
236006,5681.95,22985,5,9888.47,1.46,131,1457,240.92,12916.88,2.3,9.3,1
240876,1571.55,9792,2,6916.9,2.29,99,1355,40.0,8493.37,9.8,5.5,0
409953,6995.78,10362,4,9324.32,7.68,59,1627,319.96,18795.73,4.2,7.1,1
308206,11175.89,6031,8,7819.35,13.84,10,1903,452.85,12016.06,4.2,9.6,1
457453,10026.81,10912,6,11757.89,12.91,13,3407,410.78,16465.89,2.9,9.2,1
323715,10164.72,21854,11,5520.56,14.53,36,1998,360.71,18375.51,3.6,6.8,1
297654,9848.11,6844,3,19784.47,9.79,132,2361,414.57,25000.0,6.2,2.5,1
291570,4899.17,17259,6,10516.53,10.17,20,1980,237.88,11675.24,4.9,9.6,1
47265,9534.54,8387,4,4689.08,9.41,144,1546,387.75,16146.22,2.7,9.9,1
421066,3003.19,18493,10,10064.27,9.38,45,2303,94.43,13381.11,8.3,1.9,0
259321,8406.02,16658,12,17461.89,2.29,141,3500,314.44,23154.69,1.6,5.1,1
76150,8236.47,19823,14,1414.33,8.2,129,3500,340.48,9761.22,8.5,5.9,1
97312,1768.48,20946,15,13911.53,5.85,21,3478,73.18,16224.25,3.5,1.8,0
99613,9773.69,18497,1,11411.39,6.69,114,3500,436.19,12634.14,5.5,2.7,1
347054,10984.11,23462,12,4221.6,7.9,137,2705,415.35,8123.68,4.4,5.8,1
324519,4307.86,24735,5,16532.05,2.01,30,3500,111.4,16491.03,6.1,9.7,1
131826,10030.1,4179,15,8008.81,5.46,133,724,419.17,11990.21,8.2,1.3,0
45435,2365.26,8040,6,6582.24,1.05,5,1056,70.73,20230.66,9.9,9.2,0
368587,7799.66,9988,7,16734.38,14.7,39,3225,351.17,20614.7,3.8,9.1,1
460348,6599.29,7574,5,13131.98,1.87,13,1997,264.35,23736.13,6.0,8.7,1
220017,7232.2,4496,7,18066.92,3.95,91,647,322.03,23592.85,5.2,4.4,0
485266,11225.15,21670,15,12967.79,13.38,42,2874,398.29,21039.81,10.0,5.4,1
498618,10648.81,6195,6,15075.54,7.29,8,405,433.12,16092.96,8.3,4.6,0
144055,9743.38,23882,1,16892.47,2.12,56,3500,354.77,19086.45,4.6,9.5,1
161734,4373.83,14735,13,2040.05,5.83,9,3213,113.93,10267.8,5.3,5.7,1
295654,11074.1,2866,5,15744.93,1.83,110,411,399.91,25000.0,3.2,1.7,0
219259,2523.83,14664,8,12660.42,3.08,52,3500,73.73,12685.88,7.8,3.5,0
182070,10459.96,7264,11,2320.65,0.88,91,1333,480.63,10446.48,8.6,5.2,1
460062,4945.68,16027,5,10662.98,6.63,42,2483,169.28,11193.54,9.7,9.6,1
104071,2064.61,16792,3,2566.7,12.12,56,3500,40.0,9992.05,6.1,6.1,1
278784,8528.25,2114,6,14983.0,8.83,91,294,347.7,22161.69,7.0,7.3,0
316691,3928.44,21439,2,11383.53,9.13,50,3500,158.6,20788.23,5.0,1.8,1
326764,4057.5,14896,4,19117.9,3.09,97,2602,137.7,19095.24,6.5,8.9,1
156389,4713.5,19300,0,4479.57,5.22,141,2555,180.48,7749.13,4.1,5.9,1
125608,2168.69,24172,14,12514.64,12.69,54,3027,135.56,18122.56,7.6,9.3,1
279708,3359.84,23746,9,5020.06,1.41,70,3500,167.93,18990.52,1.2,5.0,1
168417,1553.97,20537,2,12667.23,12.88,42,3500,91.37,16762.39,1.3,7.1,0
123824,6176.8,23523,7,14730.34,7.31,109,3500,187.89,19342.13,7.4,5.2,1
497439,2384.68,17380,8,14723.78,12.57,20,3500,239.71,19400.83,9.4,2.3,1
264444,8667.85,17388,8,16486.41,4.84,83,3428,399.28,16238.24,6.7,3.4,1
89273,3974.04,24583,14,17217.45,5.15,17,3500,184.81,25000.0,7.5,1.6,0
347003,11407.53,6233,9,2468.16,11.3,118,874,398.09,7264.85,8.4,5.0,1
221837,10648.14,24939,1,7522.08,11.8,106,2052,473.31,17165.34,4.3,6.8,1
120017,4539.13,3716,3,14055.33,3.52,139,592,156.51,19420.43,2.0,3.2,0
477254,9723.76,22572,4,10473.14,14.6,91,3500,379.24,18331.65,9.4,5.4,1
133618,9934.07,4864,14,4622.84,1.36,92,375,313.32,6399.9,9.4,5.1,0
455609,11858.91,12769,2,11501.48,1.12,33,1104,412.28,22770.74,5.0,5.8,1
469297,7777.32,22926,12,8741.28,8.97,137,3185,333.02,12163.16,3.0,2.7,1
135341,2360.64,18361,10,8410.73,10.87,111,3124,144.74,17439.82,9.0,5.8,1
301574,8291.79,14329,0,16385.32,14.42,69,2550,365.92,25000.0,7.4,4.3,1
216604,8062.29,5460,5,8744.37,6.13,104,521,355.03,16016.0,1.1,3.6,0
37788,8202.68,19281,13,1502.64,0.48,119,2463,324.87,7587.45,2.0,6.3,1
236577,4725.03,8801,14,2103.2,9.08,91,1219,168.67,16395.3,9.8,2.3,0
451759,10526.64,9341,9,17268.64,4.42,78,750,435.51,19434.63,1.3,9.1,0
417135,11574.46,23078,1,19251.42,6.55,139,3500,504.05,25000.0,3.5,9.4,1
341490,3785.98,24454,15,14079.78,7.38,17,1997,151.68,15294.74,5.9,6.9,0
368266,2425.6,8230,8,7923.0,1.06,98,2231,157.54,13398.29,2.7,3.7,0
49974,3542.62,18383,0,18833.41,7.34,82,3232,130.95,18867.17,3.1,6.6,0
379453,10115.8,24119,10,13593.26,6.45,128,3500,355.62,12903.73,4.2,6.4,1
26371,8604.77,17479,8,17042.34,10.72,129,1712,343.67,19017.23,3.4,4.5,0
317228,8178.5,1478,15,15551.19,9.72,42,189,332.44,15574.69,8.2,3.6,0
432845,5718.83,1230,6,8203.65,2.86,17,160,224.65,21385.41,5.5,2.5,0
192256,7567.19,556,10,10095.34,3.17,58,198,366.72,19977.77,3.5,3.0,0
334060,4732.68,2743,12,4536.51,3.84,110,852,229.57,5677.37,3.8,6.9,1
83972,6510.6,22763,9,6548.27,2.77,48,1470,188.88,10146.02,1.4,9.0,1
203259,9827.16,2201,1,15784.39,9.89,145,539,469.8,23339.13,1.4,4.5,0
285128,11803.04,24113,13,17985.59,14.92,28,3298,335.05,21569.65,7.5,2.1,1
305183,11291.13,18170,5,14764.75,9.82,128,1659,559.2,24625.75,2.0,1.1,0
95431,11305.59,8803,7,9838.3,9.14,33,2392,437.86,16433.83,5.3,4.7,1
355835,5723.35,15600,14,2643.68,6.21,150,1552,219.46,12612.41,8.6,3.1,1
330750,6422.29,13498,1,2082.01,4.76,96,2607,253.89,11427.09,4.3,3.9,1
413832,8909.17,9893,15,8112.19,13.67,9,2470,375.63,16785.95,4.1,3.2,1
374809,11183.02,1447,14,9812.61,14.54,150,328,447.31,12841.37,8.9,7.0,0
115373,2990.94,21005,4,12573.29,7.5,129,3500,112.97,16911.39,8.8,6.7,1
191144,4694.54,7053,12,1123.3,4.42,75,2086,253.23,3556.82,8.9,9.2,1
296718,2962.09,1257,11,19804.73,11.57,103,367,146.76,25000.0,6.1,7.3,0
406646,7926.09,15366,10,7914.84,2.07,16,2561,269.1,14302.23,9.6,2.5,1
260195,4716.16,12080,5,17113.8,11.51,56,755,225.68,25000.0,8.4,7.8,0
153748,4924.13,6151,2,11164.37,12.3,50,1724,223.17,13614.47,4.7,2.6,0
414032,2244.62,7773,13,3478.35,1.96,108,2798,62.52,10461.24,6.7,6.0,0
42733,5172.86,10533,11,16153.75,14.66,48,1915,246.52,17272.69,2.1,1.7,0
226752,10556.21,4035,1,14486.71,14.78,13,1435,414.37,21571.1,6.0,1.4,0
12050,3947.26,19177,15,11021.29,14.06,144,1966,146.81,21841.43,3.4,5.2,0
119996,8799.47,17988,14,10776.51,7.49,104,2679,339.53,20571.97,3.6,1.9,1
43933,8111.1,9353,10,2662.11,3.77,141,1040,203.04,16404.26,2.1,3.8,0
34951,10566.59,1408,5,13461.13,8.77,107,285,396.33,25000.0,4.2,4.0,0
42413,2889.02,23423,2,18313.66,6.36,114,3500,151.22,25000.0,5.3,7.9,1
175873,11764.69,5117,1,2771.65,3.17,120,830,469.47,7945.8,6.4,4.0,1
196691,7617.6,10548,14,6006.72,6.41,26,3500,240.44,9655.77,3.7,5.4,1
436129,11952.48,23953,0,18143.85,9.99,149,3500,526.33,22333.22,8.1,8.0,1
384717,11070.9,2811,13,6402.53,1.16,92,561,427.91,20042.51,5.7,2.8,0
443816,3825.93,16520,7,13424.93,5.07,147,3500,91.96,18104.63,6.7,8.2,1
198847,2089.7,17673,0,11161.55,0.37,37,1598,193.89,13517.13,3.5,8.5,1
231888,4184.21,14085,11,12330.22,11.27,19,3500,114.71,24140.63,8.3,9.9,1
271044,7039.42,14517,14,8899.99,9.65,31,1929,325.55,14136.93,6.6,5.0,1
231165,3301.76,17055,4,6699.84,1.03,116,2460,93.6,16341.56,8.8,4.3,1
253662,3258.33,13052,10,1922.14,14.47,86,3130,137.12,13783.7,2.4,7.3,1
176472,6357.23,24873,5,15141.34,0.44,52,3500,209.18,25000.0,4.4,1.5,0
407710,1849.31,13837,15,15175.78,8.89,12,3231,40.0,24817.27,2.0,1.4,0
221760,2779.82,2385,10,13743.79,11.67,138,607,137.3,23866.24,2.9,4.0,0
132744,5866.54,1549,11,13229.04,11.84,122,454,254.93,21262.73,4.6,7.6,0
361575,2162.86,21013,11,5630.63,0.61,88,2896,143.75,11754.31,9.1,2.0,1
215763,5665.93,11003,2,1424.55,13.61,6,3391,224.92,11814.37,6.0,6.7,1
53001,6477.07,1661,13,16365.59,13.78,122,308,370.1,25000.0,4.0,3.4,0
77364,6238.3,1315,15,10331.63,8.46,25,148,262.95,14823.66,7.7,6.9,0
397132,10626.34,4266,6,6829.92,7.28,138,704,453.39,11318.54,1.2,5.1,0
317172,7065.66,21545,1,2936.71,0.77,127,2884,214.7,8817.56,4.3,2.0,1
248506,6413.79,3739,6,2191.71,8.47,100,481,225.85,10920.05,6.4,3.2,0
238731,5812.45,14442,1,7628.47,6.2,17,2091,258.48,8784.55,6.2,3.0,1
440789,10085.05,8772,15,16290.0,11.61,5,1002,399.19,25000.0,6.5,2.5,0
141878,10898.09,19688,4,18455.75,6.12,121,3500,445.31,18569.68,2.9,5.2,1
396487,10459.05,24915,6,18038.28,10.29,68,3500,377.54,18157.53,4.0,9.6,1
197710,8572.24,1369,15,18480.02,1.61,65,348,348.99,19353.58,9.4,6.9,0
138301,2942.3,6026,10,18246.78,2.08,112,983,123.62,24097.48,9.8,8.5,0
398439,4407.13,8241,10,11017.27,2.18,16,2397,117.26,14526.2,3.8,9.8,0
170829,1983.66,5194,13,5168.9,0.78,94,514,111.47,10920.29,6.8,5.9,0
44636,11273.65,2434,2,16162.89,8.17,136,563,365.94,25000.0,3.2,3.1,0
221169,8438.38,22056,13,5060.55,11.93,87,3146,346.75,17062.07,4.3,9.4,1
189352,9336.81,17587,15,6076.94,9.2,132,3500,461.75,17940.03,8.1,7.3,1
296406,4771.5,16818,10,5431.83,8.67,144,2642,224.89,13854.81,5.5,9.6,1
352579,10379.36,19407,3,10784.67,10.24,37,3500,448.89,21891.8,8.6,6.9,1
203283,4225.83,19523,0,7114.72,5.16,132,3500,124.16,17813.13,6.7,8.0,1
458058,1517.26,6659,15,3928.96,5.49,104,1883,149.14,17535.25,6.7,9.0,1
400727,5452.36,16219,2,9610.29,4.78,110,1827,286.93,10525.02,1.3,7.8,1
460195,7493.0,20793,8,17604.24,10.71,76,2962,257.54,16456.84,7.7,6.1,1
255596,6526.4,13493,9,11840.5,2.51,78,3500,237.32,13747.79,9.8,5.2,1
484686,10551.8,14313,4,17688.38,0.29,100,2736,484.8,25000.0,5.3,8.4,1
441413,2606.76,1664,14,4721.57,8.98,96,570,194.08,13649.6,2.4,7.9,0
313988,7315.15,1119,14,4172.5,14.14,78,199,229.37,10877.46,9.8,4.3,0
336898,6886.28,8482,7,11935.97,9.18,76,2931,225.27,18214.02,3.6,5.5,1
437373,4454.63,3566,1,9803.25,11.77,63,1204,171.0,20627.46,4.7,6.7,0
349273,10133.4,21756,2,13543.28,10.12,60,3500,296.78,24913.05,1.7,1.3,1
312186,9404.91,9138,6,16097.91,7.51,17,572,377.15,24364.41,2.0,3.2,0
71665,9195.02,2837,13,15274.84,10.8,39,511,427.09,24097.89,2.9,3.3,0
256584,10700.02,6094,9,18902.96,12.38,123,2032,356.07,21287.28,5.9,8.9,1
126953,9089.24,2960,3,8566.87,3.45,119,964,369.92,14924.95,6.0,4.0,1
486072,3934.33,7320,8,4921.35,5.11,60,851,128.28,17444.81,6.5,5.9,0
168448,8908.41,22430,13,11467.34,3.43,137,3500,438.33,21391.02,6.3,8.5,1
196626,4730.88,3942,6,3104.12,6.84,57,1225,160.75,13378.82,5.5,3.3,0
155271,4042.83,16691,13,6488.17,13.29,105,3500,237.66,8038.74,8.2,2.1,1
128533,2266.54,19595,10,4949.87,5.24,124,3500,60.79,6473.49,9.4,9.5,1
484628,9312.3,16826,11,8534.71,5.68,64,3500,411.05,10523.11,3.4,7.3,1
454164,8965.51,11029,0,3113.11,12.92,109,3500,371.22,12048.57,2.2,2.6,1
83781,3962.24,18175,3,1604.99,7.78,138,1730,151.58,10257.02,4.8,8.4,1
475966,9368.48,10890,9,13479.09,8.08,110,1128,335.21,25000.0,1.2,8.1,0
76262,11137.33,14530,10,12594.73,12.93,84,1233,461.65,21107.66,8.9,8.5,1
318744,2634.3,5874,5,14458.82,7.41,150,2001,83.35,17388.7,3.2,3.5,0
86898,3942.68,13642,5,13547.34,10.26,15,2763,123.22,14937.32,5.9,5.0,0
465699,9377.74,19539,9,3171.6,1.38,55,1549,448.75,15581.21,2.0,7.2,1
159369,4382.32,12704,5,6530.5,2.76,125,1988,202.67,13199.51,6.0,4.5,1
40448,8058.97,23397,4,3461.01,6.13,27,3500,354.54,13263.91,1.4,1.6,1
298316,2352.22,7894,2,17016.48,7.47,51,2391,74.51,22960.05,7.9,2.2,0
446090,6248.13,17588,1,15191.17,14.49,79,3500,240.63,15549.87,9.6,6.4,1
17657,9260.46,1325,2,4829.01,14.56,97,354,357.99,6604.97,3.8,4.4,0
487602,8708.4,9696,8,7484.88,12.78,131,645,365.2,12889.14,3.3,1.0,0
266689,10058.26,12152,2,19365.68,4.8,60,3500,434.42,22192.7,5.0,7.9,1
428641,10713.25,17260,2,12289.03,14.46,77,2152,427.02,20590.6,6.6,4.8,1
429901,9618.43,1472,0,16221.96,10.37,141,366,345.1,23196.17,2.7,3.8,0
384999,8551.67,21097,1,6027.23,5.95,22,1657,380.1,19418.02,8.2,7.4,1
427794,1833.09,11768,10,4991.01,10.55,48,994,74.99,17148.1,2.8,5.1,0
169903,7117.15,943,11,15894.42,0.35,60,100,212.64,21171.11,1.0,7.3,0
17906,1895.83,24403,2,14031.58,2.28,104,3500,40.0,19725.59,5.7,1.1,0
333557,9984.71,1254,1,13938.58,12.46,5,312,414.28,21914.54,2.0,1.1,0
64028,4867.61,16523,7,11500.06,9.72,49,1242,153.23,12683.23,7.3,6.0,0
279431,7405.51,21619,5,11707.99,5.53,67,3181,317.77,24364.97,2.5,9.8,1
305804,4434.18,10863,6,14978.25,7.56,62,3427,138.59,20727.11,8.4,3.5,1
478974,9716.25,11397,0,6130.05,13.59,67,1030,395.31,18732.8,5.2,7.1,1
332648,10808.28,5896,5,7702.6,9.51,42,737,413.41,20737.71,6.1,2.6,0
200792,5685.75,3965,1,17561.1,6.03,33,743,315.03,23610.24,2.7,3.8,0
112979,10560.69,3211,12,6868.44,1.89,44,1004,469.94,8838.28,2.3,1.7,1
44701,4304.29,19291,14,11379.88,4.48,92,2632,239.54,18557.4,6.7,8.9,1
93300,7113.94,22472,5,14350.15,14.68,60,3500,285.76,21249.47,3.3,3.8,1
251249,10517.0,22988,2,19998.57,6.62,48,3500,461.8,25000.0,4.5,3.1,1
158746,4921.75,6247,6,9270.54,7.13,104,1099,201.45,10043.41,5.3,7.6,1
93560,11517.44,18607,2,9133.76,7.53,145,1798,534.18,15369.11,3.1,2.8,1
252615,2779.73,24108,8,17009.18,13.27,53,3500,107.56,25000.0,8.2,3.2,0
427090,1691.89,2419,2,16304.56,9.1,119,322,40.0,25000.0,9.5,1.9,0
53642,10993.42,17802,6,14890.44,10.44,79,3500,339.81,16400.33,4.9,9.7,1
337304,2220.81,13973,11,9801.36,5.9,143,1774,172.25,21158.87,9.3,3.2,0
289746,11914.84,21099,3,7154.84,0.53,53,3500,500.52,9625.13,8.9,10.0,1
375464,11489.67,17465,7,12565.88,13.97,111,3500,486.8,22987.97,2.5,2.6,1
98801,2938.72,14735,13,17648.24,14.24,115,3500,192.03,19723.2,2.6,1.2,0
298075,7144.64,16210,1,17791.77,14.24,119,1724,203.2,25000.0,5.3,9.1,1
104377,3441.66,14934,7,3061.47,14.16,25,3500,119.74,13490.63,5.7,6.2,1
301336,5995.63,13978,8,9138.66,12.25,51,3475,228.02,14499.37,4.1,4.2,1
318686,2144.96,4381,12,9829.72,10.3,7,382,122.91,13516.43,3.8,5.6,0
399159,3851.21,20793,7,19574.69,12.68,131,3500,119.42,20717.84,4.9,3.3,0
314664,5314.36,2499,5,13881.96,9.05,71,345,152.51,21955.87,7.2,6.7,0
336916,6105.8,15349,9,8737.68,2.1,66,3072,183.71,20635.43,1.8,6.5,1
461978,11763.71,11403,0,1495.1,5.93,35,3342,528.02,13010.33,7.4,1.7,1
322250,9982.59,17284,6,11742.32,14.57,50,1858,362.18,22246.15,9.3,9.2,1
91121,9242.8,15200,0,2825.44,5.33,49,1474,342.11,14418.34,7.9,5.1,1
35559,7138.93,20532,6,16854.55,13.03,18,2891,317.28,25000.0,2.7,2.8,0
377739,10319.98,5945,13,15297.85,1.49,125,2055,377.85,24089.74,1.8,3.8,0
43742,5062.89,3128,1,9749.67,5.08,144,889,117.27,12532.71,5.4,8.8,0
341813,8943.44,18540,7,9155.0,5.33,123,1221,278.65,19614.78,9.6,4.4,1
483415,11934.73,17504,1,18049.44,0.87,81,3156,474.55,20626.45,8.4,6.1,1
162826,4803.6,746,2,6480.71,1.87,92,102,217.01,20129.97,6.1,9.5,0
145044,8577.18,5712,12,5731.38,2.98,121,1436,332.97,11481.85,2.3,6.9,1
342975,10365.31,3839,11,18844.75,12.58,128,759,436.13,20882.12,7.4,7.1,0
122217,11115.98,23642,2,16375.67,1.04,58,3500,364.0,18210.34,8.3,3.2,1
51873,9038.29,23970,0,16591.89,4.55,52,3013,284.27,23834.2,9.4,7.0,1
497877,4477.88,19894,4,4708.68,0.25,105,3500,291.81,7186.82,6.5,4.5,1
378676,4925.96,21603,4,3722.62,10.46,19,3500,258.68,17374.37,5.6,9.2,1
398411,1717.96,2868,9,1494.56,9.34,117,882,107.17,7021.71,6.6,2.2,0
413119,9489.3,12686,4,5503.79,9.71,20,2310,346.59,10243.24,9.5,3.6,1
144092,1948.77,2339,13,15709.62,5.68,139,622,66.05,15166.56,6.7,1.6,0
313899,10578.85,19787,12,5560.73,3.2,47,2987,423.07,9646.81,3.3,4.4,1
358100,2745.94,6705,8,14852.96,10.83,32,1278,175.55,19329.1,6.7,2.3,0
96988,3304.7,4895,5,5786.26,12.19,70,1609,152.33,11433.89,8.9,8.6,1
55648,6503.53,15790,5,8510.56,2.17,102,3500,286.44,12357.71,6.1,9.3,1
135991,9247.74,22651,2,19680.08,7.35,64,3500,361.53,18273.73,5.5,7.0,1
412732,2959.52,4191,4,5651.42,3.81,132,722,158.01,10428.69,7.6,1.9,0
387149,6120.75,7970,9,8151.04,2.6,135,2439,259.95,18639.13,6.9,4.1,1
12396,6569.94,4341,6,6720.66,11.04,133,294,265.0,13080.83,1.5,9.7,0
94082,3729.0,4848,2,3082.87,8.12,60,440,112.01,8246.38,7.5,2.2,0
422345,2713.36,23505,1,10307.99,3.32,88,3500,102.86,14208.69,4.7,6.0,1
138322,10282.42,18276,4,8195.12,4.72,36,2693,357.32,15763.78,9.5,4.2,1
142663,6775.89,6560,2,14202.85,14.5,85,2266,269.03,17292.08,9.7,10.0,1
21303,1651.0,21139,4,16534.3,12.75,22,3500,70.49,23427.81,5.0,3.6,0
171633,9931.3,16025,8,11340.74,13.21,39,3026,277.03,23935.5,9.7,1.4,1
343863,11798.33,4800,10,1611.73,6.95,108,1264,460.42,3824.68,3.8,7.3,1
259690,7862.23,3838,9,12759.52,9.39,104,1114,255.7,14401.19,7.1,3.9,0
495324,6788.94,5987,0,2052.42,5.71,27,1213,296.49,5970.33,1.7,6.9,1
269820,10723.37,4014,3,12710.77,1.26,145,499,460.79,17980.53,2.3,1.9,0
109616,11501.43,17643,9,14015.57,6.08,146,3500,438.74,13750.9,8.8,5.7,1
396309,9422.64,11780,14,4757.58,8.95,9,1839,404.36,12013.84,9.0,4.4,1
96231,6177.26,10807,15,16567.58,4.38,32,1216,276.64,25000.0,5.8,5.8,0
279458,7718.32,10415,4,18310.62,12.73,136,2598,297.25,16798.83,4.1,8.7,1
29623,8859.82,11658,1,16448.65,2.35,54,1016,431.11,19903.13,5.1,9.8,1
208747,3539.87,9121,11,6797.07,5.57,106,3205,105.34,17329.28,8.8,7.8,1
468298,6195.61,11047,1,12146.22,1.96,33,2759,321.39,13725.4,2.9,7.9,1
486840,10213.12,23677,0,18381.49,6.13,41,3500,397.26,17713.46,3.7,5.8,1
115228,8374.62,13985,13,7092.63,0.69,134,2261,292.82,15874.22,8.1,1.9,1
436346,5817.64,2959,7,16580.53,4.16,120,1040,215.13,15393.79,9.4,7.0,0
192828,8465.31,5773,1,1180.03,6.07,62,598,283.64,13367.04,1.8,2.3,0
369768,2741.34,18602,2,1069.29,7.22,150,1343,148.88,3724.52,8.2,3.2,1
167364,5715.72,9957,14,15434.52,8.2,110,696,148.49,21164.22,6.8,7.4,0
383929,9827.85,5923,11,15467.5,4.2,60,1181,462.59,23995.66,3.1,6.9,0
358350,3815.34,18192,1,15990.57,7.89,126,1545,105.82,17938.6,7.8,3.8,0
79274,3452.6,17934,3,18670.51,7.68,107,3500,179.94,18282.43,7.6,7.9,1
143541,11483.6,5979,13,3240.22,4.81,127,946,460.56,6875.27,2.3,9.5,1
63947,3703.93,15919,0,5407.71,12.47,26,2558,161.7,17437.05,5.5,5.9,1
163606,4239.65,2749,2,18170.77,8.23,64,689,140.08,25000.0,7.8,7.1,0
204692,11680.97,3309,4,4367.49,5.05,142,360,484.88,8069.27,2.7,3.4,0
58874,9214.44,3421,9,13962.36,14.22,88,992,375.33,22479.46,5.2,9.7,0
59708,8845.76,5176,0,11078.8,12.69,132,1214,280.93,20075.08,2.1,3.5,0
84553,10455.73,20925,15,2580.68,14.74,84,3500,370.1,17034.97,3.8,9.0,1
78344,2716.14,2917,3,6420.01,10.41,138,494,81.6,12226.24,3.0,9.4,0
321282,8912.54,17416,5,10887.07,5.74,85,3500,318.75,21952.75,5.5,7.5,1
195374,6788.73,13963,14,17194.65,4.28,10,3250,334.19,21559.47,2.3,8.3,1
57638,10206.08,8667,3,14443.23,9.98,90,3051,408.59,25000.0,4.4,5.1,1
88249,6835.49,1969,6,12815.78,14.71,86,134,234.49,13443.43,3.5,9.3,0
378009,8012.53,7792,13,10424.62,9.44,46,2169,295.96,12618.76,7.7,7.7,1
12719,6516.29,24026,6,6675.0,13.24,78,3500,235.43,18389.41,7.3,3.9,1
163962,6520.67,22884,5,3265.65,5.0,45,1738,246.42,15263.42,1.9,1.3,0
480452,9563.68,23965,8,8772.44,6.16,67,3500,328.78,12988.59,9.6,5.9,1
439725,8099.95,21533,1,1541.85,13.6,26,3500,283.3,10991.86,7.7,8.6,1
52534,8149.26,7431,12,5010.06,11.38,83,1697,364.3,10983.14,6.5,8.7,1
102241,6227.97,20308,9,9217.18,14.72,75,1607,258.39,9507.87,5.3,8.5,1
422003,7076.65,1591,7,8953.5,11.64,118,426,275.45,9502.15,2.6,2.9,0
136209,9330.04,16863,7,1841.61,6.78,38,1318,373.33,4178.62,9.7,4.8,1
452061,10172.38,24733,10,12192.14,8.01,100,3500,404.62,19476.65,1.1,6.5,1
199004,8813.89,21538,9,11444.0,13.52,134,1570,342.1,14785.16,7.2,7.0,1
102124,11202.77,760,13,2483.98,8.32,113,100,473.97,5858.51,5.6,4.0,0
101659,10113.4,10956,13,18920.1,3.91,79,1562,426.69,25000.0,9.1,7.2,1
174134,7399.57,22820,10,2888.27,6.59,23,3500,217.39,5887.76,4.4,6.3,1
85713,8549.76,13935,3,17241.85,7.79,129,3500,335.41,24555.24,5.7,6.1,1
228335,11226.24,9877,5,1005.88,1.54,24,942,373.76,14428.79,7.7,7.0,1
498972,8001.26,16313,10,17763.34,11.18,120,1677,351.83,18340.46,1.4,6.4,0
463677,10160.47,21254,5,1374.67,1.73,98,3500,444.8,5891.22,1.5,2.5,1
85418,8732.51,4801,4,15398.43,6.13,86,1492,318.76,21778.32,2.9,8.9,0
469888,7295.33,7707,13,7872.13,12.09,100,1543,285.98,14907.54,2.3,3.2,0
138232,4039.3,22703,0,15026.12,7.07,108,3500,56.0,20794.25,1.1,7.7,0
438048,5972.97,16976,2,8633.16,12.65,8,3500,287.56,16117.34,6.6,2.6,1
173038,11661.3,22045,6,2347.25,5.19,135,3046,501.94,16226.54,8.2,6.9,1
475761,8406.54,24516,7,15582.63,14.37,96,3500,393.77,15166.0,9.6,9.1,1
416203,7426.15,23092,1,2353.8,3.22,65,3500,371.37,13768.87,5.0,1.1,1
178383,11296.04,9056,2,18520.29,0.67,42,2728,390.64,19838.82,3.5,9.8,1
303719,7658.37,21800,3,1968.51,13.1,122,3500,350.74,8432.62,8.8,1.3,1
335996,7023.87,14295,13,10107.18,11.31,138,3500,354.92,11246.53,8.6,1.1,1
268722,9472.76,20602,10,14737.65,3.56,60,3500,304.18,19583.27,6.6,8.7,1
142079,8982.99,6625,4,8471.68,14.77,125,1400,350.76,19232.19,3.5,7.4,1
212053,3528.18,2424,2,5127.44,7.58,85,236,122.96,7385.58,9.2,2.0,0
86242,6448.74,19979,4,15422.73,14.27,110,3500,300.72,17921.03,2.6,9.4,1
188589,6461.41,7183,7,15901.6,7.62,124,1716,138.76,19571.08,1.4,7.0,0
39257,5471.36,22065,7,18531.2,7.13,73,3500,309.65,18175.65,8.2,2.0,1
490488,6931.58,19422,13,8147.14,6.79,87,2334,271.64,18427.83,6.1,8.7,1
445423,5837.63,19160,1,10618.78,5.09,46,3500,279.31,20725.34,3.2,5.3,1
154353,3593.13,13831,5,7899.44,8.05,103,3500,140.71,19186.19,7.0,3.5,1
333390,5829.85,10445,3,5884.55,6.84,134,1460,257.8,14298.29,7.9,8.4,1
273579,2258.91,17794,8,15269.63,0.65,32,3500,40.0,20809.81,8.6,7.6,0
239947,7545.75,806,9,7453.39,3.98,121,272,282.59,11375.89,3.5,6.6,0
241758,10463.37,23459,1,9134.84,3.28,149,3500,460.92,17824.93,1.2,9.1,1
101357,9115.51,4731,7,8669.8,13.02,74,1305,379.06,14715.17,5.6,8.8,1
167732,5284.14,6528,0,14540.56,9.02,111,486,129.52,25000.0,8.7,3.0,0
408300,2414.25,12707,10,18438.12,11.48,127,3500,99.64,25000.0,2.9,8.9,0
485413,3622.57,7158,5,13668.37,14.36,73,1842,103.97,24702.36,4.8,4.4,0
416723,7227.65,6836,10,9960.07,9.7,43,1047,243.84,14649.21,3.3,4.9,0
213667,3674.1,14396,10,15804.9,14.74,139,1672,70.93,19427.56,1.1,9.8,0
93807,7211.72,10130,13,13178.46,4.75,8,961,319.4,23627.52,9.1,7.8,0
448755,3931.79,17756,11,2151.6,2.88,86,1333,212.92,13200.03,2.2,3.9,0
388097,10413.7,1641,9,2817.61,6.11,101,470,522.56,13410.78,7.9,6.8,1
148563,5671.35,17549,12,1720.42,7.11,146,2295,153.15,7011.28,4.1,5.9,1
268778,4078.28,8900,0,9679.51,13.44,74,599,201.5,20577.14,3.5,2.0,0
191264,10029.42,1451,1,16691.22,8.44,50,260,442.84,22885.44,9.5,9.0,0
483611,5099.81,9749,2,6948.58,4.45,103,1996,174.97,13368.12,6.9,8.4,1
395941,2670.62,13436,8,8299.04,11.17,84,1488,60.95,19889.72,7.2,8.0,0
336032,7489.3,14955,4,18280.07,7.64,52,1095,245.28,21748.78,7.8,6.0,0
83609,7606.42,5222,9,16901.17,2.52,11,610,277.89,24021.97,4.1,3.0,0
281221,9004.3,13312,9,13635.91,8.69,44,3500,370.3,18965.5,6.1,9.0,1
258512,4022.3,4508,11,6069.27,13.68,63,382,228.9,14561.01,3.4,4.2,0
263973,6159.6,10560,1,3223.79,12.66,40,2392,301.65,5106.14,8.5,1.2,1
293097,4464.86,13556,9,1305.12,8.84,112,1409,97.82,9038.59,6.4,9.8,1
480135,2350.01,7155,4,3033.2,5.72,35,849,54.56,11660.95,3.2,8.8,0
386826,10704.45,23074,4,6559.33,1.4,48,3500,493.16,13652.82,9.1,6.6,1
340033,9153.13,17655,0,11484.01,7.1,47,1593,329.57,22203.54,6.2,1.1,0
164893,4665.36,13527,2,2216.0,11.31,138,1514,183.77,7817.41,5.5,3.0,1
440783,7793.42,4530,4,3588.33,5.47,97,746,226.47,16363.66,1.3,5.1,0
125374,3613.27,24743,8,4440.53,3.61,90,3500,202.18,10797.43,9.2,6.7,1
34860,10847.48,1021,9,13007.66,13.98,13,291,338.26,21434.98,9.6,7.4,0
162267,2706.52,20239,15,12700.01,12.34,15,1668,40.0,13287.4,6.1,8.1,0
87475,1540.29,1900,0,11464.55,9.61,84,604,114.15,13773.64,5.0,6.0,0
494090,6771.09,12430,7,5759.53,2.14,113,3500,366.85,16502.78,4.2,6.9,1
359410,7622.84,4223,0,8051.27,2.26,122,1224,290.38,8601.29,3.4,8.3,1
162499,7579.14,7079,8,2837.1,1.64,22,1082,300.82,16860.54,6.2,7.5,1
372876,2072.38,20131,15,5302.75,9.28,101,3500,128.31,8720.38,2.2,9.6,1
299227,4797.46,18742,5,18056.4,1.82,34,2152,206.37,25000.0,9.3,8.9,1
228118,6741.59,5281,0,19614.14,12.66,119,514,251.0,24398.6,2.6,2.5,0
329516,3774.08,20948,7,13305.53,14.9,5,1539,126.69,19983.9,7.7,9.5,0
133786,10662.57,13373,4,18419.64,5.56,101,3500,348.16,17829.43,3.8,2.8,1
447280,2414.65,19282,6,13212.1,6.86,117,2939,108.23,17317.52,3.0,9.9,1
17813,6617.54,17026,6,1630.73,10.7,83,3500,260.11,5335.43,6.0,7.3,1
41598,8759.87,21946,14,19938.49,14.06,33,3112,328.5,24787.9,7.9,6.6,1
267951,4248.39,11543,6,2880.09,13.42,70,3500,119.84,11463.59,7.5,3.9,1
103106,8054.53,20353,5,13970.19,0.96,109,3500,277.15,22401.82,3.1,2.2,1
299226,10208.54,16875,10,5803.89,2.62,23,3500,439.26,18060.73,4.0,2.1,1
301385,3498.54,20579,7,8447.64,11.34,70,3500,184.02,14844.45,8.8,8.8,1
237286,11130.82,17601,8,13272.75,10.36,116,3500,428.88,15651.88,7.5,4.9,1
447785,7312.36,1142,11,9293.26,2.08,64,394,270.87,13771.04,7.4,6.0,0
21745,4641.94,19432,14,5760.38,7.58,121,3058,143.0,17620.47,3.4,9.4,1
298173,6024.01,12385,1,7354.48,11.73,72,2299,287.8,9779.81,8.1,3.3,1
154097,4778.01,20534,6,7489.41,3.36,97,3500,192.67,16145.86,4.2,7.9,1
242732,9113.67,8049,14,19227.15,13.08,145,1208,382.94,17551.84,4.6,5.2,0
395539,9861.16,13897,1,16173.65,0.89,147,3500,412.37,18132.62,3.6,2.9,1
155360,10245.84,15574,5,9712.43,11.75,54,1280,394.45,17458.25,2.1,8.7,1
99186,11850.57,14271,1,4796.6,9.28,93,3098,415.75,11770.64,4.8,7.1,1
409756,9808.49,1449,9,16409.31,4.8,103,140,342.53,21543.59,1.2,1.9,0
369912,7814.53,22328,5,3986.47,10.84,117,3304,368.98,13776.48,5.1,5.9,1
223030,5061.81,17405,1,4998.78,11.76,111,2395,166.19,9048.64,7.5,8.7,1
209950,7218.25,23516,0,7954.25,14.02,28,3500,268.21,12013.86,9.6,1.6,1
51846,1931.22,22932,6,17726.62,5.58,29,2707,40.0,25000.0,1.7,4.7,0
348076,9320.66,15232,2,3503.95,10.32,15,3500,312.02,11800.95,3.5,8.2,1
158554,6182.53,17238,13,3322.45,9.08,98,3500,208.84,4847.59,5.4,8.7,1
295555,1710.24,18366,11,10385.52,7.93,64,3500,152.83,19022.68,2.5,8.0,0
454191,2156.32,10339,13,6251.8,13.37,29,1346,119.15,15062.64,2.1,3.8,0
463761,5568.4,13323,12,11805.83,0.15,149,1706,196.4,12466.56,5.1,5.6,1
350941,7625.93,23878,3,9581.1,4.3,144,3500,359.18,19382.63,6.2,7.7,1
324451,6374.14,19099,12,9264.22,8.12,127,1196,247.35,16198.69,8.4,2.4,0
406309,8001.65,21600,15,3127.49,2.76,15,3500,387.78,7163.71,10.0,6.4,1
480474,6543.09,22705,15,3679.94,13.63,14,3500,372.31,12215.58,8.0,7.5,1
294186,8447.89,19421,5,16600.49,9.75,85,2067,389.32,23021.35,3.0,8.6,1
62930,3800.82,15190,4,17831.77,7.22,58,3500,156.76,25000.0,7.7,2.0,0
258656,2684.85,6839,3,5458.99,12.24,113,2384,142.36,16015.07,5.8,4.0,1
447629,7762.56,11456,8,3155.75,6.82,67,3500,311.26,8449.62,5.1,5.9,1
254459,6589.24,21803,5,2014.92,8.42,24,3500,171.77,5147.66,9.4,7.3,1
234695,1782.11,23959,5,12557.65,0.14,9,3500,40.0,23137.51,7.3,7.6,0
370027,5495.06,4265,1,14591.71,5.55,45,651,172.22,24672.25,7.1,3.3,0
305900,2614.32,23966,5,8083.39,2.17,122,3500,70.73,10745.74,1.1,1.1,0
63268,7079.25,3327,6,13913.84,10.38,67,1139,372.85,13938.78,8.8,7.2,1
442430,5655.67,2558,7,14546.22,7.24,36,534,282.33,22891.22,8.1,9.2,0
222943,7938.1,24633,14,18771.5,4.6,31,3500,339.57,25000.0,3.7,8.2,1
268916,9958.82,12019,13,2232.6,7.07,72,2215,438.97,6088.95,3.6,6.6,1
431818,4646.52,1230,7,4653.54,3.22,109,197,91.26,14409.59,1.5,9.8,0
194403,11602.07,2332,15,2301.99,13.88,11,289,500.49,7467.6,1.5,4.9,0
58901,7124.16,9100,8,17491.88,0.9,107,2234,331.95,19381.53,7.0,5.7,1
372130,7992.05,23389,9,16059.16,12.99,116,3500,207.69,19066.06,2.7,1.1,0
204488,8647.06,16118,10,11918.2,7.72,150,3204,384.14,18299.71,9.3,9.5,1
173268,8500.68,7670,12,2589.6,9.32,107,681,268.82,14529.58,8.6,6.3,0
400530,6865.19,4679,11,6192.93,4.61,21,1399,176.11,13436.71,4.1,4.5,0
277770,6002.03,6799,2,6656.68,14.5,94,765,306.4,11199.9,4.4,1.4,0
148496,2064.71,8330,9,11654.12,4.3,119,786,40.0,22814.96,3.9,4.3,0
285001,1731.9,11939,14,5902.83,8.87,90,2948,40.0,7438.43,1.8,1.0,0
251531,5258.59,5302,6,2386.24,14.9,107,952,259.82,14271.18,1.3,3.9,0
256693,5003.44,22941,6,14884.48,13.23,86,1788,184.88,24104.55,5.1,9.6,0
423198,5570.8,7115,0,6682.52,8.09,130,1186,213.82,10642.12,9.5,2.4,1
480177,2952.87,7262,7,9595.11,14.86,42,2117,108.01,12253.93,9.3,5.9,0
405196,9250.77,6043,14,3425.67,10.55,96,1478,387.41,16111.64,8.3,2.7,1
189362,10498.13,5383,3,16248.42,3.21,67,909,408.61,22264.06,6.7,8.1,1
36431,11356.5,23934,4,11745.11,6.14,140,2813,459.97,11994.24,8.7,6.1,1
357120,6669.8,21843,13,18130.13,5.08,34,3500,241.61,25000.0,5.6,2.8,1
248360,8859.09,16239,5,10413.96,5.23,68,3500,371.95,14868.25,2.6,8.8,1
354855,10483.29,1166,2,18887.09,11.43,13,296,435.02,21557.71,7.2,8.1,0
36385,5892.06,776,4,17945.5,8.81,61,236,330.58,24719.14,9.3,9.6,0
441374,4748.83,14563,9,11952.74,0.67,111,3152,170.89,20159.23,1.2,1.0,0
426235,11335.61,1381,4,18743.98,13.17,99,380,444.22,21588.29,3.3,5.1,0
290783,6914.6,2560,0,7138.69,4.52,79,842,288.53,9573.58,3.4,10.0,1
95530,6721.17,15177,2,7947.2,14.96,9,3500,317.07,15537.27,1.9,8.3,1
240983,3373.37,18966,2,1864.08,14.32,99,3500,80.36,11618.59,3.0,8.5,1
293707,2635.63,7202,0,12194.82,14.11,8,1364,110.6,22938.75,4.5,6.6,0
442557,10342.12,9929,12,14716.56,12.19,12,3289,288.29,20070.97,9.5,7.4,1
387816,7948.4,16353,6,15696.86,3.39,145,3500,304.36,22951.54,8.7,8.2,1
408992,4921.16,658,0,3846.51,8.04,137,211,250.48,5784.52,9.5,1.8,0
439660,3513.23,16496,6,9439.02,3.44,44,1185,104.22,21180.01,2.1,7.2,0
472132,7332.72,5729,3,4360.4,3.97,23,1474,302.15,9742.13,1.3,8.3,1
411927,7631.15,8456,8,13580.42,9.2,86,2659,278.8,21083.21,2.0,1.4,0
215390,3673.43,24398,6,4000.98,0.71,129,2739,103.97,17109.46,9.2,3.7,1
355114,10439.76,24687,4,18179.11,14.54,8,3500,466.16,25000.0,2.4,3.9,1
253373,2384.78,13066,6,5382.06,13.79,132,3500,43.13,14595.8,6.2,8.7,0
357697,5238.98,3026,8,6536.64,5.77,150,443,224.21,16376.21,3.0,8.0,0
171779,8644.04,8303,9,17167.22,7.78,111,1508,361.18,25000.0,1.2,6.9,0
180182,4378.26,7074,5,9710.88,7.05,97,1633,132.54,20325.92,1.8,8.2,0
202860,10190.59,9233,0,1455.92,13.24,35,1992,415.41,11092.9,7.4,5.1,1
92879,9268.61,18022,5,10397.14,10.36,62,1293,324.0,18880.85,2.6,8.9,0
442043,9784.74,7757,0,2606.32,4.24,32,695,417.48,5999.55,3.1,3.1,1
248260,2750.62,3783,12,19721.55,6.76,141,341,44.28,23889.42,4.4,7.3,0
408871,2975.74,16409,11,12174.12,6.49,94,2276,102.05,15652.27,6.9,3.2,0
317003,4507.97,24646,3,5874.12,14.39,53,3297,167.68,12314.91,5.2,1.4,1
456841,6939.81,12302,13,11710.64,2.71,115,3477,333.24,19977.72,9.5,3.6,1
324242,9354.17,8396,7,2460.47,1.43,6,1946,381.17,5907.34,4.9,5.4,1
156323,10283.57,19303,15,16197.93,13.22,10,3500,459.09,15184.23,2.8,8.6,1
132413,8895.52,14026,4,18581.23,13.46,33,1136,383.56,22025.0,5.8,5.6,0
272670,11250.27,18640,14,17614.44,13.09,11,3500,477.43,20279.95,5.1,2.6,1
340904,9256.81,11778,4,7493.39,7.71,38,1851,353.68,13460.33,8.1,9.9,1
57837,4715.81,13742,15,7189.59,9.93,142,3500,239.68,19857.54,9.4,3.4,1
270550,4283.35,19190,12,1666.66,8.49,116,3500,153.53,12525.42,8.5,9.9,1
283680,8810.02,24514,9,13376.61,1.13,61,3500,265.91,16958.25,4.5,9.4,1
38541,3525.14,23147,10,11163.19,8.98,31,1711,130.27,13261.18,2.9,5.9,0
89083,2473.51,21892,7,9727.58,0.3,43,3500,121.61,17822.28,9.2,1.8,0
454243,7088.34,22131,7,18244.99,4.94,123,3500,203.2,25000.0,4.5,7.3,1
44531,10127.24,3070,0,4189.7,13.99,104,944,360.83,11638.85,7.9,8.6,1
280856,2564.49,22691,12,1183.66,4.63,13,3500,41.05,5712.82,9.9,5.0,1
376245,9814.86,24696,12,2393.01,14.1,6,3500,431.93,4285.63,6.2,3.2,1
337599,10021.51,824,4,5244.06,3.83,96,100,484.5,9648.84,5.3,8.2,0
84744,6563.88,24371,11,1632.43,4.79,63,3500,252.07,9249.16,7.3,5.9,1
262859,2101.76,10221,4,10554.03,9.46,75,1451,110.65,20686.37,2.7,2.8,0
139749,3333.19,6145,7,6967.72,11.45,74,405,158.6,18672.98,5.4,9.5,0
277253,8927.98,18829,0,4429.18,7.57,29,1505,434.81,10911.49,3.8,9.5,1
321412,8973.67,14904,6,15251.6,13.24,74,3500,326.32,24550.89,2.5,4.3,1
241809,10932.73,4986,6,4884.58,0.7,150,817,426.32,18821.25,6.5,1.6,1
326759,7618.2,2930,12,14064.5,13.84,67,939,287.69,22567.53,6.2,6.7,0
92503,2803.13,20394,8,7636.03,3.02,53,3500,115.89,17580.61,7.9,3.9,1
264346,2774.86,17729,1,10724.73,13.28,127,3500,236.21,22403.76,8.9,1.6,1
432975,9071.89,13656,14,18743.47,6.07,128,3500,364.42,21390.65,3.0,9.0,1
95708,3429.74,1067,15,1709.68,12.51,44,350,94.45,3513.41,8.0,10.0,1
201184,4948.05,2679,2,10505.03,10.11,89,393,140.2,23234.73,4.3,4.2,0
112471,6615.73,2519,3,17234.04,2.72,91,266,327.26,22163.32,6.7,7.7,0
264225,1760.03,16419,0,12171.51,13.78,84,3500,40.0,21951.02,8.7,1.6,0
167661,4112.6,20203,14,6260.54,3.76,8,3500,197.68,17570.82,3.3,4.3,1
171087,5782.84,19204,6,8555.94,3.74,38,1721,197.33,14012.47,6.4,2.0,0
170081,4436.18,18530,13,13925.05,12.23,9,3500,114.11,20176.59,5.3,1.5,0
355453,2931.89,4409,9,17925.43,1.68,107,1009,147.54,23359.25,8.1,6.3,0
398590,9144.13,8515,2,1780.26,3.41,38,2716,334.23,6287.02,7.3,8.2,1
203118,10038.05,3920,2,2359.24,7.6,10,952,422.79,5416.7,7.9,5.1,1
378805,4203.53,15385,2,7175.98,12.47,33,3500,193.11,14807.22,3.6,5.7,1
167215,9631.4,17240,7,5422.81,2.3,57,3314,412.57,7900.11,7.3,3.4,1
16154,5548.31,7985,8,6033.69,8.26,5,1588,208.52,11326.11,6.5,7.6,1
162876,6820.2,19965,9,5204.13,10.7,63,3500,307.12,8582.39,5.1,4.2,1
444904,10488.01,19164,12,4720.68,12.92,11,1946,373.39,14966.45,4.4,1.6,1
74288,9374.51,4631,13,3481.86,14.04,82,898,252.28,16121.6,4.0,2.5,0
61195,9953.73,11152,1,18745.13,11.79,55,2863,433.49,24508.99,1.1,2.2,0
292725,2936.87,22007,9,3739.6,9.83,31,3500,125.75,10323.71,2.5,4.9,1
455864,2232.05,14879,14,4883.67,6.56,67,2157,58.78,18863.29,1.5,1.6,0
302231,10880.75,15403,9,5679.05,1.77,65,2252,361.67,6818.96,8.6,8.3,1
191002,5572.26,16413,0,18727.28,10.68,65,2135,121.06,20938.26,8.7,9.2,0
174053,4522.74,24306,13,15358.57,14.89,130,3500,183.5,17909.61,8.6,3.2,1
79298,9109.31,19671,8,16004.29,11.08,49,3500,446.81,19434.08,8.4,5.4,1
318311,10282.36,21093,5,2990.41,0.35,133,3500,404.37,7390.07,3.0,5.7,1
216376,10556.14,23424,13,16889.89,7.49,99,3094,404.18,18947.33,5.4,9.9,1
446624,4817.97,9970,14,8755.67,9.26,95,1748,191.5,12354.34,9.2,1.6,1
49499,10448.23,17349,8,5993.64,10.38,48,1592,526.89,13369.58,7.8,7.0,1
397960,1929.81,12040,5,11939.25,10.82,66,3500,114.79,16635.12,1.0,4.1,0
455485,2021.45,18371,1,16621.48,8.42,65,3352,40.0,23607.83,5.1,5.5,0
179631,8046.95,21826,0,15794.39,3.43,83,3500,323.28,21322.73,1.1,3.0,1
255198,2162.62,5097,13,17909.95,14.14,93,837,103.13,18712.44,3.5,2.4,0
477535,4908.4,5036,7,18634.51,10.48,116,1566,143.52,25000.0,4.9,3.2,0
252997,8563.94,17209,2,5524.32,3.63,115,2356,380.51,12557.99,9.0,1.6,1
498533,5041.3,10457,0,9053.3,4.9,54,866,160.76,11234.65,6.9,3.5,0
106347,3385.8,4662,14,1277.94,13.84,45,324,59.88,5191.79,4.3,7.2,0
320931,4454.18,803,15,17707.11,13.32,37,194,181.97,25000.0,5.4,6.9,0
307632,6304.54,5567,7,3936.87,6.14,16,854,248.07,14288.41,8.4,6.0,1
346585,6491.55,5524,11,17368.02,0.67,6,1066,259.61,22479.28,3.7,1.0,0
215735,9721.5,8215,0,7258.36,0.82,111,2510,350.63,11785.75,6.5,2.1,1
32431,9376.61,11726,7,7994.54,4.33,146,1576,343.81,14382.42,3.4,8.6,1
333825,6296.59,3131,0,1743.51,9.47,38,478,308.29,11669.09,5.3,3.4,1
204555,10379.51,23275,8,7210.7,8.8,89,3500,437.23,19199.23,1.2,9.2,1
132720,2699.49,13912,13,17878.91,9.54,89,2891,60.14,23529.41,8.7,8.9,0
59153,4181.21,15537,8,1485.4,10.79,54,3500,69.71,6785.88,1.4,2.4,0
278512,10193.75,12147,11,8720.22,0.38,146,2093,362.03,9531.79,3.0,9.1,1
430640,5468.94,13069,12,1596.59,1.67,110,2346,226.62,5558.19,4.0,6.7,1
384504,11802.41,2869,8,8047.55,5.46,50,316,440.5,16890.35,6.6,6.7,0
186076,6395.66,12159,2,4280.17,2.41,122,3500,220.34,7509.82,7.5,8.7,1
487085,9815.32,1028,3,5792.15,1.22,9,338,363.15,12893.73,1.7,4.6,0
229724,5724.22,11002,4,17674.37,9.65,70,3500,225.33,25000.0,1.4,7.6,1
384899,5962.01,5175,5,9284.94,12.25,74,935,277.71,13434.88,8.2,7.0,1
66985,5520.27,18547,8,6202.16,11.31,112,3500,220.79,15660.1,7.4,7.9,1
322213,9050.29,20248,12,12197.43,12.27,6,3500,365.11,19311.88,8.5,6.9,1
324470,7248.94,2841,10,3700.03,10.02,33,558,278.71,10666.23,7.1,1.7,0
118737,11409.67,14419,11,5928.44,11.06,65,3500,431.42,18406.94,7.8,3.6,1
222133,4134.35,15230,3,11378.71,4.15,104,1724,210.09,20099.73,4.4,9.5,1
164470,2555.91,23540,13,5512.94,14.9,132,2968,139.36,11098.11,6.3,3.0,1
239465,5629.25,15756,13,13903.43,2.83,148,2433,327.43,23578.18,8.2,5.3,1
60861,7975.48,5405,5,10338.33,3.3,101,1602,349.55,19865.99,2.5,4.2,0
348041,10538.39,16039,12,15667.79,4.4,101,2755,396.61,24826.12,4.8,1.8,1
222977,5135.07,15755,0,19016.65,14.63,18,2638,160.17,25000.0,7.7,2.6,0
137118,8364.76,9384,1,3200.29,14.83,47,3375,382.24,9492.05,5.8,3.6,1
340721,5177.09,9643,7,7358.64,11.94,74,1689,166.33,12418.43,7.1,5.2,1
206713,7980.81,6450,3,7071.43,9.47,59,866,359.72,16161.11,3.6,8.9,1
19078,10790.48,1860,9,3872.48,7.85,35,459,393.62,6799.68,1.3,5.6,0
428219,3929.26,5627,6,16395.76,14.56,80,1691,174.63,25000.0,1.3,6.9,0
334912,5744.54,22446,3,15437.7,10.46,56,1815,176.79,19164.52,9.5,4.8,0
61047,11929.28,14752,15,10204.08,14.18,132,3500,516.17,18358.1,9.5,8.8,1
343770,10619.85,9230,13,11217.64,4.82,11,653,363.11,17461.94,2.9,7.0,0
329804,7428.72,22661,15,2131.34,5.07,104,3500,310.8,10456.32,2.3,1.8,1
245458,6924.59,4425,8,11554.64,12.84,140,607,267.09,20837.79,1.2,5.3,0
453002,4488.3,8963,8,16035.49,2.33,137,1362,184.62,22975.1,3.1,8.4,0
405141,6930.7,24885,3,11902.72,14.19,65,3500,257.44,14776.19,4.0,7.6,1
225048,10405.91,17912,12,6040.82,7.66,108,3500,395.27,7797.59,3.2,9.1,1
246293,8694.33,22902,14,13683.42,13.9,11,3500,355.51,23869.78,8.2,3.0,1
127832,4545.46,1742,7,7868.28,5.12,87,594,131.71,19798.25,7.7,9.8,0
402550,3615.37,9284,5,11352.59,10.77,99,2395,94.21,13220.53,1.7,3.6,0
135150,4284.69,24003,0,10263.74,7.29,31,1491,153.46,14234.19,7.3,1.5,0
167087,3282.47,10297,14,8242.33,9.44,128,1438,111.43,12264.31,5.7,5.5,0
43320,2504.23,21094,6,14658.68,7.62,91,3500,49.9,25000.0,2.2,2.0,0
337025,5900.93,6906,0,17793.65,14.51,74,1747,282.25,18897.03,7.7,7.1,1
100827,2689.65,20261,2,1099.04,10.41,118,3500,90.86,5044.24,1.8,9.1,1
374359,3305.08,14465,7,18738.71,3.84,80,1545,120.87,19354.87,2.6,9.3,0
429505,7246.91,14233,14,10718.79,13.65,118,2121,223.5,20063.33,2.3,6.5,0
269931,3228.29,20955,8,14313.91,4.48,7,3500,232.71,24995.39,9.5,5.8,1
406605,2170.74,18324,2,17256.87,5.64,103,2895,208.18,20919.27,7.3,9.9,1
428899,4832.58,4126,0,9874.97,1.62,128,559,154.28,11669.01,4.7,6.2,0
416845,3813.35,10574,0,16864.51,13.51,49,2041,213.84,23105.99,8.4,9.3,1
333694,6910.7,17068,6,4374.78,4.36,130,3500,271.84,8228.98,2.9,9.2,1
34826,2574.85,21880,4,4024.18,3.96,72,3356,183.18,6053.31,9.4,3.6,1
110734,9393.59,8531,12,13491.96,13.81,35,716,392.56,24314.58,7.3,1.1,0
167702,11015.45,22447,13,17532.72,12.1,110,3500,445.61,25000.0,6.0,5.0,1
239834,9306.07,3688,15,17956.1,2.2,42,729,247.28,25000.0,8.2,8.8,0
187235,7094.68,3445,0,13231.07,11.56,138,782,239.86,18746.92,6.8,8.5,0
108511,10537.01,7265,15,10984.3,13.7,12,1428,422.51,14609.46,9.0,6.4,1
469651,8796.64,19358,5,7296.47,1.27,32,3500,361.8,17844.36,8.5,2.4,1
283797,1610.79,23671,13,19620.01,12.4,19,3500,40.0,20042.44,2.8,2.0,0
169033,5637.95,11307,5,7074.22,8.26,12,3500,189.08,10822.17,3.2,9.6,1
91941,10434.99,10704,13,15139.54,10.07,58,2282,445.07,17435.51,1.6,4.8,1
215209,5131.52,9852,3,11107.65,7.44,138,1456,136.1,23257.17,3.0,6.8,0
305806,1869.76,5099,6,12561.73,10.5,33,850,81.48,21537.08,4.1,9.2,0
108818,9334.89,23158,6,8476.13,0.61,119,3500,435.29,10518.94,1.3,8.8,1
459662,9921.4,4813,11,19331.64,11.46,38,1054,416.13,18672.31,3.8,6.1,0
162360,3186.23,2718,8,11861.96,0.6,11,724,144.22,22446.16,7.9,5.4,0
263627,7142.08,14286,11,18817.96,6.88,44,1819,184.68,25000.0,8.6,7.6,0
105081,3515.53,18036,0,1144.24,2.35,78,3500,99.53,11638.32,1.1,4.1,1
46877,9051.96,556,4,11880.74,12.37,145,163,464.79,14053.9,1.1,6.6,0
383706,4351.28,13033,14,14626.55,4.77,66,3427,144.09,19944.93,2.3,1.2,0
418529,4820.26,643,9,15156.52,6.87,90,132,256.03,21960.65,8.9,8.4,0
221957,10372.19,7718,2,18194.56,6.49,120,2759,384.35,25000.0,5.2,10.0,1
82715,6501.38,9059,6,1083.63,11.61,69,1644,246.16,5069.41,9.8,9.6,1
151398,8532.42,23245,3,1006.27,7.27,45,2138,367.08,9505.82,9.0,4.2,1
120091,5724.92,1115,3,9973.01,11.86,127,342,234.03,12029.18,9.0,5.8,0
142632,4629.07,8562,12,1556.58,1.2,120,1059,204.24,9015.31,2.2,3.1,0
351292,8067.52,12020,11,19516.12,2.95,70,3293,281.78,20214.65,5.3,3.7,1
93186,3126.0,6477,0,5219.24,8.32,120,736,68.23,17045.81,9.9,5.1,0
429961,5416.5,11919,0,9980.63,14.21,143,775,172.37,13296.08,2.3,7.7,0
172962,3694.89,10280,9,2161.61,1.21,105,1110,121.18,9151.65,6.2,1.2,1
161094,8805.85,11181,1,10918.92,0.74,54,1935,340.77,16036.38,4.1,4.5,1
395773,11414.19,7484,14,8219.17,2.43,75,688,508.43,19837.17,4.5,6.0,0
455795,11952.87,5471,1,1848.54,9.65,84,653,482.48,13330.2,9.0,2.9,1
80316,6227.91,22665,0,7367.36,6.04,83,3500,273.35,8642.37,6.3,1.7,1
487063,4151.57,1444,7,8437.28,12.4,24,420,173.14,9621.96,7.8,5.9,0
38380,6149.71,9614,5,19808.51,1.17,127,2935,190.22,25000.0,7.1,6.7,1
120198,10396.33,7578,5,4949.83,3.03,41,2367,416.72,11520.21,5.8,6.8,1
274500,3663.06,18630,9,11350.81,4.57,7,3468,153.06,14663.24,8.1,4.2,1
80326,11497.0,12812,9,19759.0,9.44,97,3500,497.88,25000.0,9.7,3.1,1
364591,5089.59,6283,8,16048.36,10.31,105,1368,150.15,16510.95,9.7,3.0,0
124994,11850.94,10251,4,19873.98,1.95,36,2062,372.02,25000.0,8.1,1.4,1
230971,10305.39,7407,14,19397.67,14.16,52,2041,421.03,17831.47,5.4,2.7,1
292193,9989.99,19810,3,10301.25,5.18,50,2459,417.29,11778.0,2.5,8.4,1
478933,4838.0,17973,14,14231.14,10.73,118,3500,184.55,17432.03,1.4,1.0,0
377505,1592.16,3457,10,3098.42,7.91,99,653,65.09,11097.67,3.1,1.4,0
288226,5512.4,19496,5,9381.83,3.42,51,1914,264.43,12315.23,4.1,2.1,1
272805,4669.0,6547,7,16371.35,12.71,44,627,163.82,24667.88,2.2,4.8,0
178484,1892.67,6749,13,10601.37,12.29,135,739,61.77,15129.14,3.0,4.0,0
275064,6806.34,16847,0,14351.28,6.0,120,3500,276.21,13982.02,1.8,2.6,1
494410,5731.83,4259,6,15169.28,8.87,95,1522,168.28,25000.0,5.7,2.0,0
255378,8162.84,24602,7,5815.91,3.94,62,3500,318.92,18922.98,2.1,9.4,1
463531,8022.46,4763,8,17638.29,10.38,14,703,317.71,24151.96,7.7,9.2,0
351705,2767.84,10781,10,9736.63,4.7,65,1354,192.57,20274.28,4.0,7.9,1
281090,11758.14,2402,7,4993.52,12.68,115,738,455.42,7569.27,7.0,3.3,1
235314,3462.78,3067,6,17442.9,3.34,125,377,148.51,19448.98,8.9,3.9,0
448716,6175.38,10690,15,8938.56,0.32,65,3500,292.95,13378.86,1.8,7.0,1
245612,6625.23,8575,2,15255.94,4.1,10,2231,223.13,25000.0,9.9,3.6,1
288453,10037.16,3494,1,11412.63,2.95,79,1150,470.27,17789.0,6.8,5.8,1
65230,2541.91,5729,14,8255.56,7.67,119,1296,189.87,8700.82,1.5,6.9,1
383966,6000.76,2510,2,16387.65,3.14,35,671,238.59,20052.54,3.8,5.7,0
433243,8099.27,7877,3,12104.93,11.47,127,1936,297.0,11784.7,9.0,4.7,1
475757,3759.13,13536,3,8420.68,3.7,71,3500,231.72,11828.02,6.4,4.1,1
384484,8088.41,17714,5,3082.36,10.63,17,3500,363.32,10376.99,3.6,8.0,1
69321,11198.48,548,11,18013.46,8.72,63,130,452.04,20614.88,9.5,7.7,0
142028,11973.94,4710,6,1673.92,14.8,58,1176,550.3,3764.68,8.1,7.3,1
241447,1840.74,18062,11,17400.56,15.0,108,3500,139.68,17432.81,7.6,4.4,1
346275,3973.68,22652,3,7839.27,13.06,25,3500,142.13,15432.94,9.0,8.0,1
451124,4758.22,15338,15,13147.44,11.42,47,3500,202.77,21560.82,7.9,9.6,1
481555,5690.82,16538,9,18521.79,5.86,15,1031,256.47,22076.57,3.6,7.2,0
298107,4043.7,8378,5,3882.43,11.32,113,765,163.18,14615.21,6.3,4.7,0
111757,3636.62,16954,8,11772.06,14.35,71,3500,75.92,13540.98,8.6,8.2,1
442659,11522.82,15847,13,15524.22,0.45,99,1354,414.0,16006.13,2.6,6.5,1
371403,11144.48,24570,5,15394.09,8.11,110,3048,377.87,25000.0,2.5,8.9,1
311207,1993.42,8379,13,10987.01,3.35,55,1082,104.38,15199.38,2.4,7.4,0
386369,5057.54,22339,2,12870.05,8.41,50,3500,143.08,17915.26,2.7,7.9,1
388544,5754.06,22496,0,15393.01,7.05,47,3500,239.78,25000.0,1.9,7.0,1
352962,4009.65,22653,10,16979.53,8.68,31,3326,251.98,21097.08,8.5,1.8,1
276847,8103.17,18661,9,15474.45,8.31,89,2282,395.52,14424.93,8.4,5.4,1
206200,8224.0,13754,9,7726.09,14.41,98,3500,237.09,20374.51,2.4,1.5,1
82099,10430.29,7880,12,19937.8,8.33,131,2684,353.28,18133.78,7.3,5.0,1
429065,9279.13,2728,4,9255.55,12.71,14,207,332.34,18014.16,6.6,7.4,0
172932,7197.02,10314,15,1464.83,4.87,135,1031,229.43,7369.45,3.5,4.8,1
41585,8362.66,9388,9,7889.72,6.63,64,2372,251.82,14426.86,3.0,1.0,0
425231,4376.88,23630,9,3427.88,7.11,31,3500,174.53,11857.01,3.3,4.3,1
480755,7727.09,6891,2,3307.41,4.25,127,2049,344.34,9955.91,7.6,1.6,1
53585,6636.89,9929,7,6349.17,5.76,66,2739,313.18,17146.13,3.9,8.0,1
299102,2900.12,19290,9,2014.13,9.02,50,3500,92.28,15710.49,3.5,8.1,1
298161,4046.71,1137,14,14081.73,8.74,130,142,148.27,14388.74,1.2,8.3,0
479923,4562.78,24974,0,2405.79,9.58,67,2302,200.3,14327.92,9.2,1.3,1
396821,11205.25,17833,10,4862.5,5.34,8,3500,442.79,7562.72,7.8,1.3,1
448566,3919.06,10596,1,2765.09,4.81,20,3250,197.29,5255.68,5.3,9.1,1
415417,4537.06,4087,2,2200.19,9.21,78,959,203.0,16185.96,9.5,2.1,0
301570,5378.22,1611,2,6087.28,2.08,116,562,196.31,13230.7,3.6,7.0,0
289922,8469.3,8867,11,11866.08,3.87,105,2648,245.94,13476.71,7.1,8.2,1
186313,2741.5,1222,7,19329.03,0.73,49,330,184.61,24872.67,3.7,5.0,0
52229,11516.42,20726,4,17635.58,1.18,135,1618,426.35,19530.55,3.8,5.9,1
96652,10588.5,20558,7,17642.74,3.73,21,1898,441.42,22150.21,8.6,3.0,1
400411,7560.77,5366,10,4345.27,0.39,9,1585,206.6,13596.79,8.1,9.3,1
259474,8577.4,10639,15,6033.24,3.76,48,1271,342.53,18127.1,3.6,3.7,0
189436,1674.93,17586,13,2451.47,9.86,25,1207,72.01,4001.23,1.7,3.0,0
398647,5058.92,2628,14,15790.9,1.01,72,876,209.79,17416.55,4.2,5.7,0
270116,9854.43,9618,14,2326.51,6.61,36,3147,544.87,5112.73,7.8,2.7,1
357022,2313.57,21117,10,11577.22,13.71,28,2651,60.99,12524.05,1.9,7.2,0
329200,4464.3,3017,5,5709.64,11.89,150,887,219.61,18862.82,7.0,5.6,0
430706,7645.62,18033,14,5625.47,4.65,71,1342,331.99,18669.45,9.0,2.3,1
29975,4192.34,14728,11,19823.78,13.88,107,2143,133.76,25000.0,2.6,1.6,0
167795,11306.77,14679,1,15378.82,5.01,58,3500,492.55,22662.88,8.8,2.2,1
426495,2876.12,18762,10,16901.85,1.18,129,3500,106.83,25000.0,1.5,2.2,0
219373,9872.64,10175,3,11867.67,14.91,121,642,438.67,12253.45,7.0,3.8,0
414777,6833.46,809,15,17549.27,13.06,69,128,371.39,17592.73,8.1,8.5,0
207133,9378.47,4452,8,13264.32,7.04,118,553,382.68,16733.92,5.0,1.5,0
360541,4762.51,24612,15,18977.3,10.03,80,3500,176.44,25000.0,2.8,2.2,0
190225,6902.14,19933,3,6345.43,10.1,21,3500,328.66,13215.37,9.3,3.7,1
305286,10496.77,22650,4,12311.07,3.0,112,3500,489.7,18395.33,1.2,6.0,1
299060,6402.22,14371,4,14112.5,3.08,32,1188,211.93,16270.45,6.0,7.9,0
74324,5277.06,10192,9,8465.81,7.1,48,2442,188.43,17201.69,4.4,9.3,1
186037,7129.63,23296,7,17714.45,13.68,98,3500,318.96,25000.0,5.1,4.7,1
398076,9032.31,21749,5,19616.26,0.25,26,3500,354.69,21976.69,5.8,2.0,1
145720,6157.42,515,9,10381.62,11.76,42,100,198.58,18354.71,5.8,2.9,0
176205,11358.21,17489,6,8422.17,0.96,18,3500,481.36,13053.07,2.8,3.6,1
453893,4596.93,16505,5,9966.82,7.23,115,3166,217.45,20278.8,7.1,8.1,1
106059,6492.37,21792,13,17202.0,9.6,126,3242,242.98,21936.08,1.2,7.2,0
497804,9447.74,24890,13,13263.9,10.33,58,3500,380.98,17024.22,1.2,2.9,1
108317,8735.77,14778,13,1850.68,0.97,145,3190,320.6,8941.18,5.3,8.5,1
211207,10568.23,15317,4,11301.23,6.34,131,3500,367.97,12226.94,5.9,8.7,1
307190,11966.5,10259,15,1328.7,8.8,23,2878,453.81,14322.48,3.5,8.9,1
450280,5982.01,16164,14,15792.17,1.08,46,3500,242.98,25000.0,6.0,3.5,1
111459,2667.08,6912,4,7237.93,2.11,45,752,40.0,13996.73,5.6,2.2,0
247697,1819.37,21004,2,9968.14,9.99,54,2201,51.57,12851.9,4.1,1.9,0
210422,9132.21,10696,6,16174.88,7.87,135,2253,369.68,23580.43,6.9,4.6,1
318037,10677.14,9007,12,1882.53,2.51,80,2509,486.82,9386.98,9.6,4.9,1
111520,3817.48,21550,9,4012.29,8.08,147,3500,137.07,8489.73,5.4,8.8,1
397962,3163.7,5320,4,8561.25,13.7,103,680,64.25,9348.63,8.1,3.4,0
71272,2153.15,8335,6,5368.58,0.33,54,750,75.64,17861.02,3.2,6.6,0
233224,10138.38,2349,14,7420.13,9.68,149,412,377.21,18293.65,7.9,8.1,0
339793,4769.51,14087,1,19965.32,1.2,150,3500,218.39,25000.0,6.8,3.4,1
336818,5717.82,2453,8,16682.87,0.2,46,549,211.82,21064.21,6.8,3.4,0
154832,6778.88,19653,7,17794.13,2.34,149,3066,135.63,25000.0,9.0,7.0,1
162999,10314.26,13231,14,18804.04,6.4,20,2078,597.15,24599.16,3.1,7.5,1
358619,8333.75,19930,4,7477.78,12.05,89,1986,340.47,12854.3,4.3,9.6,1
71367,7958.18,24478,1,6644.46,4.3,56,3500,322.79,18271.22,1.7,8.6,1
239027,3344.56,7340,5,5447.19,9.42,40,2183,56.71,19341.6,7.5,8.4,0
415804,6888.49,5566,7,16772.22,6.23,111,1951,202.31,25000.0,8.6,7.2,1
393894,9011.5,2915,6,13911.49,3.59,85,614,355.86,23219.69,4.7,2.1,0
242750,11719.24,2889,15,5487.27,7.76,119,318,485.58,16107.42,4.2,8.3,0
245806,3614.77,22808,7,8162.88,11.98,46,3500,179.7,16983.54,6.9,9.4,1
390298,1600.21,16711,3,10627.52,12.5,72,3500,75.88,21599.04,1.7,4.5,0
193305,2290.67,1263,15,11034.66,12.71,128,103,40.0,17237.78,3.6,3.8,0
54738,5446.45,24425,13,17885.83,5.14,34,3500,92.63,18671.15,4.3,5.7,0
43397,10115.72,17699,2,8230.76,11.92,37,3500,399.62,18569.25,5.7,9.6,1
354333,1574.99,6755,15,18261.96,3.26,107,1363,40.0,25000.0,5.3,1.5,0
348511,6295.67,17761,6,9385.98,11.1,57,3500,188.7,13946.36,2.9,7.4,1
212332,4956.92,7673,1,15181.08,14.23,148,2103,239.68,24323.65,5.9,8.3,1
392729,2051.06,23957,13,18674.83,0.3,137,3500,40.0,20498.26,9.3,8.1,0
348763,6227.48,21682,4,18243.94,6.66,110,1408,279.95,25000.0,1.2,6.1,0
121453,4174.86,23873,12,2082.1,9.75,81,2309,96.49,12550.67,7.1,9.3,1
29816,5194.79,21923,6,4908.38,10.56,98,2385,214.5,13327.29,6.6,2.2,1
445456,8908.96,11018,0,10061.2,2.72,64,3159,403.06,20187.27,9.3,3.2,1
409492,6976.29,10752,3,9199.53,14.59,115,2065,262.15,19931.63,6.8,3.8,1
255011,2808.8,12947,14,13176.94,9.27,59,2896,196.85,24142.36,6.6,1.1,0
351674,11594.85,15589,1,18949.47,2.55,95,3500,559.69,25000.0,7.9,4.3,1
426715,8177.06,23208,5,3135.69,0.41,46,3500,338.94,5193.53,3.4,2.4,1
491792,9541.62,9895,11,9585.31,11.77,73,2817,408.73,11266.05,6.4,7.5,1
381000,2331.74,12567,0,4655.81,1.29,28,2422,146.31,16463.44,5.7,4.7,1
223567,1994.11,19707,6,17988.04,2.2,122,3412,106.99,25000.0,4.9,7.3,0
81635,1704.2,5787,2,19327.02,8.66,146,925,90.03,21461.35,1.7,3.6,0
379947,3482.34,20169,11,10095.33,9.09,59,3500,113.09,10188.09,3.6,2.2,0
226184,5851.29,13961,0,2976.2,10.33,19,3500,149.68,8576.13,3.5,2.2,1
308090,11326.17,13902,14,15920.6,5.96,9,918,383.54,19713.71,7.5,2.8,0
327348,6299.13,7933,7,14245.69,11.63,105,2755,371.08,23289.99,9.3,2.0,1
192958,4547.68,23058,6,7738.75,14.62,136,3500,198.03,8809.6,3.1,3.0,1
474868,7400.32,11784,1,17860.74,4.14,34,1234,283.73,19052.92,1.7,6.2,0
287707,2675.31,5326,6,19540.81,10.58,57,442,170.18,25000.0,10.0,3.3,0
102324,7899.81,4164,2,11599.22,13.93,77,635,278.52,13292.04,7.2,4.1,0
233536,7468.54,11028,14,11748.83,10.33,34,2727,327.9,21269.28,9.0,1.5,1
242944,9815.93,997,12,6652.76,10.25,108,244,396.5,12019.24,2.3,9.0,0
281991,11860.22,8141,8,12105.61,3.43,109,1162,497.41,20299.07,8.2,2.2,1
36155,4134.17,5143,7,9353.2,8.07,112,996,148.55,10442.56,8.3,4.1,0
351815,6851.39,5556,4,6741.63,8.48,88,687,225.82,11118.56,2.4,4.4,0
126891,11043.09,631,6,2276.52,10.53,96,100,400.58,9343.48,2.5,7.9,0
355454,9744.49,5943,2,5801.45,14.95,75,1278,350.59,17784.92,3.7,5.4,1
470494,6617.77,17741,0,4759.24,0.6,72,2911,264.56,13132.84,3.0,4.4,1
159381,11426.4,13943,0,11298.8,1.07,59,3107,379.25,11626.97,9.8,7.3,1
141691,2100.99,9212,14,12431.73,1.26,103,3168,40.0,22369.65,4.3,6.4,0
486410,11275.49,8721,10,12562.86,11.17,101,898,457.8,12759.07,7.9,1.7,0
453324,2030.33,16160,1,8375.44,2.13,75,979,74.83,20847.12,8.2,3.8,0
44707,7246.7,6647,7,9003.36,9.37,77,552,299.38,11955.01,4.5,9.8,0
423553,10849.63,12088,0,16850.53,4.94,81,2403,431.73,21823.46,7.1,5.4,1
353681,4258.57,5104,15,10048.42,6.91,112,1389,296.29,10978.39,2.0,4.8,0
207576,6458.61,9952,10,19767.69,3.31,94,2331,264.68,25000.0,4.6,2.3,0
188686,4905.45,18442,11,9352.73,13.0,103,3500,177.26,15946.16,9.7,8.6,1
232500,11497.51,16899,4,13342.04,8.83,7,2808,464.96,18006.86,2.5,2.2,1
363299,10148.28,4105,8,1956.9,14.17,123,628,456.93,4027.97,4.5,1.9,1
272425,8944.52,13784,11,13413.46,8.66,115,2383,355.3,24156.94,8.1,5.0,1
168492,7670.08,2107,8,17177.1,1.95,26,513,341.04,25000.0,7.0,4.9,0
484112,10116.21,22819,1,18906.7,2.65,120,2518,424.45,25000.0,6.7,9.8,1
180102,5618.8,12209,6,19949.09,14.84,117,3500,210.23,25000.0,8.7,2.1,1
404274,6199.29,2516,10,6361.39,10.91,28,585,253.52,16123.42,1.3,5.4,0
227285,9165.02,4074,0,11932.03,0.83,31,573,446.55,13417.49,7.9,2.8,0
348404,5256.43,14041,2,9563.64,10.59,40,2953,222.41,21775.29,8.9,7.3,1
169476,2170.96,7774,5,11712.53,6.24,111,2712,40.0,15070.78,1.1,4.5,0
244554,2280.51,10435,8,3991.61,4.68,149,690,75.24,13727.66,6.0,6.8,0
170928,2711.31,16248,9,17266.84,2.4,60,1947,40.0,23701.3,4.1,4.0,0
150272,10631.65,20675,1,18281.81,12.61,14,3500,432.14,24901.43,1.5,6.1,1
336322,6458.38,6906,6,9543.57,1.05,58,1737,323.94,21061.23,4.8,5.2,1
306141,8985.26,12326,14,6328.17,4.42,85,1524,292.34,10909.38,6.8,4.4,1
428827,5625.55,17972,3,3675.84,4.67,112,3500,232.51,14677.0,9.3,5.8,1
129273,4216.46,1861,1,13991.53,2.5,85,470,217.93,20972.31,6.6,4.5,0
182307,5145.52,4973,2,6932.4,7.67,131,1607,260.38,8534.7,8.7,8.3,1
258500,9838.91,22178,5,18281.23,0.27,102,3500,457.55,22008.99,2.1,5.5,1
176129,8064.77,23990,15,13749.24,4.58,136,3500,229.18,23892.76,2.9,9.1,1
142311,11345.22,7819,9,13268.02,14.01,65,1356,479.06,16713.93,9.7,3.0,1
244746,8636.9,9167,8,11628.64,4.73,40,1245,270.2,17572.34,9.0,2.0,0
255546,7486.91,9981,15,1869.75,5.47,106,3329,249.56,9848.1,3.1,4.4,1
206733,7907.06,9020,7,18706.53,7.15,50,791,357.34,24999.35,6.6,2.7,0
136945,11394.9,18070,9,12930.81,8.47,99,3500,463.7,23836.88,4.3,4.5,1
55272,9776.11,20298,13,19887.18,12.15,75,3500,427.36,20165.75,5.2,2.9,1
361537,1752.43,22370,10,11209.77,2.94,48,3500,40.0,17527.84,8.7,8.8,0
333356,7108.47,4036,8,14492.11,13.09,68,896,358.02,19109.16,7.6,6.1,0
156470,8727.55,2273,3,2067.98,11.39,150,653,383.52,7501.35,3.1,5.5,1
130030,9361.33,10755,11,13002.99,10.87,17,668,418.92,24357.3,3.8,8.1,0
328647,3737.99,22299,3,15528.34,1.39,17,3500,95.51,14528.9,3.6,2.2,0
409854,10605.36,3058,14,15791.77,0.42,29,860,482.78,16220.78,8.0,8.7,1
16570,11536.35,22791,8,15632.12,8.95,9,3500,445.65,24039.17,5.4,5.3,1
340929,3985.51,5579,7,5299.37,12.96,132,599,128.86,9664.24,9.6,2.2,0
19110,10767.46,23608,11,19532.57,8.81,43,3500,461.97,25000.0,8.4,8.4,1
89141,2518.28,22304,14,19908.46,3.28,112,3500,129.89,25000.0,2.9,5.1,0
22115,2084.92,14841,1,2436.32,1.45,142,1352,41.06,7259.06,8.1,6.4,0
49062,2856.85,20175,7,18792.48,10.52,29,3500,217.09,19529.26,5.6,9.0,1
295055,2106.28,10481,0,6499.53,10.85,78,3167,174.97,9088.53,3.3,9.0,1
114061,10372.63,4024,8,14096.4,2.67,43,604,445.16,15878.27,4.3,9.0,0
304700,2120.03,20388,8,7424.11,0.52,20,3500,106.32,11412.7,9.7,4.8,1
481347,4352.47,9498,12,19387.33,6.18,36,3308,190.59,25000.0,5.4,7.7,1
400479,2589.44,22873,14,2928.57,8.78,67,1590,40.0,14352.91,7.5,3.1,0
11969,4601.93,14197,7,10457.19,10.62,97,3371,189.72,10389.73,5.3,8.5,1
315897,2450.87,19550,10,9132.91,12.17,49,3500,103.01,20669.88,4.3,4.1,0
486027,8514.03,14106,4,7194.45,9.2,57,3500,311.76,8780.12,8.2,5.2,1
407686,2899.93,13929,4,13265.15,1.75,54,3500,100.53,21130.57,8.6,9.0,1
131863,10444.38,16539,12,3490.06,10.27,30,3500,298.71,6761.22,1.6,8.3,1
282369,10080.51,7640,2,14616.59,14.76,135,594,348.36,14502.86,3.5,9.6,0
133008,1643.45,9285,4,19631.25,13.59,94,2045,111.83,25000.0,5.6,4.3,0
164268,10905.13,15401,3,16286.62,13.09,43,3500,522.77,21102.94,3.8,2.4,1
115823,1803.92,23779,0,17340.32,4.6,57,2098,40.0,23660.07,8.1,9.2,0
285813,4016.28,20991,15,7833.1,11.29,26,1335,169.79,13796.07,2.0,5.4,0
440596,1840.09,3780,15,7172.85,12.78,138,1151,128.52,8611.51,8.2,9.0,1
396542,5026.36,2712,8,10823.92,10.21,56,742,175.04,20274.17,6.6,7.6,0
120677,6895.6,15713,14,1868.81,3.83,79,2886,309.64,14159.61,3.6,8.9,1
256958,9864.77,8578,9,18961.8,14.31,77,2935,392.9,17707.91,4.1,6.9,1
58320,5048.81,24485,13,3731.92,6.82,33,3500,261.47,9869.86,2.6,8.3,1
450630,8907.65,16436,3,18157.25,2.03,126,3500,292.18,23770.91,3.3,2.1,1
156649,3468.8,17497,2,2588.06,1.74,90,3500,83.52,11937.83,7.5,9.7,1
135354,9381.28,14774,5,16629.87,9.75,50,3020,389.23,22819.88,4.4,2.6,1
98009,3977.96,1368,0,3887.29,6.62,8,392,163.93,14118.06,7.2,1.2,0
267437,3007.22,17695,4,1724.5,1.51,6,3500,117.47,15948.21,5.6,5.8,1
458625,3446.79,16542,15,14670.3,11.13,137,3500,166.66,18813.86,2.3,7.4,1
38625,3411.66,15907,14,6325.04,12.01,50,3500,89.93,14296.14,5.5,7.4,1
222112,6885.06,21746,6,14575.43,10.91,83,2304,206.93,22748.37,7.8,4.1,1
296233,10370.37,21061,1,11546.62,3.11,63,2740,389.81,18938.81,3.7,7.8,1
46487,2335.85,16754,9,3067.34,10.38,76,2341,74.02,9481.64,6.8,8.6,0
469054,8923.04,2244,8,18710.47,0.26,24,686,342.73,25000.0,2.8,6.5,0
238071,8370.64,2756,11,9593.97,4.65,57,836,398.28,18126.63,2.2,4.5,0
382592,10661.46,24496,14,14954.5,6.04,111,3500,464.98,21568.19,4.2,6.5,1
498011,4063.55,12359,5,10519.39,12.55,59,2895,189.2,13081.95,4.5,8.8,1
322282,6226.15,24080,1,12482.87,5.92,125,3500,260.15,18564.05,7.8,9.1,1
183895,11221.19,5923,7,6752.7,0.27,19,911,427.14,18898.8,5.1,1.3,0
440424,8429.93,5589,7,4806.85,5.35,5,419,294.5,17137.3,1.7,2.1,0
326205,5582.07,7108,0,11308.83,7.53,99,1456,163.42,20807.31,6.7,1.0,0
433875,2879.83,10217,11,9364.16,14.24,141,3414,80.47,18554.87,5.2,5.4,0
111376,4256.09,18353,0,8412.15,14.12,22,3500,168.1,10722.35,4.0,4.9,1
435106,7602.76,19559,0,13778.78,2.8,109,3325,246.36,18996.06,8.2,5.9,1
351278,9040.76,18397,11,14119.63,2.86,69,1461,370.11,14738.07,2.4,7.2,1
319199,2806.43,5376,3,1872.48,2.53,81,1350,102.54,14122.68,9.2,4.3,1
253341,7795.77,18335,3,7436.15,11.85,120,3500,291.97,11732.48,4.0,2.9,1
291652,7278.69,21538,15,8823.53,0.19,73,3500,349.22,19028.08,5.1,4.6,1
445503,6896.53,3507,7,2840.95,1.99,146,658,152.83,14862.29,9.4,1.1,0
482132,8746.29,14825,0,5482.12,8.12,79,1438,330.67,17988.15,7.9,8.5,1
168056,10293.22,3624,9,1981.19,3.79,55,1208,294.11,13384.74,1.7,4.5,1
120169,4891.39,2253,2,19928.6,1.48,19,322,207.58,25000.0,6.2,6.6,0
280269,10834.63,18496,10,14994.59,5.46,73,2354,471.49,21772.08,3.8,3.9,1
46059,3186.65,3775,0,2661.55,4.19,19,1151,59.91,8296.81,5.6,6.5,0
472785,3316.75,9247,8,1384.74,7.72,34,3277,71.52,5408.74,7.7,5.9,1
113409,4301.11,12943,9,14666.47,14.69,82,3340,87.13,15431.45,5.5,2.9,0
420303,2755.07,18933,11,9344.65,1.95,39,3500,113.38,11842.03,1.6,6.6,1
15704,3918.35,1324,8,15949.14,5.65,73,206,139.69,25000.0,5.8,2.0,0
463792,2617.32,14380,6,18546.04,13.99,144,951,90.76,18974.46,1.2,5.3,0
214456,10128.4,11541,15,12386.71,13.17,50,1357,386.74,21317.95,4.1,7.5,0
228200,2959.17,19914,12,4555.06,5.97,130,3500,69.69,8044.22,5.3,5.9,1
121279,9346.62,1581,11,15861.69,10.51,89,167,430.46,25000.0,6.8,7.7,0
475676,2003.1,12017,14,19160.42,1.41,52,3500,93.74,22093.93,5.6,3.5,0
168280,11459.46,22183,7,12024.39,10.72,71,2583,399.15,16977.29,2.4,1.4,1
128516,8967.18,17376,0,13957.95,14.6,93,3500,323.66,18425.01,9.4,1.5,1
488366,1571.36,5264,4,7412.02,8.11,56,1124,40.0,18543.59,6.9,3.4,0
207096,9520.49,24086,14,8249.03,7.53,26,3500,451.12,11437.0,3.9,4.7,1
443098,6897.86,8766,13,14958.44,2.89,103,1387,311.48,24770.07,9.7,5.8,1
429139,9683.33,11683,1,18627.65,9.54,135,3500,381.01,25000.0,8.9,7.8,1
386188,6986.22,20244,15,12950.78,8.9,92,3500,364.81,15224.27,2.3,8.6,1
242549,8230.76,21566,12,16007.11,9.81,140,3500,401.83,15655.99,6.9,7.2,1
39165,9756.48,17212,0,4261.07,0.49,122,3500,378.72,15483.76,6.0,5.2,1
77203,5753.63,13377,2,5027.22,8.28,43,1273,209.62,8868.3,2.7,3.4,1
494965,1528.44,10482,6,11108.66,8.96,22,2587,43.02,22444.8,3.1,4.9,0
276258,10424.44,9468,0,4354.53,3.19,109,2132,369.34,7170.83,6.1,3.5,1
468181,5499.35,15139,10,13064.91,3.2,135,3500,306.67,20464.67,3.9,6.6,1
46321,6708.45,5174,1,6541.41,4.22,150,1678,218.02,16231.32,8.5,8.4,1
345441,1581.55,4816,1,16039.12,10.7,84,507,106.68,23381.43,1.9,5.7,0
368796,6666.97,15814,3,16354.1,9.13,121,1336,301.21,19191.67,9.2,1.4,1
371448,11858.12,10195,14,9811.96,12.7,5,1513,459.08,21231.37,8.6,9.5,1
255014,4421.81,16314,11,4435.4,4.51,121,3500,267.37,15555.79,7.6,3.6,1
166498,5651.89,22687,2,13288.72,13.69,132,1508,148.12,19263.66,3.4,9.2,0
27772,8715.49,20209,2,19862.95,11.18,30,3500,344.64,25000.0,7.4,8.3,1
375898,10055.33,8879,9,12829.23,5.99,16,2154,377.76,19626.21,4.9,4.7,1
275856,5882.61,1714,4,1679.72,1.52,42,435,283.33,15650.86,6.7,1.5,0
404583,4751.52,24440,2,1328.59,3.93,89,3067,207.74,14716.24,3.8,9.5,1
248389,11347.17,12138,10,7086.88,14.36,57,1554,367.52,10730.97,8.5,6.9,1
125142,8610.02,11213,6,4719.89,4.72,17,2121,406.37,9191.79,1.4,3.2,1
101736,2749.72,16477,4,16447.97,5.02,132,1462,134.26,25000.0,7.2,5.8,0
61924,2223.74,12571,3,17051.31,2.92,80,1036,40.0,18716.34,8.5,6.7,0
13726,6577.27,3636,11,5913.76,12.12,17,315,245.61,19126.24,6.8,3.0,0
361296,3810.95,7118,2,7187.25,4.21,150,1651,87.44,16196.6,2.7,1.8,0
37723,4166.84,5765,14,5488.69,5.02,52,1034,158.13,7042.37,3.6,3.4,0
399113,10715.77,23973,11,18259.27,6.27,75,3500,436.14,20971.87,5.6,1.4,1
244182,2440.44,8465,3,10550.34,6.56,96,1310,80.89,16630.27,4.0,1.6,0
372638,9011.32,10097,13,13466.6,6.23,90,1234,337.93,23603.49,1.0,2.4,0
150180,4346.99,9208,14,8894.16,7.61,87,1689,93.24,13386.94,1.4,2.4,0
218786,9483.45,7069,11,12989.27,12.24,52,855,396.2,16428.93,7.9,3.2,0
45643,9085.32,18375,1,8331.25,12.31,33,3500,267.19,20628.42,1.8,9.4,1
172396,1577.61,5713,0,7453.89,11.99,23,555,64.66,8990.56,9.4,6.2,0
376040,6845.92,12381,2,13055.12,1.61,103,3500,183.88,19613.87,5.0,4.8,1
224432,2962.85,4728,15,12230.18,12.02,51,411,121.04,18339.25,7.8,6.1,0
149999,10595.38,24392,10,6577.03,1.89,93,3500,423.51,8006.98,2.1,1.1,1
365824,10651.65,4909,1,3837.62,1.96,64,1522,446.23,6210.97,9.3,9.1,1
368690,5892.63,1090,15,8002.96,14.22,46,288,278.82,13367.94,1.3,5.8,0
425659,6166.15,24263,0,8888.76,12.31,81,3500,299.03,10855.1,1.4,5.1,1
89973,4684.47,19940,0,12945.0,8.33,80,2029,106.88,18570.93,1.5,9.5,0
335593,9024.37,19090,1,18376.05,13.14,147,2155,358.06,24616.4,1.9,7.6,1
119834,5265.94,3208,12,1687.51,14.84,72,435,311.18,12338.16,5.4,4.0,0
246386,4311.82,6481,12,5629.56,9.2,83,865,178.43,13607.76,8.1,9.4,0
479959,6038.43,12721,8,4680.6,9.23,79,1950,199.97,10680.06,3.6,8.7,1
463449,2460.62,22606,12,10543.59,11.34,91,3500,94.44,12121.73,7.7,9.6,1
297681,9339.33,17631,12,9164.32,3.56,19,1207,354.39,12548.77,8.0,1.9,0
349720,1632.26,14285,4,14851.71,2.59,94,2495,40.0,19333.85,9.2,9.6,0
117522,8267.09,7053,8,5605.9,11.42,11,945,374.14,18498.21,2.3,5.9,0
32612,3420.08,18381,7,12295.47,5.24,17,3500,166.02,14470.18,2.2,7.0,1
235049,3940.24,1879,12,17793.29,2.11,17,668,90.88,21608.11,2.1,2.9,0
278615,8174.14,7860,15,18302.88,4.79,14,1692,322.3,25000.0,4.2,2.3,0
176703,11925.91,4270,10,19216.91,5.44,128,802,448.71,25000.0,5.4,1.7,0
250069,9666.03,20226,5,15691.96,14.48,130,3448,306.56,25000.0,5.2,4.8,1
233131,3871.32,14949,0,18213.77,10.5,31,3500,84.11,19052.73,3.3,3.0,0
41348,3348.26,9588,9,5456.09,8.01,104,782,70.63,6579.63,6.6,1.7,0
205804,10595.45,2046,4,4754.04,14.54,20,712,420.9,9993.43,4.0,9.6,1
273321,6163.93,20010,11,1123.27,13.56,63,3500,223.66,4844.62,4.3,7.6,1
145832,2939.05,22773,0,14430.04,7.73,25,3500,69.6,20674.13,1.9,5.7,0
304923,10553.22,6708,6,18811.88,13.59,20,2363,402.53,25000.0,6.3,7.7,1
293780,10068.97,16850,9,4551.77,6.12,17,3500,440.14,14588.36,6.9,6.5,1
91889,11831.02,9375,13,13101.93,3.53,37,2368,491.08,14246.93,7.8,2.6,1
63551,11052.31,1795,10,15182.74,3.57,73,118,492.19,15655.36,9.1,6.7,0
414772,10443.8,16361,7,18624.67,9.97,56,3500,406.34,25000.0,7.9,7.1,1
430814,2052.03,14473,7,13290.34,7.57,69,2325,162.21,18971.2,3.1,3.1,0
152635,2596.36,18269,6,19435.58,9.92,48,3224,121.26,25000.0,3.1,3.9,0
56819,7474.32,14981,1,7548.79,10.32,83,1612,274.53,17609.86,9.2,4.4,1
345914,7080.53,17826,4,7648.64,0.43,20,3500,287.87,21032.44,8.1,6.4,1
494271,6308.61,3780,3,11317.24,0.91,22,1071,189.94,22379.75,8.0,2.1,0
430182,5666.29,14097,4,8286.54,8.04,21,2000,211.34,14013.99,7.5,7.7,1
222781,6027.71,17917,9,1027.09,2.95,56,3500,262.61,12678.63,3.4,4.1,1
463105,7477.63,3286,8,14903.67,9.52,60,389,329.69,20048.9,8.6,7.2,0
168059,1521.8,2733,14,15282.62,8.33,97,218,40.36,17256.04,2.3,9.4,0
350858,4237.44,2120,3,15192.52,8.83,13,537,306.19,17287.4,4.2,8.8,0
199420,6941.94,4035,15,7555.39,4.61,149,1270,269.07,13209.5,4.1,7.6,1
34596,9083.27,20089,14,10923.5,9.63,31,3500,279.41,12187.86,6.0,2.7,1
436390,3328.65,3382,14,7839.5,12.46,41,981,193.81,10582.56,5.2,7.6,1
336250,7242.25,17054,11,1304.69,14.97,26,2045,320.05,9551.66,5.1,6.7,1
473183,9001.83,10245,7,11686.53,12.59,76,3500,371.66,23750.22,6.0,8.0,1
69182,6168.59,4397,7,3351.45,8.41,103,1477,223.5,12191.08,4.7,8.8,1
496516,1784.35,16361,1,2520.79,2.98,76,1783,91.04,9327.09,3.2,3.8,0
359307,6217.32,21006,13,15354.48,10.25,127,3500,329.64,17438.69,7.0,6.8,1
311454,4612.67,21993,5,1180.62,14.07,95,3500,194.59,5491.21,8.1,3.5,1
328232,11261.32,3337,4,19221.16,3.26,40,643,376.95,25000.0,5.3,4.1,0
138803,2808.44,9099,1,10789.85,3.91,102,3233,40.0,21660.11,6.8,5.7,0
149978,8351.0,16411,11,19677.31,2.32,46,1278,353.27,22926.98,5.8,4.9,0
309058,2053.56,22112,9,2101.95,11.08,115,3500,40.0,10840.13,1.5,6.4,0
382494,6184.79,21053,3,12087.06,6.16,17,2560,242.41,20857.1,4.8,7.8,1
55379,7316.78,7221,6,7637.21,1.03,83,1576,252.22,8867.61,1.1,6.4,1
481828,4628.53,17563,12,17026.17,13.14,122,3500,141.1,20182.6,7.0,9.7,1
255900,6278.29,24313,0,7863.23,8.41,56,3258,212.87,17777.37,5.6,7.6,1
268517,3217.31,5987,14,5949.26,5.03,99,1066,94.95,15659.46,2.1,9.9,0
440866,4693.3,15621,15,17293.51,5.23,116,3500,226.54,16528.33,5.9,7.7,1
450097,8021.62,736,8,8118.41,4.42,62,212,349.55,11586.37,9.1,5.6,0
318557,4668.9,12129,9,1319.83,6.89,91,2812,126.36,11895.31,4.1,4.7,1
147084,10947.3,12049,11,8415.49,5.12,7,1525,384.31,12260.8,9.8,7.6,1
191187,8098.27,23688,0,13435.92,8.26,120,3500,342.89,23336.07,9.6,7.2,1
279295,6105.81,2923,14,5832.83,11.63,20,854,296.86,7049.83,8.1,7.0,1
67716,1906.95,13406,11,9207.76,10.15,134,3500,128.14,11840.72,8.3,7.5,1
365891,6745.26,15488,4,2077.59,4.49,27,2066,219.66,7319.14,4.7,8.8,1
233725,9530.15,1532,6,12173.76,7.98,102,396,430.67,23767.78,4.6,3.0,0
177450,4288.35,6839,7,15369.6,12.62,14,605,82.72,24647.83,9.6,6.1,0
183724,9971.12,3440,1,8852.94,1.12,69,230,388.7,20576.24,4.3,6.4,0
213502,4143.97,22293,3,8984.42,1.27,26,3500,190.11,14913.76,1.9,3.6,1
154539,10149.34,12762,1,2677.37,8.39,56,1625,302.03,14835.2,2.4,9.9,1
434226,2395.32,20016,3,4836.88,9.62,115,1675,200.46,16964.92,7.4,8.1,1
131999,10594.93,23964,14,3938.83,3.25,84,3500,490.13,10350.5,4.4,3.9,1
124793,6741.46,12152,5,10152.07,11.2,137,2545,302.01,23049.66,2.8,4.2,1
457907,4613.64,5442,5,11055.86,9.73,57,1627,136.29,21910.79,8.3,7.5,1
467373,4283.69,7461,11,19029.86,13.86,27,1934,167.94,25000.0,5.4,1.1,0
380321,6036.11,8230,12,2391.4,2.62,110,2296,280.97,15177.58,6.1,5.2,1
22289,11990.02,1133,1,12397.49,11.3,95,172,423.47,22008.64,2.4,4.1,0
186048,3813.44,7322,15,11003.47,1.35,123,1018,143.51,23072.75,2.7,8.7,0
184668,2583.77,20987,10,10808.43,8.52,142,3500,148.87,16104.39,2.1,8.1,1
426387,7642.87,6987,3,17590.03,8.32,124,839,230.99,25000.0,5.6,4.0,0
241513,6629.7,15631,3,4905.23,5.89,97,3500,281.81,8691.77,8.0,8.8,1
267368,7004.06,20330,13,1774.69,12.68,66,3500,192.42,12946.07,7.6,9.2,1
96365,8502.82,6238,0,13773.16,0.17,86,799,292.92,23228.12,3.4,6.0,0
240662,4305.01,3598,14,7557.99,7.85,11,891,146.97,17361.21,8.7,2.4,0
386158,11061.98,8597,13,1334.21,3.34,104,2953,468.16,14114.94,2.0,7.9,1
185211,6074.56,13636,1,5776.11,11.18,78,1154,207.94,11994.25,2.0,3.9,0
189785,2855.41,5976,13,6877.21,0.74,142,555,120.49,14583.75,8.6,5.7,0
432950,9294.14,8753,2,12719.93,12.49,61,2741,337.4,12314.62,3.2,1.4,1
82588,8252.6,22065,12,4279.13,12.59,34,2049,303.57,7322.0,7.4,5.5,1
73646,4815.31,18701,14,8848.03,12.51,7,1343,255.15,17452.95,1.1,4.4,0
275798,8025.95,5387,10,10167.03,2.37,18,886,263.53,17443.75,1.8,7.2,0
492238,3808.55,19482,4,9725.51,9.49,81,3500,190.3,12345.73,6.5,1.4,1
290887,6170.81,12143,10,19504.87,0.31,87,2803,246.78,20768.94,2.6,6.6,1
320512,10943.83,9992,7,1864.58,12.73,142,2120,408.98,7964.73,1.3,7.9,1
231097,2902.11,3153,14,19068.4,10.87,83,1053,55.21,25000.0,5.2,1.1,0
215244,5560.31,1954,5,12056.81,8.01,42,568,165.1,19571.76,4.0,7.7,0
409657,10122.0,18022,2,16118.83,10.99,146,3500,367.95,15799.49,8.2,2.2,1
129735,11679.65,6307,5,9177.46,1.51,44,1280,459.68,19221.18,8.4,7.3,1
165683,6266.22,3692,6,9622.92,7.98,144,315,280.82,13112.91,6.5,5.1,0
392035,6823.5,13312,5,17707.2,4.44,146,3500,257.93,24898.64,3.6,6.0,1
117971,7507.81,23000,9,18022.76,14.59,133,1408,288.65,18021.92,5.2,4.0,0
22149,11289.66,16275,5,5535.09,12.87,72,3500,447.39,19401.05,7.3,3.2,1
372246,10511.17,10902,0,4785.6,11.03,53,756,444.29,6872.84,1.6,1.6,1
331333,3291.31,13574,2,10428.47,14.01,22,3500,163.89,19985.32,4.0,8.8,1
248976,6085.96,15745,6,18105.26,5.27,68,3500,174.09,23521.5,8.4,6.5,1
424891,6372.0,4259,3,7124.75,13.52,100,753,240.78,8817.01,4.7,9.8,1
343175,9785.51,19913,11,13388.28,4.95,32,2634,452.79,13059.16,6.6,8.7,1
52668,7830.38,16183,3,14454.88,11.02,29,2070,247.41,18278.56,1.9,8.8,0
416889,8369.31,12960,6,15794.82,11.07,34,2689,338.49,25000.0,8.0,6.4,1
479882,11981.1,21979,8,11714.56,0.37,106,2446,470.7,11906.61,1.9,1.7,1
98204,2287.08,16947,13,8646.65,5.48,121,3500,63.15,18074.5,8.8,9.2,1
221830,3841.6,15960,10,19373.3,0.39,110,2721,233.2,25000.0,2.0,2.1,0
206501,5782.91,18229,12,12615.28,14.96,78,2861,233.16,15544.21,9.0,5.7,1
426885,5151.72,17858,12,14842.74,1.92,73,3500,281.63,14881.59,4.3,8.7,1
175140,1727.28,21045,14,7554.67,8.19,12,3500,69.37,19942.92,6.6,5.3,0
229861,2463.66,22846,1,13729.03,11.88,127,2344,121.56,16887.77,8.6,2.5,0
150507,8650.01,10314,8,5898.16,3.1,101,2809,317.14,8166.51,1.1,4.4,1
235160,10732.91,14390,2,5656.84,7.33,105,3500,401.01,15385.19,3.4,9.9,1
193321,6899.38,23480,5,14579.72,9.15,5,3367,296.44,16480.63,9.2,10.0,1
47384,7161.51,20214,3,10906.5,2.49,99,2307,307.85,16908.4,4.5,7.4,1
91929,4178.48,2240,0,13982.26,11.7,11,645,197.04,13841.08,7.4,9.0,0
400103,9562.7,11718,8,6119.33,4.56,66,1348,401.34,19804.26,2.3,1.4,0
86153,9393.84,6555,10,12375.74,3.24,115,474,308.93,17719.67,7.1,3.5,0
245128,7677.84,23205,14,9434.74,8.42,91,3500,266.8,22536.22,1.7,4.3,0
85388,3732.98,2454,5,12342.25,6.21,91,324,191.82,16887.57,7.5,1.1,0
41401,2518.69,17163,15,6526.71,13.81,127,1914,40.0,11743.45,3.9,4.4,0
212903,2174.51,19275,7,14593.57,13.21,12,3500,101.61,25000.0,5.2,1.8,0
129503,7723.31,9732,14,16312.66,7.3,68,1436,303.34,19333.18,2.5,5.7,0
242601,10162.87,6939,14,5938.41,5.45,140,2297,448.99,12366.8,6.7,1.0,1
137834,10512.47,1461,1,6711.79,4.95,135,166,441.33,8384.87,4.0,3.4,0
44084,6368.03,23711,6,13561.93,4.09,131,3500,221.52,25000.0,4.5,8.8,1
261459,9734.85,18101,5,14216.12,8.21,131,3500,353.93,14479.86,6.9,2.9,1
120641,11442.24,6507,1,14377.89,12.09,120,544,431.55,23527.72,2.6,1.6,0
115111,4389.29,21014,15,13971.27,4.73,53,3500,204.57,20179.02,8.7,3.2,1
459042,5678.58,18276,1,8463.35,2.93,134,3500,112.03,9568.95,7.7,8.4,1
439667,11280.53,2576,3,8502.22,7.18,131,281,459.09,8823.93,6.2,6.3,0
148299,5051.43,21200,3,5841.53,1.13,141,3500,157.91,18835.42,2.2,6.3,1
172982,11095.7,6696,15,3979.84,10.55,50,1296,453.37,14832.13,7.2,1.0,0
308185,11800.97,16792,2,14158.97,7.82,69,3500,489.26,22250.85,1.2,5.2,1
361064,8449.01,10815,7,2770.59,7.5,94,2965,254.84,9917.71,8.2,3.4,1
337825,10077.35,21473,13,18818.05,4.58,33,1460,391.75,20156.42,3.7,4.0,0
244386,9370.23,12285,6,16707.04,13.58,37,1396,382.59,24203.85,2.1,6.4,0
353715,8845.11,8642,1,17292.61,1.45,32,1740,358.2,23742.0,2.5,8.9,1
206553,4722.78,6760,2,18226.71,13.06,99,2299,182.8,25000.0,9.7,2.6,0
471792,2099.49,24781,9,8763.49,5.71,87,3500,40.0,13766.09,8.0,7.9,0
270337,5102.04,16034,8,17087.31,13.22,116,3500,150.65,25000.0,3.1,1.4,0
137556,8502.83,5341,12,4003.16,10.96,118,340,271.21,6073.64,9.7,3.9,0
205246,2576.56,24045,4,1411.19,1.65,33,3500,130.76,4165.07,2.3,3.0,1
36160,1625.14,13884,1,15912.94,12.49,143,3345,59.23,25000.0,7.6,9.2,0
256242,2966.77,17943,2,2421.14,10.26,106,3500,116.08,12357.1,6.9,2.6,1
27633,9015.23,2422,7,19781.97,0.58,108,803,275.33,22067.92,8.4,6.2,0
498096,11714.33,12491,3,13821.13,2.09,52,1298,466.89,22962.29,4.4,2.5,1
289158,11822.18,6601,13,15315.54,9.57,128,914,504.57,20138.49,4.6,5.3,0
352676,6686.78,21476,1,5670.27,9.97,115,3500,175.38,6810.8,6.6,4.7,1
59104,10628.2,23233,1,13803.44,11.23,28,2483,398.36,21507.1,4.6,1.4,1
444837,9236.68,2973,5,1821.18,10.83,27,821,290.95,6617.4,1.4,8.4,1
349375,6760.92,8608,7,16918.69,9.93,20,2389,249.42,17034.31,7.6,8.0,1
78388,7513.99,15950,6,4222.86,11.52,31,3500,255.51,8306.84,6.8,3.5,1
26014,2940.89,24980,3,14249.8,8.67,137,3203,136.68,19589.89,4.8,6.5,1
102578,11345.45,10543,1,5265.13,3.99,39,1313,462.28,6860.24,3.7,4.3,1
174827,5195.26,23632,8,2300.61,13.69,60,3500,272.39,15321.47,3.9,7.9,1
50390,6184.57,16710,3,10148.38,0.37,131,1936,244.68,17397.64,7.7,7.2,1
295855,8552.43,5049,8,4216.44,5.56,142,1305,359.02,9182.1,7.6,1.8,1
101658,5005.98,1094,4,14859.44,10.96,42,227,172.35,22818.62,8.4,8.6,0
67993,4169.72,22336,13,5513.75,6.46,13,3500,111.64,16866.07,7.9,2.6,0
215768,8126.02,17390,11,7506.98,0.47,73,2610,366.78,15986.6,7.8,2.6,1
168285,1762.33,5389,14,11781.35,1.08,9,1855,132.66,14057.51,3.3,7.6,0
256860,9067.61,24521,11,6414.4,9.76,88,3500,397.99,8565.27,1.9,2.6,1
461000,6897.25,8712,10,8181.77,14.48,143,1990,282.45,19724.11,7.9,2.1,1
279565,7860.41,18283,10,16496.81,8.32,64,3500,265.71,18248.38,1.9,4.0,1
228008,8134.74,3701,13,4404.99,7.65,139,948,382.47,5785.06,9.8,8.5,1
27727,7034.03,8354,6,2561.83,4.84,71,2902,310.34,12407.19,8.9,2.6,1
384562,7616.6,7263,11,7238.8,3.92,73,668,405.91,9778.55,5.8,4.1,1
14358,8679.78,11153,15,9063.16,0.41,81,3500,289.47,22133.14,4.2,3.6,1
337252,9407.75,24846,4,11310.53,4.17,148,3500,419.44,22354.92,5.7,4.2,1
267681,9138.25,5690,14,8076.05,6.79,122,1725,392.99,16370.63,7.6,7.4,1
104018,10630.97,14215,1,16008.32,3.05,16,3500,408.14,25000.0,7.8,4.6,1
396601,3489.16,6181,5,1747.07,1.4,31,874,207.76,9514.62,1.7,7.8,0
435333,5712.05,4178,15,9203.58,10.79,89,763,248.6,19613.19,8.2,6.8,0
491916,11451.86,14602,6,8262.86,13.43,112,3500,411.23,17015.22,6.8,4.2,1
304054,5664.2,17220,13,13303.99,14.06,59,1545,220.65,13015.57,1.4,4.9,0
136888,2811.14,2167,14,19359.25,9.31,56,621,65.0,25000.0,3.8,7.3,0
239104,7017.17,17793,10,10697.13,0.89,41,1657,257.26,21749.66,5.6,5.8,0
327898,2649.66,8704,12,19750.66,11.14,117,2910,141.18,25000.0,2.7,8.8,0
203510,3629.96,5622,5,6742.74,1.74,124,803,194.66,16901.95,2.4,9.4,0
119847,11982.35,11717,12,1586.49,10.08,19,2726,490.35,8625.98,1.1,7.5,1
432587,7184.31,16083,13,4147.6,11.71,88,1530,249.87,8008.89,9.2,9.9,1
454717,4482.61,1473,2,8507.37,10.92,87,207,198.38,11145.85,1.5,6.4,0
464162,11945.14,21154,9,7010.34,14.28,69,3500,513.98,9492.18,4.3,1.4,1
310611,11648.87,1908,7,2844.03,11.1,7,393,367.35,7143.15,2.9,5.5,1
420841,6127.76,10635,2,9220.54,10.43,109,638,250.93,16534.7,7.7,3.1,0
306037,4234.23,19172,13,7424.2,4.0,137,3500,159.86,16828.05,7.4,4.0,1
86329,10303.2,9238,4,3329.77,13.88,141,576,459.81,8746.55,8.3,5.4,1
41007,9014.02,14849,8,6626.23,2.78,133,3500,379.85,14434.69,6.6,3.7,1
494518,8712.89,1718,10,17842.29,13.58,34,346,372.73,20710.12,6.3,3.8,0
180604,10877.69,18304,4,6738.93,4.76,75,3500,411.01,16445.77,4.7,4.6,1
326397,8738.88,3877,14,14565.15,2.04,97,475,349.64,25000.0,6.7,3.6,0
22323,4479.88,24385,6,12628.89,12.42,31,3500,226.38,21060.33,2.0,2.5,0
383479,8785.56,11464,10,9116.44,0.14,67,2535,348.18,10060.55,7.2,7.9,1
122356,4711.04,4598,13,5541.49,12.5,85,502,197.18,12637.25,1.9,4.6,0
120944,9472.01,19622,6,8011.28,4.01,35,2579,302.08,18424.06,8.8,8.5,1
214451,8007.35,8119,4,12250.04,13.28,118,650,316.87,18849.17,5.6,8.9,0
417426,2312.82,12439,15,7664.31,10.4,106,994,40.0,20495.27,5.8,7.8,0
288600,6884.77,18726,1,5083.03,10.03,97,1201,249.58,6778.46,6.3,4.6,1
41367,5104.66,19700,4,3212.79,5.54,139,2485,207.36,8355.25,8.0,7.5,1
64624,4949.99,17378,6,17715.57,0.99,75,3500,236.35,19041.79,5.3,2.4,1
413322,7823.69,7060,6,9365.95,12.47,90,1093,262.99,19471.85,4.8,7.0,0
244565,4884.41,6010,3,12878.96,2.65,140,979,214.06,19112.48,3.6,4.7,0
78008,9657.38,3944,0,10317.8,5.65,32,393,459.72,12052.71,2.2,6.9,0
398070,2243.31,8043,5,17578.76,9.05,86,1871,57.7,19775.72,2.7,7.8,0
387539,8434.08,24446,12,11391.76,7.29,99,3500,260.01,17907.98,1.0,6.1,1
126492,9996.55,20878,14,10134.85,3.06,21,3500,414.35,23057.56,8.8,6.8,1
82240,8564.73,12929,13,18567.42,2.2,143,3500,282.99,21589.74,7.9,2.9,1
336459,6720.91,7753,2,14674.1,1.94,147,1825,227.89,15778.02,3.0,6.3,1
472465,11478.22,14275,10,3119.45,12.96,99,2039,505.3,10957.42,1.0,5.1,1
211659,4649.35,545,4,4376.38,0.57,125,116,279.82,9533.53,5.4,4.9,0
282900,1701.26,16097,3,15955.33,14.66,10,2182,40.0,22121.83,4.7,4.7,0
471227,6035.89,2557,14,16881.18,3.06,16,846,204.56,21572.18,8.0,3.8,0
308522,1846.63,1163,12,11358.63,1.74,91,337,51.87,20050.27,4.6,3.7,0
145327,11516.34,5168,1,11534.65,8.7,107,1074,433.26,23113.5,8.8,7.3,1
417700,3704.14,18913,11,13006.73,1.29,108,3500,244.83,15012.07,1.9,6.0,1
135703,9783.73,6217,14,9343.2,9.08,39,1393,364.82,20149.9,4.3,1.3,0
328693,9633.01,3196,6,13923.78,12.77,71,507,365.93,25000.0,9.4,1.4,0
175575,3786.15,13700,13,3061.14,0.81,110,1214,232.25,9305.84,1.1,6.1,0
345938,8022.88,16601,4,19264.31,12.02,96,3500,349.75,18889.06,4.5,8.6,1
317257,2004.83,9331,14,15252.94,5.98,67,2968,129.49,24887.2,3.3,1.4,0
84069,6577.53,19547,13,12992.31,2.48,87,3500,217.8,21508.09,5.8,5.6,1
239189,1653.79,19629,6,7010.12,2.72,86,3500,40.0,10373.35,3.5,8.7,0
408465,11172.01,5504,8,4058.15,13.79,35,980,394.89,11034.43,8.8,1.0,1
261051,11748.9,23205,3,8777.52,1.75,41,3500,510.02,16535.91,9.4,3.5,1
422417,3833.97,13656,4,13569.96,13.02,137,3500,214.62,15064.07,8.6,9.3,1
135541,3685.11,22009,8,13040.49,8.21,119,3500,117.42,21726.26,4.6,1.7,0
199648,9414.06,21832,12,8270.18,0.68,125,3500,358.35,17584.62,9.9,6.5,1
266353,4160.48,4902,9,12652.44,7.02,136,1295,150.39,23654.6,7.6,5.6,0
281830,10898.3,11287,10,16461.22,12.28,122,3500,358.57,22543.52,4.2,2.4,1
325507,7526.26,15162,15,1499.41,10.92,42,3500,267.36,10665.6,1.8,1.4,1
369687,5183.17,20311,13,9561.8,7.38,114,1355,245.99,17701.48,7.0,5.5,1
141733,10243.28,6412,12,15412.55,12.91,30,624,365.96,17889.22,7.6,7.6,0
185915,6680.77,894,3,11376.74,1.89,131,282,271.88,20963.27,2.1,2.6,0
105673,11072.15,15135,4,13378.05,13.66,56,3500,377.49,21314.93,5.9,7.2,1
464179,11244.15,4097,12,10816.85,12.71,122,724,442.57,21562.37,9.9,5.9,1
52828,3236.91,11024,4,19845.62,10.65,65,2594,101.31,25000.0,3.9,4.2,0
320748,1524.4,829,7,2037.81,12.29,149,275,40.0,11931.69,3.7,7.0,0
282670,11831.27,17656,14,10329.85,8.2,143,3500,512.77,12355.48,9.1,2.7,1
341054,11014.44,2145,12,2736.91,10.16,115,633,482.91,16138.44,2.1,5.1,0
35592,2082.17,18671,14,4035.93,8.45,53,2294,40.0,10002.5,9.4,5.9,0
301126,10246.86,10315,3,8277.73,5.4,111,2879,399.07,21158.07,8.0,5.1,1
272351,6306.95,17883,3,3955.26,8.58,97,1615,254.49,10388.53,4.5,4.6,1
242041,4219.1,2348,12,19310.06,3.94,128,771,78.03,19345.25,1.8,7.7,0
360877,10726.84,2061,6,18989.01,6.66,65,216,359.22,25000.0,1.2,6.9,0
240008,3565.01,1273,10,7386.08,4.28,144,329,206.91,18244.63,4.4,6.8,0
134982,11446.65,7811,4,13155.21,1.93,145,1899,404.61,22746.02,7.3,9.0,1
266911,3659.03,22063,5,11141.31,4.9,62,3500,209.27,12075.39,5.4,9.9,1
78619,7943.67,15703,5,16496.15,12.79,15,3500,250.48,25000.0,7.6,6.1,1
170400,3842.41,18687,11,12921.47,5.78,143,1455,186.64,20090.38,7.0,4.1,0
318623,7229.52,9790,15,1004.8,11.25,126,2660,273.62,8918.46,6.2,8.0,1
161175,8681.74,2550,5,15500.31,2.71,109,446,338.73,25000.0,9.7,2.3,0
180963,3497.39,17631,13,15190.11,6.42,40,2752,232.69,22810.63,7.6,5.6,1
151826,6969.3,22744,9,10684.73,1.81,134,3500,216.06,12277.18,9.2,5.7,1
241055,6425.13,4473,4,18155.46,2.17,91,1061,286.75,23278.35,3.2,9.9,0
353581,2245.89,2115,12,18260.48,9.3,65,578,117.51,24884.4,7.4,9.9,0
108540,10092.23,15050,12,10954.32,9.15,82,3279,571.42,22444.62,6.4,8.2,1
345126,5024.67,20638,4,12551.78,3.28,53,3500,147.13,15680.05,9.3,5.3,1
112747,7533.11,10994,8,19933.92,7.17,144,3140,270.03,25000.0,5.6,5.9,1
196994,6905.23,6006,12,6677.58,12.96,10,1544,317.01,17739.63,3.5,3.9,0
320375,6889.24,21105,7,7167.73,2.7,48,3500,265.56,9398.83,4.5,8.5,1
39301,2625.84,13554,14,4472.7,0.39,27,2683,81.88,5802.19,3.0,7.7,1
232724,5946.56,14361,3,18021.47,9.81,119,3500,285.74,23975.5,3.0,7.9,1
203783,6249.85,12087,6,15145.28,0.9,102,3500,236.67,24379.45,5.2,2.2,1
182395,9203.25,14015,7,3007.21,14.7,112,2422,323.54,11613.37,9.0,4.6,1
28752,10320.2,22175,11,19653.58,9.18,100,3500,449.12,25000.0,2.7,5.8,1
223277,7222.31,6354,8,14888.27,7.11,30,2229,307.66,22000.56,3.6,2.1,0
370596,2411.22,17100,4,17159.92,6.51,139,1192,80.81,24220.74,8.7,4.3,0
154467,3986.92,18243,2,1914.86,8.64,37,2930,141.46,3897.9,4.1,1.8,1
227029,3231.81,4274,14,10594.26,1.45,86,880,83.53,11627.18,9.7,9.6,0
393381,2808.46,22301,12,14273.37,13.96,99,1348,148.59,22844.08,3.4,7.8,0
66273,5341.94,5427,3,11315.99,9.42,133,1789,195.67,20969.75,5.0,6.6,0
268503,3908.63,4929,14,13666.3,2.84,11,719,117.85,19981.35,1.9,2.8,0
101878,3792.18,5106,9,16539.61,8.48,128,701,87.41,22903.83,9.9,4.0,0
277039,2074.28,4978,5,8112.4,2.09,62,1524,102.58,16476.68,9.0,2.3,0
129968,1685.54,16576,9,17124.7,0.36,90,2377,41.99,17064.65,8.4,5.8,0
387844,2579.07,18780,10,4095.41,9.49,38,3500,40.0,13959.14,2.4,8.4,0
86559,3308.07,7866,4,6146.84,9.76,55,2411,72.16,13137.58,9.7,1.2,0
20699,6025.33,4927,8,1823.57,8.8,124,1467,229.33,11291.65,9.4,1.9,1
206133,6860.46,13976,12,7924.11,2.83,142,3500,264.14,15660.13,4.9,3.1,1
19715,2976.22,5861,10,8218.28,9.09,115,508,106.87,18493.63,7.1,7.4,0
29169,5960.23,1141,10,16300.14,0.94,110,100,219.27,19181.5,9.9,9.0,0
128413,5088.36,22230,13,13409.48,9.18,30,3380,129.74,17583.43,4.7,7.8,0
419379,3425.95,21613,2,9297.73,8.35,36,1530,93.31,14529.07,2.0,5.7,0
129264,1571.83,20511,1,13390.17,9.86,128,3500,122.06,22624.07,8.8,1.9,0
277926,6403.69,23478,5,2002.88,13.44,16,3500,307.96,9206.77,5.3,7.8,1
229249,8699.34,10585,12,4425.16,12.77,91,2404,376.87,7842.1,9.9,2.0,1
134481,3875.91,20159,6,12912.01,14.71,82,3017,179.51,25000.0,6.0,4.1,0
225400,2883.97,4550,4,13185.97,14.65,38,936,160.6,18962.74,1.3,3.8,0
45585,10813.95,5053,0,15708.56,11.61,74,811,376.52,15987.07,5.4,4.2,0
302826,4387.76,21809,2,8657.0,14.35,12,2586,177.16,17639.17,7.5,4.0,1
188936,3847.93,19188,2,14728.53,13.02,85,3500,97.9,23391.93,1.2,7.9,0
402136,10499.52,3843,11,13995.63,10.94,30,1007,364.84,19699.4,4.7,2.5,0
356560,10079.62,2556,13,19304.47,1.22,61,789,421.59,25000.0,2.4,8.6,0
458330,6207.64,19692,3,5087.47,0.83,139,3500,295.64,8314.75,6.8,8.7,1
399954,6637.01,23976,13,11481.91,12.58,30,3500,255.79,15968.52,9.6,5.4,1
48067,3786.36,9916,9,12433.52,7.4,118,2640,233.9,14050.59,6.6,2.0,1
183757,2322.17,7726,5,19974.31,12.24,122,595,103.48,23013.51,7.3,6.2,0
263334,7521.03,1386,4,4822.5,4.76,120,129,262.0,13174.41,4.6,8.4,0
28073,2532.62,9084,0,10941.14,6.02,51,2759,46.97,16505.92,6.1,3.6,0
46035,6217.38,24604,14,7577.52,10.53,106,3196,299.6,15773.81,5.9,8.5,1
206049,11375.22,19330,5,10991.97,13.74,128,3222,461.43,17316.45,7.8,7.1,1
243782,11504.76,20789,13,5410.44,1.41,28,2154,493.99,10459.94,8.7,9.9,1
100373,4012.99,23358,13,1904.64,12.94,34,2769,40.0,5388.12,7.0,8.4,0
355506,8053.19,12030,8,11878.74,11.92,58,3500,334.36,14787.74,9.8,2.8,1
100517,6477.8,4091,10,7381.23,4.8,71,567,233.52,10514.26,8.5,5.0,0
75450,10694.69,19065,0,4456.89,5.39,36,3500,358.1,14762.0,2.1,1.9,1
20382,4350.02,21895,7,7154.78,0.79,12,2310,170.87,18383.39,5.6,1.6,0
407653,1538.88,21914,15,1936.32,0.33,50,3500,116.15,12914.11,9.1,7.4,1
212043,3206.89,17238,7,19058.4,7.21,84,3500,241.59,25000.0,9.5,9.2,1
467828,5169.99,3131,2,12041.81,1.52,39,528,218.91,15635.52,4.4,9.8,0
231427,4815.07,18405,15,16480.6,2.99,93,3500,157.15,24427.29,7.5,3.4,0
71929,9809.31,19556,14,9039.25,12.72,83,2581,353.9,17097.48,4.7,2.8,1
243483,8645.89,11870,12,18162.98,8.61,140,3176,393.99,17140.0,2.1,6.0,1
238590,4645.34,19221,8,10183.05,9.54,38,3500,135.97,21945.4,9.0,2.8,1
371008,6306.31,23852,10,11904.96,2.89,29,3500,283.37,12563.37,9.4,3.7,1
153401,2503.37,17512,12,10344.09,12.45,117,2271,114.82,16810.47,5.5,8.5,0
266677,10930.54,24046,12,14932.29,13.03,87,2119,446.38,20615.73,1.2,8.3,1
297313,11321.96,3179,10,11766.47,7.9,47,442,374.47,22294.27,8.3,9.1,0
97468,11787.94,22150,7,6160.38,13.7,130,2145,453.67,18798.18,5.3,5.3,1
44594,10619.8,4922,2,3765.25,12.69,17,546,351.88,17227.99,1.7,6.1,0
480173,3326.59,7963,9,12516.36,11.0,129,1276,103.65,19418.83,2.7,7.9,0
201703,1985.06,10113,4,10294.42,11.04,80,1863,125.26,19063.08,2.4,3.2,0
55033,7585.77,18010,2,2823.54,1.67,91,3500,364.98,5409.59,7.2,8.4,1
73133,11082.35,2280,4,8516.73,4.14,108,271,453.99,15156.29,3.7,1.2,0
476381,3362.19,9924,15,10780.75,1.1,134,3489,105.97,22296.74,2.1,8.2,0
83861,1573.95,7071,8,16710.97,0.23,44,2143,142.36,21292.84,9.3,8.0,0
193362,9957.71,1325,14,2445.92,2.46,27,430,369.13,4861.46,9.6,3.7,0
497247,2306.35,11655,11,7621.41,13.22,73,3500,40.0,10705.46,2.2,7.6,0
303894,5843.91,24160,15,16630.47,3.67,38,3500,268.58,20887.97,3.1,2.9,1
498371,8628.32,2895,3,13320.05,14.56,59,859,368.02,15743.91,6.3,6.2,1
50461,3986.37,4645,5,6509.21,9.0,110,889,132.33,12307.17,2.4,7.3,0
477016,2381.61,23943,2,17061.37,3.64,8,3500,100.28,19977.6,2.4,7.4,0
88222,9585.22,16279,2,10372.58,7.51,74,3500,405.52,14444.14,4.0,9.8,1
122020,8116.84,5992,15,10468.69,3.36,51,1039,334.86,11560.09,9.5,2.6,0
296370,11879.15,7611,4,19555.16,14.76,118,552,498.11,25000.0,9.7,5.3,0
278865,5115.23,13587,7,18995.21,12.72,121,3500,179.32,25000.0,8.6,8.9,1
459370,2148.51,10484,13,7812.12,0.49,122,2432,112.25,16353.66,7.3,6.1,1
30609,9210.68,7292,7,3671.0,14.22,11,2220,369.31,12820.9,7.5,8.9,1
455346,6978.2,20435,2,7187.67,10.84,117,1689,255.54,12904.66,5.2,4.9,1
140513,3738.64,8211,7,1579.18,1.33,102,2023,137.25,13966.44,5.8,8.2,1
213981,9708.15,20512,12,1394.59,10.09,33,2755,383.43,15206.19,6.7,8.8,1
114211,3639.43,2065,10,8514.92,9.74,119,683,73.31,8884.96,7.6,8.6,0
196321,4236.95,4167,12,18879.38,3.36,144,387,137.65,18133.08,1.9,8.8,0
452111,2471.55,6959,7,17555.79,11.4,149,2178,102.11,24819.32,3.0,3.0,0
497689,5694.04,4596,2,10717.41,1.4,41,398,160.21,13642.8,9.7,5.0,0
408872,5898.76,1519,9,11739.3,7.39,38,103,204.95,23243.6,4.0,2.6,0
397009,6902.9,24812,14,1112.74,0.25,138,3238,395.35,11566.56,3.4,2.6,1
346664,8944.12,9976,12,5094.52,14.53,100,1595,301.3,10863.4,4.8,5.4,1
466956,11014.06,8754,14,1470.71,11.3,77,2171,421.37,8575.24,3.6,9.6,1
336453,2946.21,12084,9,15336.25,2.47,126,1203,76.16,23250.47,1.8,6.3,0
39984,2070.66,6465,1,3767.27,5.19,14,1236,76.98,6846.35,2.9,8.7,1
128947,1694.58,11964,9,17511.89,2.49,33,1451,40.0,25000.0,6.8,9.4,0
214894,3008.02,19153,1,13223.16,11.52,143,3500,108.16,12640.56,3.0,1.8,0
15901,8408.47,12939,8,5358.95,0.98,96,951,300.41,19013.47,6.8,2.5,0
172624,9138.51,5221,6,3996.69,12.62,60,871,418.3,7376.74,1.9,3.6,1
232317,9758.31,8908,15,12924.87,14.14,89,2222,394.41,21987.34,1.4,6.6,0
303199,4058.94,695,5,18115.9,10.18,99,232,112.21,17011.74,8.8,1.6,0
178757,4711.9,3773,15,14648.84,3.27,62,1209,230.52,19327.65,7.8,8.1,0
477181,6572.91,15830,15,7622.39,5.47,56,3500,215.0,16291.99,7.0,1.6,1
155788,2163.42,21994,6,12160.29,7.21,65,1734,40.0,12641.19,1.3,2.4,0
124099,7916.99,11386,7,6904.47,9.11,21,3500,316.53,13286.39,3.2,4.4,1
21138,11829.22,24285,11,19983.84,10.06,34,3500,568.53,21927.85,8.3,6.0,1
176370,5288.47,3712,0,15227.94,8.36,76,1228,120.16,20659.52,2.3,8.9,0
454328,9404.9,3255,7,12673.25,5.33,41,500,309.65,18698.09,8.3,9.7,0
33429,6750.36,18405,2,9041.92,13.37,137,3500,307.64,19441.55,6.3,9.0,1
60200,2842.02,22558,15,12744.89,1.31,84,3500,81.56,13801.47,7.7,2.0,0
212380,7613.49,1580,2,7490.71,7.05,133,395,335.14,9067.92,6.8,6.7,1
451460,4648.68,22507,5,1548.43,11.66,141,3500,144.07,8463.32,4.8,5.0,1
258289,1861.23,16001,3,8506.68,1.01,75,3013,81.55,20343.1,3.6,2.1,0
255127,8166.76,17605,3,18679.14,10.61,111,3500,413.89,25000.0,7.1,6.0,1
373412,10518.79,14547,3,12899.72,12.31,137,2426,361.02,19599.68,8.3,4.2,1
246513,5120.08,18446,9,2595.16,9.95,125,3500,255.99,15630.19,1.4,4.1,1
27347,5598.1,1139,8,17814.88,0.29,79,285,257.91,25000.0,4.4,1.9,0
157992,10855.73,21144,7,6108.62,2.78,72,3500,359.77,10500.11,4.2,9.8,1
41822,10042.89,13002,2,5631.62,5.2,142,1681,429.66,8716.68,6.0,7.5,1
449875,9007.0,5690,0,6644.73,3.58,102,1996,363.92,11230.82,2.0,3.5,1
50108,4112.37,4236,0,11966.84,14.44,136,1093,169.05,14526.0,9.4,9.3,1
401099,11057.27,24630,0,11349.07,9.81,56,2935,459.12,19174.6,5.9,9.5,1
492315,3121.37,16973,3,10336.86,4.52,78,3500,107.34,17873.18,9.3,8.3,1
17967,8081.09,1751,13,14633.2,13.95,22,196,326.75,21486.25,8.4,6.9,0
382863,1802.41,9794,5,7014.22,11.13,80,774,84.17,10072.32,2.7,4.4,0
21871,8259.06,21587,3,15859.23,4.34,112,3500,367.67,24981.6,2.2,4.9,1
235371,4410.02,17232,10,4331.11,5.75,64,3500,100.04,11102.03,8.8,5.1,1
218524,6221.61,4552,10,15869.79,3.07,41,531,313.41,20837.71,5.8,9.5,0
215342,5125.28,19825,2,13612.39,14.57,81,3261,147.25,25000.0,1.2,7.8,0
174685,3313.95,771,7,13980.96,7.81,150,265,170.64,16854.3,9.4,3.6,0
38179,8030.8,18914,13,10149.51,13.45,130,2752,325.2,15243.4,5.3,6.6,1
261537,10760.74,24720,7,13673.03,5.26,33,2637,366.37,21732.45,3.7,6.3,1
193260,11570.38,12198,5,2516.14,12.93,112,3500,489.22,15458.28,5.6,8.3,1
327243,3519.64,16389,8,17179.47,0.9,34,2470,93.52,17391.73,8.4,1.9,0
45262,9032.41,10157,11,2055.4,14.73,123,2682,414.74,13199.92,2.0,7.3,1
350357,8475.56,9887,9,3826.09,13.69,106,1280,303.48,16998.52,4.2,4.0,1
389551,5105.47,16876,0,11959.0,5.51,11,3500,129.47,17065.22,3.9,2.2,0
421484,1700.54,11779,12,15048.82,11.64,78,2072,144.71,17766.51,8.6,7.6,1
481082,8742.81,12515,7,2448.78,11.31,41,3500,358.78,12769.61,8.0,4.0,1
358413,11427.7,7541,5,18494.53,13.53,31,1432,500.47,19994.58,4.6,7.6,1
70545,8137.26,22059,0,19498.55,4.68,25,3500,282.92,22594.61,7.0,2.5,1
244555,6070.57,18010,3,12513.05,7.04,47,3500,148.23,23670.31,4.6,9.9,1
233894,7014.12,21263,4,10143.63,12.99,55,3500,364.32,17789.23,6.1,8.2,1
213218,3596.1,9208,6,15086.5,11.7,97,833,143.52,15303.9,9.9,3.6,0
475182,9380.71,11357,7,7238.79,5.96,75,3500,399.8,12077.1,5.8,7.7,1
312066,9337.41,9993,8,10372.02,12.7,17,1745,406.33,18452.06,9.9,2.2,1
482580,3027.93,8552,11,18406.87,0.8,113,2039,104.35,22984.97,7.7,6.9,0
52913,10718.77,17495,11,19157.45,11.75,118,3018,440.06,25000.0,2.1,1.5,0
369177,4326.49,17633,5,18614.31,3.18,129,3180,252.76,25000.0,8.2,4.0,1
376936,11813.69,14080,9,5986.51,4.36,109,1516,470.93,13037.2,2.5,9.8,1
260497,5520.48,18740,8,5416.91,7.45,145,3500,267.92,19163.9,5.8,2.1,1
458893,3367.78,18410,3,6655.63,6.8,41,3500,40.0,19215.26,6.5,6.4,0
453057,5193.06,10716,7,9384.91,7.86,144,1252,263.91,10286.72,9.0,1.6,1
187404,6121.89,6729,2,6969.18,8.22,22,1497,168.78,11038.95,2.9,7.0,1
495278,2227.73,13843,3,8110.04,5.04,126,3500,139.58,12395.1,8.9,3.5,1
392007,7571.29,2598,9,12792.1,2.71,89,713,322.38,14629.45,9.4,3.8,0
498910,7775.14,15938,3,15487.99,11.55,121,3256,306.21,18446.61,1.8,4.0,1
166104,9258.77,8365,5,14975.61,6.06,122,2801,365.37,19503.16,9.0,2.8,1
178918,1806.28,17057,14,16474.05,7.64,66,3500,59.61,15849.4,3.3,9.5,0
200546,7183.0,12711,8,1611.5,9.71,28,1278,246.29,4944.1,1.7,9.2,1
54936,2055.53,1000,5,1906.94,13.65,64,224,71.92,4776.75,9.6,8.8,0
170866,8862.01,4146,0,15998.28,10.64,149,474,464.88,15400.74,4.5,2.0,0
202660,2085.14,23103,4,11128.5,0.78,110,3500,148.52,17162.26,6.6,3.1,1
212056,11073.14,19247,8,11984.67,12.59,64,3500,399.38,15927.18,6.0,6.5,1
453547,8871.87,10548,4,1999.15,14.84,13,1775,368.26,15760.13,2.9,9.7,1
235469,6827.59,24424,5,5850.96,7.14,147,3500,277.9,8016.65,7.0,6.4,1
38141,6135.79,11844,2,13128.73,14.55,81,2208,238.32,24541.44,1.4,3.9,0
412290,2872.06,18780,7,17324.46,8.26,85,2734,64.74,16984.66,2.8,8.4,0
147478,4555.49,22643,9,18422.68,6.95,130,3500,204.51,24787.97,9.5,2.2,1
107359,10624.07,10410,10,10507.97,5.04,141,2554,467.27,13626.87,9.6,8.9,1
395423,10996.75,2278,15,11364.01,9.9,60,180,398.18,21839.68,5.3,9.8,0
164363,1507.85,13484,12,16827.94,3.52,98,3500,158.09,16261.52,2.5,9.7,1
51568,7738.43,19941,3,11214.87,1.66,131,2316,385.64,23354.5,4.8,2.3,1
107539,9052.66,5690,3,10820.31,0.51,40,2013,389.51,11270.59,8.9,5.9,1
56851,7996.84,15804,10,18196.6,4.46,132,2734,258.29,19691.75,1.6,6.3,1
64823,2357.64,7497,11,16008.72,6.0,24,1836,114.38,20841.38,2.2,2.8,0
33312,3786.11,12520,4,18272.38,8.33,59,1044,165.54,25000.0,9.1,5.9,0
446324,4128.57,5247,13,5146.69,4.46,64,857,190.8,18481.82,4.7,6.8,0
470134,10233.11,9786,9,10963.13,14.76,133,2943,488.85,16335.06,1.8,4.0,1
437387,6363.59,545,14,17006.97,4.45,49,111,245.74,25000.0,2.3,3.8,0
444995,6611.7,8258,8,3111.81,6.67,28,2737,366.86,13942.56,8.9,1.5,1
209900,11316.38,23937,12,16098.58,1.64,8,3500,472.98,22304.06,5.4,9.6,1
370867,8189.4,20085,7,4476.49,3.98,95,3500,313.05,14563.14,2.5,8.2,1
284555,10936.01,955,6,16354.26,0.82,111,339,557.41,15578.27,9.0,7.8,0
259062,6293.34,10354,4,12628.02,8.44,17,2031,293.23,17842.92,8.6,1.2,1
329153,3069.08,19808,8,4671.48,11.29,105,3500,100.03,15953.37,1.2,6.6,0
418638,11264.32,24682,8,9993.73,3.02,99,3500,454.78,16159.86,6.2,2.6,1
445684,6316.4,17849,9,13956.2,5.58,61,2257,284.42,24520.52,3.2,7.0,1
42371,3407.13,21848,9,13043.21,0.35,75,3500,128.74,23271.86,5.8,6.6,0
67022,4675.16,2028,1,9117.7,12.61,104,482,193.7,20518.96,3.5,8.7,0
343373,2033.43,3476,3,18087.96,11.72,111,965,40.48,18160.32,3.8,3.3,0
109071,6417.16,19955,7,10866.0,1.04,94,1675,172.43,13866.63,6.4,1.2,0
192268,10457.85,13788,15,10611.48,5.54,112,3500,423.63,10873.95,5.8,9.2,1
483570,11302.59,21753,12,2182.76,14.33,134,3333,459.1,16522.62,4.6,9.2,1
368918,11292.32,6887,13,18520.29,5.94,47,2077,478.05,19886.03,2.0,5.1,1
499626,2814.92,3021,0,4365.21,7.94,47,643,83.79,10264.38,9.7,1.7,0
298859,5511.57,7025,12,11038.55,5.39,67,1000,153.44,14404.88,2.6,5.5,0
299749,1796.4,1626,14,16267.78,8.98,77,562,40.0,15531.54,6.7,5.7,0
109853,10479.24,23516,4,5093.61,14.67,121,3500,471.95,9471.24,1.7,8.4,1
41174,5266.94,13848,7,11020.09,14.96,52,3500,177.35,12092.62,7.2,7.5,1
413172,8126.73,22657,1,5573.01,11.64,9,3500,302.97,11584.09,1.9,1.6,1
86373,9006.43,8216,1,15434.2,6.12,80,2093,344.64,25000.0,3.1,7.3,1
341396,6013.37,16602,12,11722.48,7.47,39,3500,209.57,20455.39,6.8,2.2,1
203021,4717.64,3904,15,17263.54,5.42,97,1040,154.05,25000.0,3.5,1.8,0
203718,11603.24,4992,15,17996.6,14.79,148,357,420.57,22288.57,5.8,4.6,0
80017,11627.13,2843,7,13325.94,10.65,87,419,535.12,23207.7,2.1,1.7,0
73037,4539.08,606,9,14782.43,6.79,64,202,215.57,25000.0,2.8,8.5,0
99818,6536.06,15695,15,11435.18,0.28,111,2937,323.83,23648.29,7.6,5.2,1
16548,11714.86,13741,11,8304.15,7.86,121,3500,541.06,9930.19,1.3,6.3,1
126981,1551.12,20038,8,13314.24,14.76,55,2486,40.0,24086.76,2.0,6.2,0
244213,5833.12,13075,6,18257.48,7.89,131,3500,250.5,19532.06,2.9,9.8,1
214366,2554.8,20937,7,8916.93,2.82,95,3500,72.88,14298.01,1.2,9.2,0
164249,6846.16,5301,4,6973.79,0.43,86,1553,329.69,12070.24,1.9,8.6,1
296166,1759.03,23023,0,8380.3,5.39,63,3500,40.0,17480.93,3.5,4.4,0
116297,5772.43,6080,3,9272.55,13.78,68,2019,178.19,17191.06,1.8,2.3,0
146614,3817.34,17098,14,2397.66,14.95,109,3500,80.99,5336.49,8.8,6.3,1
232084,7099.74,5900,1,10470.39,14.19,145,1559,268.86,20553.01,1.6,5.0,0
499536,11957.93,7375,2,10391.97,10.97,74,652,524.06,16028.97,8.7,3.0,1
70428,9905.63,21173,11,12180.43,8.42,135,3500,409.03,11773.23,8.4,1.9,1
163812,10379.24,21137,2,7893.58,8.9,16,3500,355.04,13703.41,1.9,4.9,1
331497,8170.28,9156,8,12649.04,8.13,45,1039,434.44,18831.54,1.2,6.9,0
493569,1936.38,6747,12,17686.11,10.64,109,1898,109.93,17044.26,1.4,6.6,0
123132,3671.38,6677,14,19153.95,6.34,69,452,185.73,19287.92,6.3,8.0,0
197604,11213.18,7769,9,12088.63,10.07,67,2625,512.78,24587.34,7.0,5.2,1
26052,5344.19,15474,14,1809.23,1.91,12,3500,131.76,14772.92,6.6,3.9,1
110689,2588.19,14537,3,19415.48,4.06,15,2417,57.96,19265.64,5.9,5.8,0
188148,8875.26,19256,1,14411.38,12.56,21,1774,396.16,21073.13,2.6,9.8,1
456636,4644.31,16667,2,7383.31,13.57,128,3500,145.24,12836.81,8.6,1.4,1
141743,4323.0,23718,2,3796.0,8.13,99,1635,159.17,12105.43,3.9,5.8,1
272307,11978.76,10880,13,3724.95,0.57,119,2228,475.26,11096.92,9.9,4.0,1
313568,10510.46,7117,6,4187.14,13.91,127,1007,356.55,5975.65,4.5,1.9,1
456960,5783.35,22034,7,1865.88,10.56,91,3500,213.29,7593.17,3.4,4.9,1
473547,11792.74,24986,12,18140.93,6.27,60,1636,517.43,18144.51,9.0,6.8,1
413850,8326.19,21042,15,11274.6,9.02,98,1588,369.52,17376.27,6.1,5.8,1
145870,9291.24,24611,10,14299.23,6.5,102,1595,427.3,25000.0,7.5,1.3,0
294564,1830.89,22090,12,16734.06,7.03,23,3500,123.73,25000.0,4.7,6.2,0
130575,2776.86,803,5,16039.28,13.31,61,183,131.37,25000.0,9.0,3.1,0
268230,8147.39,13183,3,17769.51,2.5,20,1713,342.23,25000.0,9.3,4.1,1
301444,10939.75,17217,5,19377.84,1.64,49,3500,450.26,17700.47,4.9,3.8,1
362025,8049.31,11525,12,9342.34,0.14,117,3500,290.62,18956.68,3.2,8.7,1
20749,2907.26,21390,10,19056.37,4.78,125,3063,64.79,20793.43,6.8,1.4,0
114131,2715.48,19215,0,14742.51,2.3,107,3500,74.14,25000.0,9.6,4.1,0
166193,10363.95,5061,12,2342.7,3.38,131,1310,398.26,14452.7,6.6,4.6,1
400707,2962.67,579,9,13953.88,0.27,48,100,85.72,18670.87,9.6,6.6,0
309631,6962.44,4263,7,14047.62,3.49,113,736,299.19,19390.48,4.1,8.1,0
235019,1889.69,22080,0,18211.35,5.06,113,3500,85.68,20015.27,9.2,7.5,1
436577,2347.03,10669,14,8085.71,0.57,114,2982,109.35,12223.02,2.0,7.8,0
293367,8559.66,17616,4,12113.32,9.16,115,2574,359.96,24445.92,4.2,2.7,1
82930,8736.4,4476,1,1231.56,8.58,134,1588,409.24,14540.34,5.5,9.2,1
155128,5085.43,22543,15,7309.43,1.55,138,3500,202.99,10341.84,6.9,4.7,1
300524,3763.9,18268,14,2182.63,8.97,13,3139,200.97,7327.92,3.6,1.1,1
298179,10043.96,2624,5,10915.59,14.98,19,234,427.59,12144.9,9.3,7.0,0
302764,3779.58,7152,8,16531.51,14.17,62,818,207.66,25000.0,9.1,6.4,0
423093,7191.28,5783,4,4922.41,0.14,6,1193,368.38,17731.66,8.2,2.1,1
266553,11666.19,7676,3,11021.38,11.95,135,1600,495.48,17994.38,2.0,9.6,1
458532,3052.45,23489,13,4876.16,5.37,59,3500,127.29,14908.54,1.7,6.1,1
205113,11379.2,22591,1,3293.08,1.05,57,3500,460.03,14357.77,5.5,5.2,1
389504,3420.38,19176,11,10708.94,4.51,98,2308,113.31,13216.7,7.9,4.6,0
63352,7458.15,12909,2,2503.82,4.89,76,3079,273.14,16153.72,2.1,2.9,1
434127,5458.58,12819,5,12159.74,7.9,44,848,263.45,18575.45,6.8,9.6,0
173856,11631.75,1497,7,1595.41,9.95,43,269,417.09,4478.2,5.8,7.3,0
13191,4372.19,11501,13,3027.58,11.26,145,3326,255.63,9584.14,7.5,6.1,1
436376,5696.41,5164,7,11449.95,3.76,108,929,220.27,18981.37,4.9,6.7,0
362680,11820.03,19241,4,12236.74,4.89,109,3500,615.91,16376.09,7.2,8.6,1
114576,7132.94,22375,4,1550.75,4.69,59,3500,250.66,12330.26,2.4,6.7,1
205713,6777.62,18563,9,11894.16,5.5,146,3500,283.61,22981.98,2.9,2.0,1
452939,4206.67,13617,13,16931.55,14.99,69,1409,150.67,25000.0,9.1,7.3,0
13631,8864.32,22599,12,14724.01,11.69,28,3500,314.92,22133.76,4.0,6.1,1
147244,1650.92,11731,2,3492.52,14.63,119,737,119.23,11452.06,9.9,9.7,0
314224,2019.88,21770,15,12257.02,10.43,117,3500,40.0,15113.64,1.4,7.6,0
230169,7793.27,7940,14,13772.8,6.15,26,2433,277.93,18932.54,5.5,4.1,1
100353,5087.58,23705,6,1707.39,5.91,82,3500,232.82,7174.3,3.9,2.2,1
423497,11509.82,20411,14,17251.61,7.38,49,3500,497.64,25000.0,10.0,5.3,1
38671,10983.5,11718,12,18219.08,6.31,140,3500,369.75,25000.0,9.9,7.1,1
132811,8993.92,23697,5,17158.59,12.44,68,3500,388.84,17752.61,3.1,2.6,1
192503,10090.53,16108,14,16668.0,7.03,101,2255,410.07,25000.0,3.4,6.8,1
231972,8506.98,19629,0,15154.34,4.5,119,3500,294.39,23261.36,7.7,8.4,1
263211,2818.61,4590,3,13035.21,11.65,25,1176,73.3,25000.0,9.0,2.4,0
399878,9538.21,23042,5,13893.91,12.83,109,3385,279.86,19138.11,7.0,7.4,1
234033,3707.02,7971,15,16321.51,6.36,49,2839,234.15,24445.47,8.8,1.6,0
431818,4896.15,4243,10,13587.47,10.05,48,1464,246.62,19602.47,1.6,1.1,0
229861,10101.96,10696,5,7226.81,0.98,45,2485,339.62,8683.65,6.8,1.3,1
323543,7133.52,7508,10,8143.26,7.99,100,2350,325.29,9122.55,7.3,6.7,1
164544,10529.38,3824,13,18044.09,0.77,143,529,392.47,18022.72,2.7,9.8,0
190302,3736.87,9132,14,1325.32,0.53,105,1688,195.22,6910.74,8.0,7.9,1
476832,7881.67,20141,11,14277.59,9.23,119,2320,290.46,16790.54,9.5,3.3,1
17099,2379.81,726,11,19140.77,4.62,22,157,77.02,25000.0,9.1,1.6,0
259686,8252.14,15363,2,14418.34,11.16,143,3208,315.67,22841.67,3.2,6.5,1
428647,9506.61,16527,5,19884.33,13.45,31,2047,347.4,25000.0,3.9,1.0,0
66492,7641.77,19285,11,14063.35,2.18,106,3500,375.63,17285.76,5.5,8.1,1
106722,4295.43,5218,9,1652.9,10.9,33,497,216.74,15522.2,2.4,3.2,0
450900,1829.1,17908,5,16713.19,7.77,33,1406,78.66,23337.61,9.6,3.7,0
40111,2754.21,6172,11,6407.97,1.77,141,1083,161.4,13565.39,2.5,4.1,0
73936,8034.18,24611,8,9475.09,9.81,106,3500,240.01,18262.01,7.9,7.9,1
163686,11311.41,15762,8,6929.75,9.18,95,2458,391.03,16679.62,4.1,3.4,1
233332,3668.61,22164,1,6102.53,7.78,9,3045,170.47,9117.1,6.2,3.6,1
445207,9217.77,17754,3,9196.71,13.9,101,2870,405.49,19129.67,1.4,5.9,1
211548,10597.74,3699,8,8196.28,7.86,19,403,437.88,17984.27,2.8,5.2,0
259031,6969.26,18629,14,13033.43,14.86,9,3373,184.64,25000.0,5.0,9.6,1
333064,8527.29,5770,13,16449.87,7.69,105,1912,287.97,25000.0,7.1,3.4,0
497510,10057.66,22770,12,6644.68,1.83,85,2899,423.14,16216.33,8.0,1.8,1
73530,4237.09,22474,3,5060.7,7.11,118,3500,290.81,15309.29,1.3,5.9,1
439440,4617.4,13250,7,13671.01,2.82,8,1359,245.59,25000.0,2.4,2.7,0
279932,1506.59,8397,9,13736.08,9.0,38,1395,139.13,25000.0,7.6,4.7,0
38082,11612.49,9164,11,18121.49,10.43,44,1433,481.49,25000.0,8.3,2.7,0
395431,11134.22,15392,2,1302.97,7.08,131,3500,461.99,13018.49,3.1,8.9,1
99570,9527.97,8771,2,17207.77,1.56,146,1652,329.44,17213.97,3.1,3.9,0
111015,2330.3,5658,8,10899.04,7.08,140,1511,140.8,21513.42,1.8,8.0,0
217888,6198.78,13344,15,12804.74,1.31,132,3212,244.29,15535.34,2.4,9.5,1
355732,2569.86,1089,10,2736.06,10.26,71,111,137.43,11518.04,1.1,9.5,0
157603,1667.16,10052,9,9219.68,11.88,118,3436,68.22,14645.59,6.3,5.7,0
360484,7969.92,16767,7,5318.75,14.44,123,2746,332.75,10747.89,9.1,9.8,1
104439,11588.71,18768,0,5830.28,2.32,98,1378,459.16,10697.47,2.3,6.9,1
448073,10980.11,16659,9,10577.81,8.03,16,2501,450.44,21582.8,7.8,2.2,1
151214,8815.93,14763,13,16436.66,8.56,56,2372,402.64,25000.0,6.2,9.0,1
125053,2514.73,5899,1,15131.84,13.84,6,518,40.0,20910.31,9.5,5.2,0
58355,4378.72,9003,2,12229.0,9.45,5,2215,100.5,20421.45,8.2,2.4,0
413082,4860.6,1576,13,11248.95,2.27,59,259,215.72,23798.02,8.7,8.1,0
211139,9513.08,7735,10,9118.81,6.6,108,1924,452.55,14463.0,6.8,6.6,1
244706,9923.62,23721,1,19481.49,9.86,103,1471,481.58,24749.5,8.3,8.9,1
135426,5543.61,16917,2,11643.66,10.53,72,3500,160.52,18250.74,4.2,8.4,1
74027,5887.78,2341,7,5825.36,12.96,86,260,215.37,18827.93,2.9,3.9,0
461122,1967.34,4981,10,5371.73,2.79,144,1284,40.0,10867.7,9.2,3.3,0
169210,4535.94,1634,10,12615.71,14.28,54,449,153.91,24913.88,7.6,7.6,0
102601,6238.49,24145,11,10933.72,0.98,25,2692,305.68,14708.04,1.8,6.2,1
39956,2728.32,22182,13,1146.26,14.76,14,2074,108.49,4332.8,8.8,1.6,1
248340,6259.31,13639,15,16771.24,12.88,89,1443,231.68,17904.85,4.1,2.6,0
114797,10458.35,23901,5,14378.32,9.94,108,3204,445.59,19043.53,3.7,2.4,1
397061,7603.87,8271,14,13574.76,11.05,93,914,264.4,21306.64,6.6,6.3,0
398447,2328.76,9067,13,2306.83,1.18,118,2377,172.8,10564.19,6.1,1.8,1
479511,3512.55,9415,6,7879.06,0.72,119,1754,140.87,13194.86,5.8,2.9,1
146511,6482.72,14398,9,18772.26,1.62,18,3187,239.22,24324.24,3.3,5.9,1
450457,5295.62,2413,14,17389.2,1.4,108,179,241.17,25000.0,9.6,2.2,0
314677,5266.63,4797,14,6425.32,8.26,86,1527,257.63,18046.36,9.6,3.2,1
431486,7057.31,2442,12,3984.12,3.31,34,271,362.09,14628.26,1.0,9.2,0
88815,7636.16,20888,9,9532.67,12.92,18,3500,294.95,22007.97,4.0,7.3,1
49279,9867.05,18215,5,7760.78,6.74,114,1486,448.98,15881.28,1.4,3.8,1
381931,5080.15,24774,0,13962.3,10.46,149,2503,208.27,13269.39,8.7,8.9,1
427104,9957.4,21472,10,19362.26,9.83,66,3500,367.73,21271.89,9.0,3.3,1
158702,5055.42,837,2,7897.03,4.87,114,224,163.38,12584.52,5.7,6.3,0
71063,2082.05,14756,12,2182.26,3.72,57,3500,40.0,10861.05,8.6,4.3,0
259599,7318.97,23950,0,18054.67,5.2,80,3500,255.67,25000.0,7.3,7.8,1
264311,7672.97,24697,11,1721.04,11.97,59,3500,362.7,14272.33,5.5,4.3,1
137896,11312.67,10557,14,19102.55,8.84,26,2240,487.84,20300.29,4.3,3.2,1
176216,9123.64,9483,15,13627.01,3.88,107,1848,302.89,19653.68,3.4,6.5,0
455377,11136.61,20495,9,18892.09,12.29,49,2752,358.14,25000.0,3.3,7.7,1
499934,11037.65,16783,11,4793.53,0.92,123,1505,385.89,18672.47,6.1,5.8,1
232146,7848.03,4200,8,1773.3,10.52,12,943,275.08,3825.58,2.5,7.4,1
218432,7041.5,12645,12,10275.99,6.64,69,1953,266.5,16251.2,2.6,4.8,0
192051,7353.13,6618,8,9561.84,11.0,9,1437,352.77,22494.88,1.1,8.2,0
107661,11772.47,23989,4,7298.35,13.92,49,2923,443.51,20542.36,6.5,6.3,1
410195,9618.26,3173,3,19195.47,11.28,50,988,468.76,21655.82,9.9,2.8,1
429405,2615.79,2622,11,16629.09,6.69,149,944,40.0,15303.49,9.0,9.0,0
183672,9673.5,12477,15,13570.06,2.35,83,1955,369.51,20483.6,7.4,8.5,1
462776,3290.65,23966,8,4094.31,12.11,70,3500,170.9,16545.65,8.1,9.7,1
481256,6197.18,8750,8,14952.14,6.96,8,2817,290.25,18177.58,4.8,6.1,1
133257,3709.83,18946,14,14813.24,1.22,92,3500,131.61,25000.0,3.7,7.1,0
464774,8740.62,18138,2,9076.3,10.81,59,2953,399.71,13586.17,4.3,8.8,1
358349,10711.75,4188,4,18570.93,4.45,63,1201,469.08,24789.36,1.7,1.5,0
279054,4548.8,4248,2,4172.58,0.83,6,546,147.85,14724.66,6.7,9.2,0
460929,2361.11,6842,9,6079.41,13.55,50,1693,110.19,11353.93,2.6,3.4,0
319001,4634.18,16775,1,2201.26,7.3,6,3500,220.55,8339.69,7.9,1.5,1
44964,8559.8,14165,0,16113.57,4.29,133,3500,311.87,21000.79,2.7,3.1,1
488883,4951.98,4630,11,12813.43,10.77,17,566,282.8,23108.65,3.1,6.3,0
428443,4420.18,21141,9,6983.87,13.3,74,3500,135.04,8898.16,9.6,1.4,1
409194,3436.57,3529,1,4112.46,0.1,26,657,144.67,13499.2,1.9,1.0,0
490743,6723.92,19730,7,1762.81,10.35,21,2464,206.47,12215.77,5.5,6.8,1
289297,4397.46,13682,10,4168.17,11.53,90,3048,181.07,12586.88,1.6,5.1,1
331909,9175.61,4535,7,9612.41,3.23,74,1447,313.67,21855.83,1.8,8.6,0
240156,2304.54,15627,2,5696.36,7.4,120,3500,77.48,14382.97,6.7,3.3,0
118212,8472.35,3399,6,5920.66,1.43,7,967,259.56,14986.03,6.7,3.5,0
49071,3994.38,10138,15,17635.95,11.23,114,625,199.77,23905.64,2.7,1.7,0
122990,6637.43,21327,6,10787.62,12.73,85,2141,283.31,20016.34,8.9,5.8,1
79519,4503.94,21673,1,14855.79,1.71,105,1796,234.53,15644.95,7.3,4.3,1
19503,9089.07,13722,8,1678.51,12.27,39,1240,346.17,14968.4,3.7,4.1,1
201775,11425.72,17796,2,7938.1,11.6,139,3113,513.72,8902.88,3.2,5.1,1
467595,11129.31,4742,1,10104.22,5.27,54,766,447.14,18413.05,7.8,8.6,1
105457,7625.98,24425,11,4541.92,10.39,14,2299,310.7,13634.79,7.6,1.9,1
198938,6357.41,18595,2,3283.64,0.1,23,3500,360.0,7332.49,2.3,5.7,1
157977,10092.16,1939,1,17535.77,13.98,27,474,379.45,16557.86,4.1,2.8,0
55838,8674.93,6113,14,18849.2,8.3,99,1827,408.37,18884.22,3.0,2.9,0
397344,3427.42,20514,7,2497.33,9.34,68,3500,161.08,7529.6,3.6,3.3,1
461495,10119.65,5875,4,7631.36,10.0,100,1076,376.19,19572.46,3.6,5.1,1
99489,6003.29,23987,2,19207.43,8.46,101,3500,174.35,25000.0,9.8,5.4,1
36806,3484.35,9377,4,2580.07,12.87,13,1796,87.72,4894.18,7.8,8.8,1
186072,4458.87,21100,10,13229.19,9.18,129,3500,234.89,16343.84,8.0,9.0,1
425384,4309.03,2966,10,19472.21,13.63,22,617,259.08,25000.0,3.5,6.3,0
80119,6951.67,8324,7,19586.25,8.78,86,2592,282.64,20745.57,1.0,3.5,0
310858,3960.89,12829,6,9953.24,2.65,33,3500,165.63,22910.14,1.5,8.4,1
195165,2797.45,12130,5,4092.23,13.71,120,2437,150.72,8612.71,6.0,8.1,1
327563,2798.75,21008,13,4839.6,10.26,87,2771,115.62,15480.15,3.6,8.2,1
452361,7624.4,17849,12,17902.43,10.52,65,3500,359.96,21743.71,2.7,1.1,1
115432,9214.97,14703,0,18321.98,14.78,137,3500,383.18,18428.76,1.4,7.8,1
480641,4876.1,7428,9,12549.71,1.22,109,1872,201.82,15356.78,8.9,8.7,1
365093,1863.83,22980,0,15557.35,6.49,118,3500,40.0,23222.41,6.4,6.4,0
481027,2835.86,23041,0,15058.69,3.66,73,1908,66.17,18428.69,2.0,7.8,0
405677,11104.29,9611,13,13574.61,9.49,122,772,286.22,20713.35,7.9,8.0,0
417507,6682.21,8620,9,16718.26,12.12,19,913,328.99,18046.51,7.8,5.6,0
187876,6262.51,11564,13,14022.73,14.5,94,1205,243.17,19049.74,3.6,8.3,0
349115,1899.52,18392,7,11146.04,6.87,92,3425,55.96,17576.03,2.7,8.1,0
365615,9150.69,9904,7,5502.17,11.81,87,1062,268.44,11767.94,8.3,9.2,1
337090,7044.71,1371,13,15133.87,13.76,24,434,249.78,16680.03,4.0,9.3,0
371133,3621.85,13082,6,9995.32,10.28,111,3054,106.29,15996.45,8.6,5.8,1
94080,2655.77,1363,5,6601.04,3.72,77,232,66.49,16288.54,1.4,1.3,0
262791,5525.57,15383,3,16236.98,9.16,96,1244,237.66,25000.0,5.5,1.2,0
464548,10290.2,12645,0,14237.56,14.55,20,3001,417.72,23653.83,2.6,9.5,1
87794,10585.59,3555,14,18809.45,14.81,79,338,355.36,19146.68,7.0,4.0,0
302985,7829.89,22017,14,4143.39,9.67,102,3500,248.3,8859.84,10.0,4.4,1
134447,9139.13,12686,8,13334.6,13.32,123,3500,300.58,13692.39,4.7,5.2,1
130029,2709.14,3182,14,5640.55,3.09,61,710,198.89,8275.88,1.9,3.4,0
189830,7675.32,13382,0,18168.08,3.77,137,1404,381.65,19793.34,3.9,6.3,1
348416,8503.14,5778,3,2890.49,14.3,141,1711,297.51,6906.25,9.0,8.1,1
47643,3607.48,14305,2,13467.07,2.12,15,2179,45.47,15551.1,7.9,3.3,0
453624,10741.62,22332,6,16030.63,2.95,109,2832,436.07,17824.52,3.1,7.7,1
316094,3547.47,17497,4,7743.44,6.37,69,3500,144.25,12103.58,9.6,7.0,1
197921,4791.51,2372,4,19128.62,8.88,30,799,207.51,18935.51,6.6,5.7,0
372644,8015.85,11846,3,17163.88,9.1,23,1768,357.7,19342.96,2.5,3.9,0
169116,8202.68,8223,0,6597.75,4.45,20,2727,350.69,16227.55,6.2,8.9,1
397732,8843.54,14371,4,1143.28,13.82,60,1094,297.92,5987.84,5.1,4.6,1
25997,2676.12,16446,3,6636.49,13.73,105,1399,121.75,9543.09,8.4,4.4,0
351895,10419.38,7689,13,6344.9,5.94,118,2073,459.47,7955.96,4.1,6.8,1
108605,7094.89,13252,9,17909.33,6.57,72,1553,247.6,22827.09,8.9,9.3,1
427127,6448.88,12065,12,19375.3,10.57,82,1870,272.95,25000.0,8.3,5.6,1
327677,11801.53,22270,7,2338.36,9.98,34,2247,444.42,4637.9,7.1,7.5,1
354710,9273.97,7442,1,9954.6,5.8,11,1188,470.77,17013.92,3.3,5.1,1
235942,2739.06,15230,7,11418.31,6.27,144,2195,43.22,19592.69,9.7,3.0,0
155643,9443.66,11883,0,2765.32,5.29,111,3338,435.54,11914.26,5.9,2.1,1
118255,2500.11,744,12,8172.46,3.61,26,201,40.0,19947.07,9.2,2.2,0
270298,1788.44,520,3,7024.57,6.93,34,180,161.19,18882.8,2.9,1.2,0
497679,5738.07,14417,2,11185.07,10.33,53,3500,172.45,11693.05,9.9,6.0,1
461157,11932.57,14221,4,13562.63,11.16,73,3500,486.79,17542.38,8.3,2.2,1
68005,3336.28,6267,12,14366.22,11.71,46,1681,51.99,22213.76,9.5,8.8,0
227322,8562.77,10747,4,3598.35,5.68,10,3492,275.01,17260.46,2.9,9.8,1
199784,3320.66,4015,4,16446.01,11.49,38,598,177.71,25000.0,4.9,5.5,0
53541,9110.26,2410,15,13892.3,0.2,126,362,415.82,15409.5,1.9,5.0,0
33387,6806.21,22766,11,17892.42,7.21,128,3500,284.22,19943.65,2.2,4.1,1
366124,8639.7,11250,3,9537.39,11.93,14,1447,382.64,19556.63,3.6,6.7,1
189980,3630.17,8576,7,17983.91,9.49,32,2861,197.45,22516.3,9.6,6.5,1
95457,9329.1,18506,2,17449.71,7.16,7,3500,338.96,23074.7,7.0,4.1,1
154129,11954.0,15551,11,9329.78,9.71,81,2333,408.21,17380.56,3.8,4.1,1
74028,8489.33,4814,3,8241.72,13.61,115,1410,338.89,9936.17,9.6,6.8,1
129246,6681.54,2953,0,18723.43,8.54,130,454,238.4,25000.0,7.7,6.0,0
327875,11193.33,2515,6,14588.13,12.02,39,878,467.16,24891.25,9.2,7.5,1
165930,1666.44,10736,0,18636.66,14.71,118,3500,94.06,22996.44,9.3,9.5,1
189761,9164.2,3300,14,16142.52,10.61,66,858,332.49,23063.0,7.8,8.0,0
54638,10831.84,9523,1,12576.65,8.64,56,896,468.48,20640.07,3.2,3.7,0
494814,2147.58,12384,10,3201.2,0.66,120,1721,118.61,7027.35,10.0,7.8,1
187558,6225.67,16852,6,6538.13,5.68,51,3500,285.19,8694.11,3.9,5.1,1
30567,3649.55,13382,0,19408.01,8.53,105,3500,125.59,17795.16,7.0,8.0,1
432955,7448.44,10846,10,7069.02,11.98,27,1252,336.93,19522.68,8.6,9.0,1
67804,8320.2,23636,2,2771.84,6.63,111,2158,358.81,8711.74,2.6,3.2,1
380965,4677.54,14535,12,14443.51,14.4,39,1197,219.11,14670.61,6.5,3.1,0
13754,6329.81,24337,5,14946.08,4.15,107,3500,337.08,20012.26,4.4,4.9,1
37044,4433.06,16608,5,6423.7,11.19,123,3500,193.71,8122.09,3.2,1.5,1
77260,5378.61,3353,5,6655.77,6.34,36,244,184.8,8432.88,1.1,7.2,0
76912,3175.17,19120,10,9908.97,7.34,6,2365,71.48,16282.69,8.8,7.7,0
266695,10798.37,4676,12,1413.99,12.06,116,1253,488.33,9746.07,2.2,4.1,1
18706,1605.11,2655,1,15997.14,4.51,126,817,82.07,22339.57,8.9,5.2,0
281038,10765.3,22582,1,7024.69,1.54,20,3500,514.11,16151.8,6.4,6.3,1
421253,7502.63,7329,5,17221.5,7.85,148,2166,198.63,24464.68,6.6,1.7,0
356130,4982.41,2386,9,16249.98,7.98,96,236,244.83,20628.94,8.5,7.4,0
354086,9092.1,6971,4,13566.64,11.98,58,1249,350.63,21219.24,5.6,5.7,1
192684,6831.4,20654,13,7172.62,14.53,37,3500,255.58,11699.71,4.2,6.6,1
39725,6740.64,13089,6,10810.01,0.92,140,3500,231.39,16385.01,2.2,7.5,1
146998,2656.49,8891,6,9451.76,8.92,57,2140,151.24,14674.66,6.1,7.1,1
114555,5589.92,19824,4,7438.76,10.25,68,3500,254.27,12229.44,6.0,1.9,1
271486,4031.18,20374,7,17114.59,14.79,62,3500,104.13,18793.09,3.6,8.0,0
281640,1664.81,13850,9,10186.63,14.14,122,2700,74.84,11169.27,6.4,6.5,0
66447,5281.05,8399,5,16821.74,10.72,41,849,246.55,22034.23,5.0,7.4,0
373748,2443.13,806,14,2999.15,7.87,16,210,106.63,11384.07,8.2,3.4,0
170878,4196.72,3575,4,3679.47,2.51,88,1244,223.26,9313.59,6.0,3.0,1
360343,2471.42,18540,3,19569.09,5.82,136,3500,84.35,25000.0,9.4,8.4,1
51321,2559.89,7744,6,12167.6,8.82,98,2331,40.0,18974.58,5.7,4.5,0
263113,3589.62,7111,3,10685.62,10.91,90,1329,152.92,22105.63,9.0,6.2,0
243103,11998.42,23206,4,10939.97,9.57,42,2064,488.97,18163.09,5.7,6.0,1
468311,1522.93,19576,4,5090.11,10.74,96,2166,76.48,8540.99,6.0,6.3,1
425872,8206.06,14634,0,14655.38,6.49,18,3500,383.59,25000.0,4.3,1.6,1
65147,2983.06,18648,14,2610.83,10.94,79,3500,40.0,15598.02,4.6,3.7,0
101396,11166.6,775,0,11893.15,2.24,132,100,434.74,17641.08,9.4,1.6,0
452882,2483.15,5771,2,11844.61,2.52,77,2000,53.19,14635.44,3.0,5.3,0
485584,11528.16,7831,14,18369.58,2.53,14,1639,400.72,19590.37,2.1,9.1,1
310931,7914.73,12053,13,10997.47,13.37,42,3500,312.97,21276.24,8.5,4.5,1
254839,1513.31,12073,10,3604.19,1.23,109,2711,95.62,5781.89,6.2,8.0,1
466162,10887.08,21909,2,11882.31,12.04,36,1983,450.53,19800.63,3.6,3.6,1
31727,6977.97,20934,1,2735.23,3.58,18,3500,244.74,12509.94,4.9,8.7,1
249423,4258.03,24964,11,4872.08,7.08,136,3500,163.05,8269.57,5.7,4.8,1
105081,9556.43,20344,1,1591.06,13.75,100,1433,428.75,12436.71,6.3,4.2,1
394865,11229.99,10572,5,10752.58,8.83,14,3304,483.36,19772.35,8.4,7.3,1
251130,6578.75,16517,12,2606.12,3.23,122,2158,235.51,8635.3,4.5,5.6,1
78056,4813.31,20719,0,9918.49,4.33,111,3500,161.66,16218.68,7.1,4.0,1
144153,9783.92,21162,5,18725.96,13.81,20,3500,305.53,25000.0,8.5,1.5,1
175268,8658.75,18728,4,14675.47,6.46,100,3500,324.88,20541.37,8.6,2.5,1
177807,10831.9,16955,5,2470.82,8.85,22,3500,346.49,12012.7,3.3,8.0,1
245821,8771.4,7886,4,5259.99,6.95,11,1531,454.21,11574.0,4.2,9.3,1
90102,4057.05,7362,6,13799.59,5.74,130,2248,119.53,14984.46,6.4,2.5,0
482794,11282.42,7840,0,17999.34,3.43,119,585,506.75,25000.0,9.0,6.1,1
166570,2600.78,9987,12,1625.45,10.32,115,858,194.94,10210.33,8.1,1.3,1
86865,4313.4,15561,2,16436.57,10.8,86,1035,183.35,19523.06,6.3,3.6,0
172728,6962.04,8135,5,11674.46,4.2,135,2167,273.48,20618.8,9.9,5.0,1
77695,7440.29,15104,0,11375.74,11.86,133,3288,231.49,19171.27,5.0,7.6,1
441116,1660.76,17927,12,19198.45,12.83,37,3500,41.2,20386.57,8.6,1.4,0
127235,9696.01,3542,10,15205.25,13.82,78,742,468.04,25000.0,8.4,8.0,0
488115,5296.88,17698,10,17152.26,2.5,112,2240,229.44,16643.55,9.2,2.8,1
450917,5767.39,22506,6,7725.92,4.63,63,3500,232.11,16054.81,9.9,7.8,1
118777,9998.38,10886,3,11532.92,12.92,76,1614,465.54,17438.89,5.5,6.6,1
29033,5482.48,12192,2,12692.71,3.06,91,3500,254.11,16290.75,2.8,4.1,1
151877,1995.86,24216,9,7110.09,0.15,149,3272,72.44,18431.01,5.1,7.5,0
176923,3352.62,15725,8,11834.71,13.08,21,1735,144.92,19999.37,8.7,3.1,0
36832,11536.98,17193,0,5496.45,4.96,93,3500,423.08,16270.65,8.5,3.0,1
204509,2239.26,7161,7,3724.14,6.28,59,538,61.52,10369.88,4.0,1.6,0
387869,5226.78,10753,0,8105.43,6.75,10,763,198.76,20735.52,1.4,4.5,0
155016,6783.38,21111,12,15046.5,12.74,88,3500,299.21,18518.6,5.6,1.9,1
292017,6679.45,18761,13,18407.56,5.13,88,2336,204.81,23629.63,5.3,4.8,0
50372,1541.58,19370,4,9696.57,13.39,76,1217,65.48,21894.71,1.8,1.1,0
99464,6762.21,23770,9,13213.65,9.29,113,3500,251.0,13652.38,8.2,2.4,1
156451,5529.61,21719,7,2957.71,7.96,116,3500,176.14,5780.7,3.6,9.4,1
127322,11706.83,12437,5,18184.81,4.95,33,2217,449.05,25000.0,6.8,8.2,1
177823,3171.17,1294,6,11803.48,3.73,21,130,40.0,24070.87,1.9,3.1,0
372226,5218.62,15098,10,15826.43,9.4,22,3500,170.87,24693.26,8.7,7.5,1
230894,5904.56,7286,7,16094.38,6.76,67,1990,181.21,21169.95,7.7,7.0,1
277254,5602.28,4514,12,5873.13,13.67,86,1186,210.1,13277.3,4.5,2.6,0
457557,8491.22,7892,5,11054.31,7.43,79,1406,225.66,14187.22,6.7,4.3,1
284231,3762.89,13045,10,19249.12,7.73,83,1321,160.06,23024.8,2.7,9.2,0
426978,3821.25,5853,5,2703.06,6.31,94,1228,198.32,9769.99,9.9,7.6,1
354761,9156.71,3907,10,13977.95,11.86,135,1278,360.4,13651.53,8.2,7.8,1
110483,6753.05,17858,5,19283.02,6.43,135,3500,295.06,23317.47,8.1,6.1,1
19596,5859.13,21121,4,6710.97,4.11,103,2507,208.73,13606.1,2.4,7.0,1
244627,3276.63,16553,7,17367.51,12.94,111,1455,53.33,24549.19,1.2,5.6,0
117539,3469.04,13689,12,18739.49,8.99,44,3500,138.85,23705.48,6.3,7.7,0
28313,1610.79,11713,1,15194.64,8.91,72,3314,98.45,25000.0,2.3,7.6,0
385319,2459.98,7748,6,5395.24,9.2,24,1192,40.0,11094.5,8.0,1.3,0
207621,7346.81,4869,14,7346.01,10.81,19,724,270.61,13203.14,4.7,6.7,0
124914,10864.67,8550,3,1680.38,4.76,97,2809,422.23,10773.58,4.0,6.7,1
33705,4515.23,17348,0,16797.61,0.6,137,1965,323.18,18073.48,1.7,1.6,0
208436,4941.35,22211,12,17142.61,12.18,43,3500,208.82,20829.56,10.0,4.7,1
345589,2713.86,5915,4,13021.5,2.02,44,1621,40.0,21337.38,9.6,9.1,0
113892,5580.62,15898,2,7698.03,10.86,139,2844,115.58,13511.94,2.2,9.6,1
219717,1890.83,8615,3,2459.41,1.33,100,620,112.16,15753.54,4.0,8.0,0
274167,11134.81,787,6,15308.09,5.69,104,101,569.64,22245.38,4.5,2.4,0
129654,8567.67,3695,4,14804.0,1.04,37,1221,328.66,15842.18,3.7,4.4,0
200868,11902.86,18876,13,18339.45,7.88,122,3500,459.07,23008.34,9.4,2.6,1
90073,10769.64,7950,14,14880.11,9.83,41,2422,452.32,23846.21,7.5,6.9,1
364341,6466.4,3425,3,16745.2,2.65,36,776,218.74,23759.65,9.6,8.0,0
74429,6956.69,15015,0,15173.14,5.64,47,3500,151.06,25000.0,8.9,9.0,1
114195,3501.05,18004,5,12983.06,13.96,40,3500,191.91,22136.23,7.8,8.7,1
202699,6351.41,5810,10,9112.36,6.69,102,1190,223.4,10090.87,7.3,1.9,0
43848,10981.79,17330,9,18140.23,12.06,53,2695,491.78,17974.85,8.8,2.1,1
441020,2033.96,12260,5,13368.4,13.92,29,2949,43.31,21141.45,7.2,9.2,0
418595,10567.35,15396,15,8568.75,14.62,112,3500,428.78,11954.3,2.7,8.6,1
462880,5079.95,23511,6,2585.92,13.48,100,3500,245.94,11710.59,6.8,5.1,1
299910,10944.88,19780,15,6523.39,4.83,70,3500,491.31,17517.54,5.6,4.9,1
78099,11379.24,17605,0,11330.81,14.44,13,2025,466.82,18564.76,9.8,6.0,1
439276,8544.08,19047,13,6237.07,12.2,106,3054,350.93,12391.01,5.6,6.4,1
497949,8476.45,11274,3,5203.47,12.57,150,2998,370.04,14564.29,1.3,3.3,1
79122,6253.92,15957,11,11020.48,0.33,26,2138,273.37,12683.44,3.4,4.6,0
157159,10273.17,10043,8,4226.59,14.32,103,1928,346.37,14782.98,9.3,6.6,1
58868,11596.93,4480,14,16207.79,11.69,19,1564,400.27,24027.56,9.7,2.9,0
129119,9638.36,21386,11,10202.99,11.54,11,3500,280.08,16849.64,7.6,10.0,1
426441,8030.34,12076,13,11903.39,1.31,145,3500,359.54,15147.29,1.5,3.5,1
367430,7871.33,18609,9,3800.28,3.57,110,3500,295.07,15408.55,1.2,6.0,1
278787,10419.43,3913,5,7166.95,14.44,20,1085,457.79,14370.71,5.3,6.0,1
496275,7182.64,994,1,8791.7,7.56,25,236,307.49,9802.66,10.0,5.1,0
308871,9940.53,1447,3,16356.04,6.03,32,149,347.5,25000.0,8.8,3.2,0
414221,6843.3,522,5,15633.03,12.62,78,113,267.72,24486.74,9.4,6.1,0
119079,2155.66,1628,3,5236.57,1.4,87,221,63.49,13791.72,6.6,1.8,0
337841,5531.44,14486,14,12707.4,6.31,21,3500,190.8,17844.65,8.7,4.5,1
26029,6166.63,16661,9,5625.67,5.7,69,2334,292.43,18979.23,3.9,3.0,1
256353,2986.98,16660,6,19776.7,5.31,145,2153,245.02,25000.0,1.2,2.1,0
417442,2576.21,17441,11,19090.35,4.68,40,3500,158.86,24227.19,9.3,9.3,1
204718,7122.38,10308,12,11702.03,3.23,62,2199,283.55,19852.62,3.0,7.3,1
463819,2394.01,20614,2,14279.15,2.68,24,1369,158.74,17073.08,7.6,2.5,0
431947,4680.92,22225,5,16227.18,9.64,108,2197,272.88,17526.05,6.9,9.5,1
381602,9318.27,7498,12,14698.97,13.8,10,2274,303.11,17312.33,2.4,2.9,0
382528,11626.54,7682,14,14296.75,7.68,27,1576,526.3,17248.17,2.8,3.1,1
78926,9037.64,23918,15,19212.53,4.54,9,2483,399.99,25000.0,4.0,2.2,0
147069,11922.57,18540,11,12332.67,2.47,50,3500,536.31,13686.93,7.8,7.6,1
327650,8832.55,21057,3,13089.75,12.47,21,2863,393.97,22580.43,1.4,6.1,1
350373,4584.84,22325,2,17136.11,14.58,79,2837,172.01,22513.03,4.7,1.5,0
453031,8556.55,9498,11,13727.93,5.3,31,3299,443.91,17981.79,7.0,1.2,1
52092,8872.65,3812,2,14925.72,4.44,27,643,371.89,17845.73,2.5,5.8,0
334683,5403.13,13829,13,5449.21,9.06,91,1022,194.41,13030.98,2.1,6.9,0
469293,1686.0,16302,1,8054.07,11.65,117,3500,92.74,12571.0,4.5,8.4,1
162889,8883.6,11667,10,3798.73,6.89,125,3482,403.96,10621.86,3.6,5.3,1
178933,1727.85,2824,2,10609.54,9.49,69,385,73.85,20094.83,6.8,7.1,0
23428,8127.47,10139,12,9658.82,10.78,32,1852,344.76,17865.04,9.7,7.6,1
185006,3217.97,22479,11,19946.09,14.41,86,3500,133.14,25000.0,1.0,6.5,0
256627,7438.84,13838,13,12612.96,2.56,11,2314,264.55,21359.03,9.1,4.2,1
255439,6791.09,11253,9,15942.45,14.96,106,2591,230.55,25000.0,4.9,2.2,0
151330,1641.89,6484,0,7346.28,5.94,18,1429,40.0,10498.99,7.0,6.8,0
67775,5310.09,19395,14,16799.36,10.88,62,3499,288.3,25000.0,8.7,7.9,1
222652,7811.46,15642,2,12686.61,8.63,48,3500,301.29,18334.3,6.2,2.7,1
498163,10410.37,11563,8,14242.85,7.35,18,2336,245.04,22731.31,1.9,5.5,0
277613,10830.74,862,3,6594.18,10.5,48,100,453.06,16086.1,2.3,4.6,0
300998,6580.42,3954,14,11424.13,6.0,77,1203,282.01,18499.26,8.1,2.9,0
147328,9148.44,19682,2,13046.7,1.98,6,1849,272.61,25000.0,3.1,3.2,0
265158,4822.77,21504,15,12192.8,7.38,9,3500,151.29,14579.35,6.1,3.1,1
86256,5092.96,3755,7,18388.68,7.88,94,879,159.9,22193.42,4.9,4.8,0
437153,3541.87,18101,0,18067.18,3.11,91,3500,104.56,18114.24,3.7,4.5,0
371278,7400.46,18369,4,19448.7,14.04,144,3366,356.66,19922.82,8.1,6.0,1
142723,4802.92,5849,0,13681.13,3.49,82,1642,184.67,22213.44,7.6,1.8,0
191360,2385.89,7695,6,19466.37,6.2,131,765,74.07,17636.05,6.8,6.2,0
356874,8692.56,10547,4,16817.08,2.41,81,2700,403.82,25000.0,4.4,1.2,1
428267,8931.41,8250,14,6145.81,8.08,103,2540,382.02,15148.05,3.0,3.3,1
299530,5279.92,22963,1,9121.28,4.68,51,3500,124.15,15028.79,5.6,5.5,1
478270,2305.6,9899,11,5529.46,7.39,83,2315,61.39,10731.26,8.4,7.2,1
252634,5976.13,14186,15,1079.75,3.45,120,2183,255.14,4505.36,6.2,7.9,1
419400,6144.52,8535,13,4572.93,0.9,83,930,199.09,17638.66,9.7,1.3,0
43787,8521.04,2007,0,1077.15,11.71,119,328,442.32,12121.91,1.1,5.8,0
31621,4811.87,17887,10,14676.93,9.65,12,3500,198.12,18114.65,10.0,4.2,1
478780,8667.29,23287,14,9085.15,5.18,27,2769,309.02,10190.29,7.2,7.3,1
87984,10650.63,15276,6,6938.92,0.81,17,3500,369.88,11785.01,8.5,3.6,1
463008,3993.6,17809,11,15472.7,13.0,27,3500,206.12,16778.41,4.0,7.7,1
448469,11778.66,7083,0,16817.25,2.63,35,495,438.75,25000.0,5.6,6.4,0
306195,5556.87,4427,2,19530.69,13.97,134,1012,241.27,25000.0,8.2,8.1,0
321955,4306.22,17869,10,13198.26,7.23,143,3500,114.67,19034.7,7.8,9.9,1
40447,5925.87,16297,14,9769.05,5.17,26,2178,240.54,21331.17,4.0,9.2,0
138046,2491.17,4731,5,6800.02,11.15,130,1027,67.85,9788.86,3.9,6.3,0
225002,2819.91,5802,14,5224.05,13.16,78,1055,97.03,12054.79,7.0,9.0,0
171326,5851.56,5791,5,5045.59,5.62,26,689,194.25,15274.54,9.4,2.4,0
356189,9505.67,1408,14,8774.6,6.17,12,344,431.51,9901.11,4.9,1.4,0
126859,10953.28,15623,6,19843.94,6.55,51,3500,413.58,22719.96,4.2,5.8,1
198490,8480.59,13377,10,1016.22,13.84,138,2269,332.05,10244.62,9.1,9.8,1
417688,2604.81,14739,13,4746.91,10.42,11,3327,99.44,10565.97,7.1,7.4,1
13471,8556.21,21935,10,4579.47,3.79,140,3474,422.86,11906.16,4.5,3.7,1
248404,8171.99,3086,0,14625.27,2.86,92,997,371.4,21605.75,1.5,7.0,0
130312,9960.52,9835,6,7697.21,3.53,50,3141,437.95,12946.85,7.5,1.4,1
236876,10165.11,16140,1,9687.96,4.03,68,1834,327.71,11128.55,4.2,5.2,1
149401,10616.13,18215,5,3823.86,3.53,27,3500,391.83,6871.87,1.6,3.1,1
175937,5848.38,23735,12,8694.94,9.91,65,2503,293.37,15807.0,6.5,1.4,1
56850,8827.58,11034,7,2960.8,1.83,54,978,294.56,6640.26,3.9,3.2,1
326364,4316.63,2306,12,11127.82,5.87,50,590,176.87,22470.09,4.0,7.5,0
253306,11993.03,10792,4,2860.83,9.41,47,1897,426.46,15133.08,5.3,6.0,1
103808,3341.01,17689,9,16019.66,4.43,142,3500,85.4,19353.14,7.5,1.2,0
147469,1606.2,21031,2,11765.43,1.07,99,3500,148.29,22215.18,3.5,4.7,0
238981,3062.49,11467,10,14755.39,1.32,148,870,158.46,20735.75,1.7,7.8,0
176597,9646.66,16955,7,8951.81,1.98,7,2507,435.02,11229.11,4.8,9.6,1
63072,6191.23,527,7,8248.33,12.55,34,104,286.84,16583.42,1.5,8.9,0
231178,6198.75,9160,3,2865.97,9.9,22,1282,240.99,13125.64,7.3,1.0,1
93820,11527.74,20867,7,10953.26,1.06,39,1559,426.53,11853.2,9.6,3.0,1
487746,11156.17,7555,4,10775.54,5.93,30,650,426.14,14708.32,6.9,2.9,0
33284,4767.54,23574,12,9893.94,4.25,39,3500,181.11,9985.14,3.5,4.7,1
464546,3695.11,10116,10,15069.85,8.71,80,3373,236.62,18169.45,2.6,6.8,1
93369,10409.06,10940,4,16817.58,7.89,76,1156,349.54,19814.85,3.1,2.4,0
297266,11013.2,4332,2,15265.0,7.27,61,584,412.84,22404.71,3.0,9.2,0
402493,7186.77,16470,14,3733.45,4.79,105,3500,241.82,7574.32,3.8,8.0,1
342697,8108.95,13607,6,12819.13,2.15,53,3500,377.19,12646.49,1.9,4.8,1
222978,4197.6,14277,10,2526.14,11.16,14,2140,260.59,8124.16,9.1,6.3,1
366932,9908.43,16454,13,14197.82,13.21,109,3500,411.78,24091.31,9.0,5.9,1
72812,8137.29,17443,10,8254.94,14.17,108,3500,345.04,13792.84,6.5,6.2,1
280143,6786.89,8457,8,3517.48,0.97,75,2934,276.04,10210.2,1.6,8.7,1
294580,2131.14,13166,8,17378.97,11.12,102,1328,107.12,22000.53,8.2,2.8,0
315107,11117.32,20715,0,12666.16,10.92,72,3500,483.35,21906.18,1.6,7.2,1
143168,7962.24,10610,0,7739.77,14.21,82,2040,339.77,14432.14,2.0,2.0,1
254809,3523.26,7844,9,1583.82,3.87,28,2713,165.87,4453.73,3.9,5.1,1
428495,7867.05,22055,11,11208.89,11.16,47,3500,353.45,13650.31,4.9,6.7,1
262164,8613.37,16962,11,18541.29,0.91,99,3500,255.62,19275.7,4.2,1.1,0
381043,7020.59,14196,10,12331.22,9.51,130,3500,280.92,18467.2,2.5,2.0,1
255317,9040.07,21813,14,19461.36,5.33,96,3500,376.86,17958.17,2.0,1.8,1
298345,7605.27,20531,4,3592.57,11.56,87,3500,325.02,8561.07,8.7,4.4,1
160787,11451.58,1531,0,11797.8,12.96,38,283,449.52,19331.77,4.3,6.6,0
170381,2063.82,24265,3,16164.38,5.54,123,3500,90.59,19541.96,3.0,10.0,0
156150,2615.58,18956,11,10985.27,7.93,57,3500,68.63,19988.47,5.4,3.3,0
459830,3323.55,23795,0,2730.26,1.85,57,1498,44.2,9270.09,1.3,2.2,0
15105,8746.8,15590,14,12074.83,6.31,150,3500,399.03,24390.21,6.4,4.7,1
389810,8278.76,22972,1,12623.02,5.48,121,3500,274.43,24648.05,3.2,2.3,1
366992,10866.62,16316,1,14845.48,2.83,139,3500,426.64,24274.31,6.4,1.2,1
274983,9195.21,18368,15,15463.02,13.43,79,3500,330.35,25000.0,6.5,6.1,1
78920,6837.73,10937,3,15644.68,2.31,46,3500,352.86,17177.86,8.3,8.9,1
315763,11914.23,15953,7,13605.44,9.57,143,3500,472.59,22646.35,3.1,8.7,1
52821,4294.13,22722,1,5100.41,13.36,141,3500,156.24,10261.89,5.2,1.9,1
135736,10248.51,14758,13,8680.48,13.69,39,3500,447.33,18373.21,9.7,2.3,1
416709,5981.3,2050,8,15746.47,11.92,105,654,347.08,19457.79,7.5,5.4,0
27069,8311.72,13477,14,19115.11,2.72,91,3500,352.75,21054.56,9.8,4.3,1
17531,9136.32,22381,11,2499.99,12.28,101,1923,346.58,16464.33,9.3,7.3,1
440267,8154.42,5182,8,11175.2,4.22,88,683,361.01,13668.67,6.5,5.5,1
148808,2975.33,14939,1,6937.92,13.84,9,3392,40.38,17411.73,3.4,1.2,0
148782,6150.99,18713,0,5282.48,10.67,55,3500,248.36,14996.72,7.8,3.6,1
77155,7395.1,4251,9,10610.4,11.8,42,642,395.5,14433.53,7.3,9.1,1
417191,10414.96,22965,14,12515.7,1.37,7,2021,424.49,17971.02,6.3,5.6,1
72424,6158.28,13414,9,1185.67,8.78,17,2057,251.72,4806.8,7.3,8.2,1
317747,11146.85,10723,8,15823.92,12.34,91,3124,446.91,25000.0,6.5,4.6,1
426468,6123.93,15898,14,16577.76,12.94,7,3500,225.18,25000.0,5.7,7.1,1
484013,7262.19,7101,1,19344.71,0.53,59,2371,306.21,25000.0,4.7,2.5,1
142503,9861.0,21343,7,4432.23,14.09,70,3500,433.2,16588.25,1.4,7.6,1
215675,7622.21,4356,13,12296.5,0.75,88,748,288.3,12911.23,8.8,8.1,1
178553,11582.29,13161,2,9105.88,9.26,77,2395,338.75,14276.3,8.8,1.8,1
364717,8433.53,16091,0,7361.73,10.43,116,2780,360.62,12189.93,6.3,2.6,1
150629,6988.45,6682,10,11747.04,1.7,66,1736,386.19,18742.0,3.4,5.2,0
478187,1747.72,22967,0,15865.28,0.82,29,3500,51.1,17075.84,1.3,6.7,0
375446,5844.2,8470,9,1438.0,11.8,56,560,160.21,10474.36,1.0,6.7,0
141234,4642.11,15654,1,19418.6,5.83,54,3001,219.56,25000.0,1.7,7.0,0
437958,9355.11,2594,6,16387.75,1.7,126,330,461.4,16830.79,4.2,7.4,0
29675,3686.92,12595,11,15271.92,11.46,133,865,173.95,15929.91,2.7,5.6,0
83997,3654.81,23122,5,15447.36,12.75,43,3500,232.43,14818.39,3.4,6.2,1
158087,3489.95,19916,15,8392.15,8.85,56,2425,179.28,18605.32,7.3,1.1,0
453273,2818.96,14172,11,15280.79,2.5,80,2775,148.1,18527.74,9.6,2.5,0
435807,4765.57,18432,10,8348.63,0.33,44,2642,164.72,11609.37,2.9,5.5,1
496799,10802.18,14728,1,18075.43,10.54,64,3500,446.36,25000.0,5.2,7.7,1
241390,9636.75,9059,3,4367.23,8.3,114,3236,384.0,7356.11,9.9,8.3,1
150905,9220.14,564,1,6554.6,9.8,88,126,365.62,12797.06,9.4,7.6,0
280040,9872.04,3799,0,11475.41,12.22,24,965,382.19,20862.55,4.2,5.4,0
436188,4328.89,5349,11,7065.01,6.57,89,1796,184.44,15111.83,3.9,3.5,0
321877,10818.14,6139,2,9060.51,1.96,6,1057,367.91,16450.41,3.2,5.0,0
261435,2941.69,18919,14,10356.03,14.11,110,2080,158.25,12331.85,2.4,1.1,0
51800,5031.63,11555,3,17270.71,8.22,13,1674,157.38,18168.69,5.1,6.4,0
106044,7660.86,22558,9,10940.65,9.27,62,3500,293.92,18325.78,4.1,1.7,1
277491,2580.5,19112,4,7886.74,14.01,47,3500,119.75,8615.76,7.7,2.3,1
200135,9166.37,22504,4,5706.99,13.98,142,1381,320.29,17864.13,3.1,6.6,1
499066,5566.08,17480,14,8764.84,8.62,113,3500,124.32,13567.99,7.6,1.1,1
143715,9736.26,20490,6,10798.99,4.53,52,1697,370.3,16055.2,3.6,6.2,1
312929,6675.41,11366,13,15176.18,14.96,130,3500,195.46,17500.56,6.3,6.7,1
290825,3399.18,4389,14,3299.93,10.24,149,1513,171.58,16036.67,6.7,8.1,1
453242,9215.0,20390,9,5210.57,6.19,132,3500,310.92,14521.01,7.0,1.6,1
376008,4147.51,15958,7,8213.43,8.44,137,3500,240.16,14419.55,2.6,1.0,1
419108,6653.51,18279,8,7847.57,6.3,111,1875,265.85,15887.07,3.5,7.9,1
319443,2293.1,24413,11,8443.21,13.34,75,3500,94.68,13699.37,3.2,3.6,0
27073,7987.6,952,6,16076.9,7.29,136,115,220.47,20914.09,6.2,9.0,0
374448,8491.51,11495,4,7158.93,12.37,105,3500,346.9,12376.36,1.7,2.7,1
40682,5476.08,24220,8,10536.07,12.62,87,3500,215.03,15767.63,5.7,6.3,1
238870,11521.44,3131,7,12854.23,12.38,32,495,395.9,16378.08,1.8,2.0,0
237966,10678.77,2686,9,5411.39,10.86,110,901,431.51,7338.45,4.0,4.6,1
396446,8933.38,6467,8,14655.21,12.84,42,414,337.44,14209.67,7.2,8.9,0
417505,8993.35,23258,9,11395.12,5.87,70,2749,348.89,13379.48,4.7,6.5,1
125359,4150.22,22242,15,9488.84,1.81,51,3500,167.3,12862.36,3.5,7.2,1
411143,8396.56,4848,7,16385.9,12.65,110,1310,312.29,25000.0,6.5,3.0,0
451546,3581.17,1959,5,5626.41,7.52,107,498,155.57,14447.36,7.7,9.3,0
76707,3012.03,2442,3,17780.34,2.0,29,637,116.15,25000.0,3.3,6.6,0
261351,11994.41,15396,8,11659.93,1.82,70,3500,503.41,15743.35,3.7,2.0,1
480670,8034.95,22306,15,12574.32,2.47,83,2148,294.96,17282.05,6.8,1.1,1
248511,6025.37,14907,11,17626.12,11.29,71,3230,187.77,25000.0,9.7,1.1,0
245718,4525.73,16122,8,16534.07,10.69,44,3500,145.59,22739.98,2.9,1.5,0
75428,7841.16,15057,9,12429.68,3.14,104,3500,385.78,18806.19,6.9,9.2,1
60601,2020.73,22080,15,15310.57,12.72,119,3500,128.63,21730.79,9.2,4.2,0
480681,2494.15,16945,9,9233.07,4.29,123,1104,160.43,16980.22,5.2,3.7,0
405755,1845.0,18378,8,11400.18,11.92,149,1436,137.94,21074.77,3.9,4.7,0
121487,6741.28,18064,13,2179.33,7.38,66,1728,246.34,12428.53,7.0,4.7,1
163741,7806.37,13593,9,2707.3,11.0,80,2215,327.05,16610.93,1.3,3.1,1
474184,2156.04,23152,2,16759.08,5.78,35,2206,90.03,25000.0,4.2,1.8,0
423860,9072.86,3288,10,2133.76,5.27,37,618,395.89,9192.01,3.3,2.0,1
421961,3919.15,10900,11,4218.58,12.64,47,1238,142.31,5839.26,3.0,6.4,1
261924,8694.62,21520,14,16120.82,0.63,97,3500,352.43,15040.63,2.6,4.6,1
269153,11809.92,21605,2,1021.77,14.62,42,3500,476.01,4418.93,7.6,9.1,1
300372,8756.61,22594,10,6365.68,9.76,45,3500,376.88,8066.21,9.6,5.2,1
259430,10773.53,24586,5,12096.73,6.54,122,3500,463.73,16531.14,4.5,5.5,1
437737,11456.08,16989,5,12313.55,9.46,26,3500,462.93,12538.21,1.4,9.4,1
132788,6610.89,20971,14,15765.91,1.93,100,3500,270.64,22736.61,7.5,5.5,1
107239,8874.41,4425,12,10612.6,7.76,131,1586,366.27,12962.34,5.8,5.5,1
36928,10445.68,18792,14,10678.64,14.78,65,1929,500.15,17224.46,7.5,4.3,1
290466,5244.39,18933,12,14780.9,3.61,78,3500,123.28,15164.74,6.8,7.4,1
460930,4244.67,15068,5,10473.86,10.86,36,3152,121.3,21139.57,9.1,4.5,1
360040,11439.29,13156,4,12561.33,6.58,136,879,491.26,22188.53,2.3,6.3,0
72292,9126.19,9966,13,18057.71,9.82,49,3500,378.54,21470.5,2.5,5.0,1
39055,3806.66,4404,4,8627.57,3.15,76,1539,165.4,20739.77,4.1,5.8,0
315035,6215.38,15967,1,8317.38,7.11,24,2794,281.99,11068.01,5.4,8.4,1
91912,9862.74,10919,13,1067.43,14.7,69,3500,405.21,13435.12,9.3,4.7,1
147660,7244.16,20680,6,12655.1,3.01,93,2116,261.8,19220.2,9.2,3.1,1
362680,8324.5,17176,11,1565.67,9.58,27,3500,364.42,7537.08,8.8,6.1,1
278448,9414.57,10914,3,10578.82,8.68,44,1283,377.63,11559.75,3.0,9.4,1
17345,8031.1,23150,13,16280.44,8.52,134,3102,298.87,17251.4,7.6,7.2,1
170372,7170.83,23254,2,11448.5,9.27,82,3500,321.35,22376.01,4.5,3.8,1
427475,9370.95,12665,7,6123.09,7.58,48,2194,407.39,14787.99,9.4,9.7,1
101006,9139.41,11183,3,15937.2,0.35,117,695,376.31,17832.0,2.9,4.1,0
491769,8113.66,15942,14,6124.62,13.51,87,2938,410.4,13345.78,2.3,9.8,1
418568,5277.79,5360,10,14927.6,12.42,121,688,277.45,15343.96,8.6,2.7,0
139350,5761.03,4229,3,12594.91,2.7,9,1121,280.53,13360.88,7.5,10.0,1
174437,11689.6,14900,7,4229.93,6.26,125,1763,595.9,17184.88,8.4,1.7,1
291590,2680.05,24846,0,18197.54,11.58,74,3500,99.88,22510.16,2.4,7.4,0
274480,4319.3,22394,8,4812.23,14.7,39,3138,149.53,10550.16,9.0,7.7,1
334176,6670.22,9119,13,19802.15,14.27,20,1622,309.83,25000.0,7.1,7.1,1
216487,10285.66,23645,15,1138.9,13.5,18,3500,398.79,8098.13,6.9,8.0,1
107852,3218.59,11664,6,6006.18,2.46,29,2953,129.34,11176.09,6.2,5.2,1
148593,4408.02,6610,14,4797.35,13.73,83,597,127.02,9386.7,7.9,1.5,0
212779,2190.88,7455,11,1265.87,13.19,105,1517,117.97,10358.51,4.7,4.2,0
164553,8912.85,606,1,14914.99,5.72,109,100,282.96,21191.33,2.2,6.8,0
290618,4001.2,5254,10,14175.09,5.98,150,1709,155.23,13550.6,5.9,6.8,0
187832,5581.08,12025,15,16054.67,6.95,24,986,222.48,23346.55,7.7,2.8,0
327862,6158.87,22162,11,5877.27,9.88,60,3500,224.55,16949.81,2.4,3.3,1
316773,10858.8,6908,5,9442.37,3.99,134,762,346.49,17561.44,3.0,5.4,0
55232,5818.97,8135,7,13523.16,0.44,27,704,144.53,24127.07,7.3,7.6,0
358688,3024.86,1725,10,9355.6,2.2,36,208,83.69,13077.89,3.4,8.7,0
470385,7005.31,12696,4,14249.19,6.66,145,1153,307.16,15895.08,2.5,1.8,0
269013,11611.06,4750,5,13045.49,4.3,17,1027,478.89,21501.01,9.0,9.3,1
322813,7880.7,15872,11,3178.31,11.49,149,3500,314.41,6993.92,2.4,9.3,1
219093,11825.57,17779,9,15839.82,1.69,31,1250,428.79,15856.22,4.1,1.1,0
341328,10331.63,12597,7,14692.85,13.77,149,2498,430.32,15010.28,4.9,5.6,1
189017,1877.64,18504,12,13460.85,13.44,18,3253,40.0,22757.8,5.3,6.3,0
23140,8413.2,21972,5,3946.78,13.64,146,3500,216.7,5531.01,4.3,6.0,1
398612,4511.05,12555,11,6091.93,11.12,144,2003,168.29,10636.48,9.2,6.5,1
93457,7375.98,5919,8,8470.36,1.69,73,1944,267.74,10455.71,6.9,5.5,1
24357,4433.12,18269,14,6318.66,6.63,72,1200,227.98,16868.76,4.2,3.6,0
121672,5163.14,16213,11,5328.4,2.06,59,3500,214.42,12808.13,4.2,1.9,1
340817,11193.27,12284,8,16301.8,14.82,33,1669,530.27,17712.84,5.5,2.9,1
131673,3669.75,2933,8,13126.41,5.06,93,513,119.38,22256.47,1.3,7.7,0
75633,10678.15,11498,5,11743.97,8.82,49,2139,451.46,21149.94,9.3,3.2,1
218015,1819.81,12075,11,5293.1,11.71,136,1828,60.18,13033.77,3.0,8.5,0
106111,2454.2,1801,14,18443.45,13.82,148,159,167.25,20340.81,7.3,4.6,0
350402,10474.09,7358,11,4632.48,11.36,70,694,408.76,13327.59,8.0,4.7,1
416140,8120.84,9450,8,16104.07,10.15,27,1412,367.55,25000.0,8.4,8.8,1
79286,9345.98,9438,2,19366.78,7.04,72,2893,319.96,18164.7,2.5,2.9,1
103269,3698.89,6144,4,14814.76,9.12,149,617,127.19,17322.16,5.8,2.7,0
268635,7139.38,11578,1,19864.32,1.5,10,3274,281.37,21596.06,1.8,9.9,1
84071,9240.8,21972,11,13369.97,13.27,86,3222,432.8,20909.53,8.2,5.9,1
460542,8086.8,9760,12,5131.75,8.2,127,3172,213.61,14570.54,5.4,2.7,1
231095,6452.84,22324,12,4872.57,0.7,109,3500,241.48,8580.16,2.4,2.5,1
40651,11577.73,24377,7,7166.72,13.81,38,2718,444.79,10542.68,7.5,8.8,1
80202,8599.65,23175,10,1135.47,7.39,58,3500,240.14,14975.14,4.0,6.4,1
58777,11031.38,15190,12,13952.27,13.04,86,1716,418.05,22993.7,2.0,2.0,0
158066,9162.59,3807,3,6104.69,12.87,98,877,289.47,19029.26,5.1,9.0,0
339407,9222.37,21592,5,16488.48,12.25,69,3500,252.36,25000.0,3.1,5.0,1
200706,2340.19,16988,5,7824.28,1.01,91,2919,80.49,13486.96,9.6,9.9,1
110158,5274.38,20717,15,10119.17,3.78,33,3500,196.17,11680.14,4.3,3.5,1
282944,10512.88,895,4,19348.09,13.15,45,280,408.27,25000.0,6.2,5.8,0
309967,3942.34,20401,11,5601.27,13.49,109,3500,170.34,11056.9,9.5,2.6,1
249647,2712.81,11345,11,14703.83,6.93,67,3500,64.54,19293.42,4.5,5.0,0
336022,4924.11,3791,0,15347.24,6.66,70,747,286.51,19814.23,4.2,2.6,0
290852,3814.6,18894,10,5198.96,2.71,116,1685,150.92,18333.92,2.5,3.8,0
153891,11215.53,13638,6,10518.94,14.53,104,3500,512.94,11310.36,9.4,3.4,1
215977,10613.65,5037,9,7653.84,3.28,149,878,340.55,10633.42,8.2,3.5,0
73870,6746.67,10360,14,15666.22,2.94,70,1213,228.14,22436.23,3.0,9.7,0
19283,2144.11,21852,7,12827.18,9.94,72,3500,120.08,23750.6,4.0,1.3,0
171645,9002.9,21646,0,10043.68,3.72,38,3500,348.79,21968.2,9.2,5.5,1
350851,8045.82,17935,9,15807.9,14.09,5,1998,268.17,21909.33,5.8,6.7,1
434149,11690.82,19725,6,5467.96,0.26,138,3500,375.7,6823.66,6.0,6.9,1
15774,7369.01,7118,3,15318.82,0.19,20,1320,331.42,18972.51,6.8,7.8,1
213127,5032.13,5223,5,17442.11,7.62,6,528,233.87,25000.0,7.9,7.8,0
152055,6949.73,24356,8,17693.81,7.37,120,3500,290.16,22654.32,9.5,9.6,1
106468,11782.26,24797,14,15889.8,2.53,80,3500,446.5,24157.81,8.2,7.8,1
368478,8811.81,22408,15,8752.27,7.47,31,3303,296.82,12501.33,9.4,8.4,1
290277,8555.75,20468,4,19654.35,6.23,23,3092,339.58,18048.57,8.4,5.8,1
418155,4027.16,15337,7,8212.28,13.37,32,2717,95.32,16088.51,1.4,6.9,0
10781,9307.83,9039,15,13133.88,0.24,39,2750,334.73,23361.86,2.1,5.3,0
124586,9377.85,1763,15,4060.41,14.65,119,111,438.18,18121.82,9.0,3.5,0
459916,4831.53,13805,4,19628.53,9.4,72,1756,100.72,25000.0,1.2,3.8,0
299768,6579.0,21549,1,14375.73,2.36,53,3500,297.04,20702.51,8.1,4.2,1
16823,4593.33,24898,3,15314.17,0.8,11,3500,258.44,22164.79,8.6,4.1,1
28489,4216.4,11434,13,2249.76,8.12,41,1819,209.47,14513.94,4.7,5.8,1
181033,1771.91,10765,1,15504.94,3.6,119,3463,90.79,14661.49,4.2,3.2,0
301262,4494.72,16839,6,15719.75,4.59,119,3500,156.61,25000.0,2.7,5.6,0
110417,7316.68,1851,6,13763.68,3.75,45,637,260.37,19916.82,1.4,9.2,0
91816,1516.81,23864,13,6546.28,9.79,85,3383,40.0,19613.7,7.7,4.7,0
163335,4473.8,7690,14,10304.11,8.35,66,2567,180.8,20182.02,1.7,3.0,0
285709,10754.81,20711,2,3098.25,1.26,146,3500,410.08,6458.73,9.5,4.1,1
161426,7733.31,19530,13,9960.15,7.95,6,2075,274.43,12116.5,3.7,8.9,1
184023,7882.56,17150,12,5632.65,11.89,92,3500,314.3,11103.52,8.1,9.5,1
363323,5735.33,11385,6,7632.84,1.31,52,773,232.53,11538.12,1.5,9.0,0
33648,8602.96,7934,14,4089.41,13.36,59,2162,312.34,10982.41,5.8,3.6,1
453945,3494.29,1522,0,5371.03,8.72,16,426,220.43,14147.57,4.1,4.5,0
51971,10096.84,24831,0,2454.8,14.26,5,3500,440.4,9639.37,1.3,9.8,1
28658,2725.24,2537,8,18478.13,2.31,107,284,153.82,17515.97,6.9,3.9,0
31253,8388.01,9256,5,11077.8,14.9,38,2300,330.36,23545.45,9.5,2.2,1
467382,5082.07,24662,12,8538.1,9.7,116,2803,228.84,14357.07,1.1,3.5,1
189635,9348.89,14058,13,11165.56,8.56,50,3500,329.17,21996.42,3.4,9.7,1
167462,7272.53,17943,15,12937.57,7.78,103,3500,324.21,13311.46,7.3,4.7,1
360808,6249.71,1924,11,18515.7,0.45,61,170,239.77,25000.0,8.8,9.4,0
192650,3278.94,4623,4,4395.17,14.1,55,537,80.06,7770.4,2.7,1.9,0
220097,8186.63,17103,12,6615.5,9.7,26,3500,326.33,16124.66,1.6,7.9,1
113850,11735.08,905,15,19540.0,1.47,72,184,454.8,25000.0,1.1,1.8,0
435874,10168.84,10329,5,8052.67,0.41,140,2901,522.91,20269.62,2.9,2.8,1
147924,2130.09,19202,5,1428.67,0.86,64,2770,106.97,7311.73,1.6,6.5,1
236058,5450.41,10451,0,3805.23,9.18,69,2690,297.0,6460.66,4.2,4.9,1
143623,11218.62,9483,4,1500.44,9.25,40,1072,505.31,14439.71,5.0,7.0,1
344091,6781.96,21942,8,19808.54,7.55,33,3500,273.17,22157.34,5.3,9.8,1
71001,8452.17,18193,3,6298.55,4.67,60,3500,315.9,10061.78,2.3,1.5,1
190231,11082.29,24505,2,18547.31,8.02,86,3500,356.28,23158.56,5.2,2.7,1
132775,10674.84,12525,0,19921.84,7.79,136,939,383.45,19837.24,1.1,6.8,0
454923,6769.11,5429,13,12396.98,0.39,48,1936,303.9,15778.11,3.2,9.1,1
43243,6095.29,10022,14,1630.73,4.31,35,1073,228.71,8313.23,4.3,8.2,1
162872,5066.77,13138,1,2550.24,0.89,85,3500,221.46,7644.51,2.1,5.2,1
348083,9049.7,9202,2,10150.19,13.51,78,2022,260.47,15973.53,8.3,7.7,1
329972,4513.36,11264,3,8717.27,10.91,128,1671,203.21,13974.27,2.8,2.9,0
271716,4123.82,12621,6,12517.37,14.94,20,1429,219.78,22083.58,7.8,1.1,0
410455,5240.62,14719,5,9338.11,4.6,72,1668,120.84,21409.8,5.3,6.1,0
278854,3360.76,2117,10,18747.46,13.19,123,672,153.01,18309.97,5.3,8.3,0
424600,8798.76,10748,7,11160.05,9.09,73,3459,419.13,21630.97,6.8,4.9,1
424254,7970.53,18404,13,14180.8,6.85,46,3500,402.83,25000.0,1.4,6.1,1
181918,6570.22,24776,8,18033.22,3.42,114,2257,237.63,25000.0,1.7,4.8,0
229055,5598.42,2083,14,3790.57,11.1,45,677,262.93,17985.91,3.9,5.6,0
471037,11045.16,7204,5,5364.96,13.57,54,1485,513.3,10647.53,4.8,9.0,1
310135,1805.8,8488,6,3039.05,3.61,10,1627,92.3,15225.27,4.9,5.3,0
220129,9575.63,23467,3,3653.13,2.71,79,3500,447.28,13680.64,7.1,1.1,1
410187,10970.05,18459,1,10739.1,10.47,21,3129,437.01,14795.85,1.0,8.2,1
432355,6186.72,23819,8,7102.41,14.66,109,3500,267.18,16842.72,9.6,6.6,1
357589,7282.25,10453,8,9040.28,11.27,71,2523,260.21,15857.31,2.6,7.6,1
218139,11416.87,23060,14,19667.31,4.34,148,3500,448.44,20190.51,3.2,9.1,1
90257,3728.91,3113,3,3977.38,6.36,104,1024,170.84,7442.34,9.2,3.6,1
487958,6961.42,4392,11,11275.43,5.83,94,682,243.63,20294.53,1.0,5.5,0
309855,6484.57,12836,2,2878.55,12.8,85,2997,248.2,13557.94,9.9,6.4,1
16530,4213.12,7233,9,7051.43,11.59,119,1085,206.57,14541.2,1.3,4.1,0
283260,10095.23,4931,13,11022.99,8.88,24,1410,506.44,17336.8,2.1,8.6,1
75794,10945.81,24996,10,18986.0,4.2,84,2266,335.36,19529.3,3.2,7.3,1
403498,9710.29,18265,5,8433.34,14.08,60,2130,487.24,14327.39,4.9,7.6,1
220545,3551.27,4015,13,2233.23,9.83,57,1206,129.06,15114.75,5.7,8.3,0
142970,2410.86,4954,13,8375.07,14.56,53,570,144.68,19811.51,1.9,3.3,0
14135,7857.17,8269,2,3769.08,8.74,8,2048,372.34,13607.21,1.7,7.7,1
409845,2099.49,23373,0,5369.8,12.34,22,3500,162.2,19261.48,1.3,8.0,1
381616,8564.67,8884,3,12743.72,12.22,40,1927,306.19,23806.29,3.3,8.6,1
397291,7069.45,14227,0,2281.05,5.13,121,1653,271.51,5712.84,9.3,5.4,1
488336,8459.25,4034,1,9829.75,14.46,39,630,335.69,15052.57,4.5,5.5,0
260870,7696.79,1255,2,12579.77,0.43,34,385,290.0,13779.0,7.9,1.9,0
99087,5938.38,19409,7,9015.31,11.55,122,3212,303.47,15271.41,2.7,8.7,1
206103,3609.21,17711,9,1363.4,14.49,67,3500,140.53,13183.7,1.6,5.8,1
305524,4709.87,21632,3,19724.87,5.15,86,3500,107.47,19805.15,6.0,6.3,1
402095,7007.26,19217,3,7975.2,9.76,73,3500,248.64,19825.65,8.4,2.1,1
289215,8344.61,21830,12,15792.97,8.48,129,3500,254.86,22032.12,9.1,6.4,1
30074,9684.57,8802,9,7187.28,11.45,58,1365,375.97,17486.1,5.9,1.4,0
231796,9555.29,13407,15,10025.32,13.01,91,2880,415.84,10607.28,3.6,9.3,1
77843,11713.23,24930,8,8380.81,9.09,60,3500,435.81,9924.54,2.0,8.8,1
49901,4501.34,9484,6,7508.25,12.26,83,1047,159.9,16077.8,7.0,2.7,0
283349,2246.66,14885,15,1415.18,4.75,146,2115,76.13,14028.64,3.5,6.3,0
458877,5129.4,7681,1,7840.4,3.51,124,1963,212.21,19632.57,8.6,6.4,1
396805,9304.59,13945,2,17900.31,6.52,29,3500,397.99,25000.0,6.4,8.2,1
278050,6100.17,13375,3,14117.47,10.2,113,2782,284.37,15906.18,8.7,7.8,1
405807,10086.78,3914,3,3763.03,2.89,99,1169,516.25,7545.71,6.1,9.9,1
397720,7267.93,15505,9,12231.95,10.24,57,3173,296.89,23243.28,7.9,4.2,1
72987,11262.81,10001,7,17952.39,5.97,52,3244,487.3,17833.97,3.6,2.1,1
466586,11452.57,14745,9,14300.65,11.95,74,3500,378.72,22359.44,5.5,6.2,1
352829,2227.7,6957,13,3825.0,0.65,136,1074,70.15,11995.59,1.2,7.9,0
382598,6292.34,7249,9,17488.82,10.05,87,1294,238.17,21469.52,6.5,3.6,0
377631,7901.74,796,5,6729.34,9.78,137,207,265.2,13107.82,5.8,3.1,0
64400,4186.66,10321,15,9627.45,14.12,86,3389,140.67,21989.66,7.8,8.2,1
166222,5774.31,17452,2,10996.71,10.73,108,1983,225.6,21996.13,7.6,7.8,1
41852,8615.66,5783,10,17159.63,11.96,79,1240,319.39,25000.0,6.6,2.8,0
446086,3880.71,13619,8,18700.54,13.58,93,1302,285.32,22246.47,1.5,8.8,0
324900,7820.8,8164,9,18663.4,10.16,68,1174,338.45,18321.48,9.1,2.2,0
387501,8823.2,8011,15,1151.13,4.42,39,2129,452.98,15892.82,1.2,2.0,1
129052,2450.21,5965,7,18515.88,13.06,16,497,172.64,18702.16,8.2,4.2,0
66481,6724.06,13057,8,2033.35,11.24,94,3378,237.0,10329.25,5.3,9.0,1
273427,4262.34,4882,14,6049.7,6.42,59,1612,172.37,10279.81,8.4,7.3,1
43691,9106.06,16949,15,10784.77,10.69,116,3500,342.5,17267.47,5.2,4.6,1
404341,3490.33,17763,4,10118.59,13.03,73,2220,131.52,14059.0,6.8,2.4,0
208137,10868.5,9908,2,12489.49,14.64,95,2821,385.92,23651.12,4.3,7.4,1
36170,6024.88,24106,3,10109.48,14.29,42,3500,218.92,22676.02,7.7,6.4,1
18438,3579.03,14190,13,18753.14,4.95,33,1240,161.14,22333.35,3.3,9.9,0
292239,6099.23,5569,12,5570.43,6.38,16,1026,260.63,7368.81,7.5,7.9,1
157226,5791.81,20123,11,6206.47,1.73,141,3500,244.34,15588.55,2.7,1.9,1
411220,6003.65,12172,4,18494.02,3.79,86,1471,237.16,21691.35,7.5,7.6,1
281896,7648.39,17391,8,2458.05,13.25,7,3500,348.97,16784.03,3.6,3.3,1
65426,6972.32,8204,8,12581.66,5.48,91,1790,266.04,13227.2,3.5,9.7,0
249968,3072.66,18009,13,13952.98,9.35,92,1620,192.48,14711.03,8.3,1.2,0
298963,2188.58,17769,2,10605.29,10.02,57,3464,40.0,19576.73,8.3,3.1,0
364195,9158.86,19725,6,14190.41,11.75,105,3114,399.19,23214.77,7.2,5.5,1
165289,7377.03,8475,15,4282.34,2.82,8,1226,319.5,11550.13,9.3,1.7,1
271501,5269.51,12569,5,17200.01,4.64,61,2796,177.05,19364.45,2.4,4.1,0
229780,9987.76,7065,14,3660.49,6.78,32,1449,381.75,8955.92,3.4,5.5,1
305138,5574.61,22967,3,8615.44,5.54,20,3500,246.22,13286.0,3.6,5.0,1
156108,9857.63,5370,15,2429.89,14.75,17,464,440.1,6872.58,3.7,5.1,1
218347,4710.44,19409,4,11359.01,12.54,57,3500,100.94,22145.56,4.0,8.9,0
107756,2264.88,9617,13,13725.17,7.25,52,1966,122.01,13826.14,7.3,5.5,0
452632,11292.72,21099,14,18883.21,13.2,29,3500,428.83,22401.18,3.4,9.5,1
412803,5642.79,2438,9,15047.39,5.28,70,749,281.98,23756.75,3.6,2.3,0
105665,9823.27,12054,1,11280.96,11.81,108,1870,300.97,11074.5,6.1,3.5,1
141717,4431.01,3732,10,18719.72,3.43,7,229,299.51,25000.0,2.7,6.9,0
172002,8286.83,20628,6,10090.3,11.61,98,3500,287.17,19254.05,4.3,3.5,1
271691,10669.76,23105,13,11662.91,6.9,15,3500,498.29,12284.19,1.5,4.1,1
91835,1937.26,3965,3,12325.87,1.7,25,365,74.03,23495.65,9.6,9.1,0
132232,10221.68,940,1,8789.61,4.17,131,254,367.93,15366.65,3.9,5.8,0
433306,7499.0,17345,10,16931.17,6.09,95,1145,313.22,24024.05,8.7,4.0,0
228561,7878.45,5913,5,4518.34,11.26,99,404,366.59,17081.11,5.8,8.0,0
455358,6993.16,12163,10,11542.0,1.19,98,2648,202.09,22688.71,3.1,1.6,0
253051,10681.99,6255,11,14722.43,9.93,133,556,462.36,19091.62,2.7,6.1,0
167547,1956.05,5512,1,18175.55,10.77,116,1925,77.63,19630.4,7.3,1.9,0
422104,4240.8,20047,15,17794.45,9.84,38,3500,198.48,19582.04,9.7,2.6,1
53732,10695.51,16626,9,10666.07,11.43,84,3500,428.37,20490.1,2.6,1.6,1
222695,9399.63,7252,1,13220.07,2.75,87,574,347.39,24658.65,2.0,9.1,0
318449,1685.27,505,6,8490.52,8.85,33,100,40.0,9731.41,4.5,1.4,0
187109,6928.57,5276,0,9895.38,14.12,135,905,310.78,10111.56,4.5,5.6,1
19346,7060.51,7538,6,18219.05,9.2,15,1540,315.78,25000.0,8.3,3.0,0
272731,5709.26,6914,9,18683.38,9.21,140,765,261.48,21972.54,5.2,4.5,0
22763,4622.63,22623,4,18012.87,11.07,66,3500,206.29,20004.14,1.6,5.4,0
200237,8658.11,4470,0,3629.05,5.06,107,853,393.56,7352.1,9.3,5.1,1
248553,3681.8,11550,15,17151.6,10.54,37,3500,217.58,20225.53,4.4,7.7,1
341759,9888.96,3106,5,19018.91,13.75,140,1059,301.74,25000.0,7.0,9.2,0
439332,9931.89,16982,6,7863.74,0.26,92,3500,280.19,20993.03,7.0,3.7,1
130987,5860.25,1025,0,10854.28,13.06,21,260,320.31,14993.1,1.5,1.2,0
226823,4477.25,6837,8,15802.81,3.36,95,693,112.04,25000.0,1.0,9.0,0
101353,4480.72,1680,14,11679.48,6.89,47,213,124.92,15241.81,1.8,9.8,0
231373,6564.06,24951,6,19876.19,12.8,77,3500,248.18,25000.0,9.6,4.9,1
367792,9055.58,21375,0,9658.55,12.38,9,3500,279.52,12482.89,8.1,5.1,1
35556,5268.12,13557,2,14564.91,13.39,60,1584,191.65,24396.27,2.2,2.3,0
331186,7905.46,6422,15,16059.23,14.11,61,1484,268.81,19445.88,6.5,5.3,0
28099,5516.09,3571,4,10387.91,6.76,76,1216,208.98,12854.73,6.5,3.7,0
381233,4697.49,22525,3,17282.69,9.88,83,3500,201.89,25000.0,1.0,9.9,1
186168,1761.02,24265,1,11376.94,5.92,40,2809,53.26,13885.95,4.9,2.7,0
213058,1541.1,3292,15,8821.37,5.33,138,1128,41.94,21950.95,7.4,4.4,0
154302,3885.68,21662,14,3048.65,6.53,119,3500,168.33,5850.38,2.7,6.5,1
432225,5767.27,14344,0,8474.86,11.17,75,2656,282.91,8910.16,8.7,4.1,1
212041,10438.24,514,3,14944.79,7.57,96,100,497.68,25000.0,6.9,5.3,0
43866,9884.08,19299,6,18504.44,12.23,139,3500,384.44,24429.41,1.1,9.8,1
115400,4305.24,3185,10,5781.91,11.2,109,999,263.45,12106.67,8.7,5.6,1
356390,4067.67,16712,3,7749.47,0.41,69,3023,206.54,9265.11,1.2,9.2,1
349119,3886.88,9928,8,3925.26,9.49,28,687,93.87,12613.81,9.0,1.4,0
445071,5061.99,8659,15,14123.73,6.6,49,1680,139.42,18417.42,4.0,2.1,0
353701,6731.09,24810,13,19243.58,6.9,121,2835,240.38,23681.95,7.3,9.5,1
147488,6106.01,4600,7,13178.09,12.29,34,473,316.47,20737.57,8.1,2.2,0
82516,3791.87,6874,7,12724.45,8.26,69,1223,126.61,20498.7,3.5,7.6,0
196987,2869.74,6504,4,11516.31,13.3,89,584,40.0,23700.84,4.2,5.0,0
421274,1632.07,6021,11,2680.66,10.72,87,2091,53.84,12660.22,5.6,4.7,0
479853,3116.61,11912,14,14860.57,8.34,118,885,40.0,18300.71,6.2,6.9,0
443934,8906.24,12255,0,12438.94,11.34,100,2211,303.5,16236.38,3.6,7.5,1
304746,4058.2,24039,14,13568.06,0.67,91,2616,132.98,19057.54,9.9,9.4,1
477874,6420.32,20181,8,18077.41,0.5,71,3500,264.3,19833.19,7.6,3.3,1
481328,7708.66,19517,1,15895.25,1.34,35,1632,359.55,19609.91,3.5,7.3,1
199139,10811.83,4390,5,15837.39,6.62,70,984,467.18,25000.0,6.8,4.1,0
168588,10832.98,17675,9,18616.49,3.61,58,3500,374.35,25000.0,4.9,7.5,1
139295,9330.2,9691,15,19808.76,14.77,14,3344,354.62,25000.0,8.7,2.3,1
97969,1869.15,651,13,12044.37,8.18,87,175,78.58,19212.43,4.0,5.1,0
142161,7538.24,19947,4,3068.75,9.97,33,1792,288.42,10007.3,2.7,2.7,1
440562,9759.13,23251,9,9723.47,4.25,36,2013,376.9,18045.46,1.4,4.0,1
215735,1681.52,24788,12,15964.42,4.89,21,3500,40.0,25000.0,9.9,7.4,0
151559,7271.69,14361,14,1526.78,5.1,119,1789,233.23,12813.44,4.2,3.1,0
272299,10506.52,18975,7,2080.86,10.51,49,3500,400.11,4125.66,3.0,7.2,1
133950,6478.07,15532,10,2276.0,7.16,53,3500,104.46,13325.49,5.4,5.5,1
339638,1543.12,5099,2,14889.68,7.81,91,1560,93.76,23271.06,3.6,1.8,0
86229,1615.64,12774,5,10522.17,8.92,150,3500,40.0,11704.61,3.1,4.5,0
114648,5874.68,12718,5,8009.06,11.56,79,3500,269.33,10360.46,6.5,8.8,1
48547,3127.59,24292,9,3006.72,1.45,127,3500,155.05,14648.19,1.7,9.9,1
38795,8476.73,3477,2,14912.56,11.68,128,985,311.88,21196.91,5.6,4.3,0
196368,8942.39,17726,11,7099.38,8.49,56,2972,407.72,18360.68,4.5,1.5,1
31447,3367.74,4293,11,6041.16,10.07,145,1543,171.87,9234.6,5.8,2.2,0
177670,10829.6,2159,14,13394.06,4.98,92,311,417.74,13113.24,3.9,8.1,0
445030,6140.03,5662,11,11621.21,6.2,88,1342,224.51,13402.21,6.1,6.9,1
231823,2999.88,11205,6,7885.8,3.54,110,1620,174.86,14192.05,1.7,3.6,0
266190,9524.64,23330,10,13188.26,14.69,96,2184,392.59,19353.41,4.4,4.5,1
216402,9794.73,16540,3,6153.21,7.51,103,3500,444.02,18072.68,3.1,8.3,1
262419,8212.6,4770,4,16101.77,14.94,25,792,209.06,24192.02,4.9,4.7,0
239817,10461.39,13786,8,5357.06,7.4,10,3239,423.38,19160.73,4.6,7.8,1
360104,9242.42,4103,5,4017.92,3.37,57,934,290.83,6237.69,6.7,3.7,1
335422,10763.16,14272,15,15866.35,7.66,91,3178,429.24,16385.95,6.7,7.5,1
65077,6055.82,23648,9,14449.95,0.69,90,2294,277.92,14656.58,4.7,5.2,1
122782,9349.77,18100,14,4470.14,13.58,141,3476,460.95,12576.07,2.6,5.9,1
112932,11997.39,2791,12,3208.67,12.3,100,847,432.99,8036.13,6.2,6.4,1
475122,9111.78,13623,3,16929.58,10.91,117,2105,338.19,24430.89,9.7,5.1,1
412744,2698.93,4311,7,15755.37,9.19,75,833,103.18,16329.28,2.7,5.2,0
497028,6942.35,13847,15,7217.89,8.74,47,2882,228.97,9115.8,1.6,3.4,1
453316,7667.15,21877,8,13505.75,14.95,38,3500,355.61,18786.75,3.4,9.9,1
382013,3329.21,14351,9,3359.04,4.24,50,3500,129.66,9573.91,4.7,9.2,1
411395,11610.36,16013,4,10633.91,11.72,36,1442,470.51,21286.27,3.8,5.7,1
320925,3343.59,5642,1,1355.88,8.76,148,1803,164.75,13972.91,8.5,1.3,1
196339,3364.36,23746,14,8440.44,14.64,5,3500,130.99,10278.92,5.4,2.5,0
485595,11109.25,23417,14,2422.01,12.43,24,3500,403.49,14497.8,3.2,8.7,1
427168,6384.66,12694,5,10027.8,14.98,76,2536,252.24,17356.38,9.6,9.4,1
325942,2163.48,8026,10,9011.95,8.87,15,2306,43.73,15755.82,2.1,2.5,0
108696,7780.97,19862,14,9443.32,3.15,111,3500,316.64,10786.58,2.1,7.6,1
60939,7819.18,22231,11,1861.29,7.6,47,3500,362.61,13104.23,3.2,6.6,1
301660,2177.26,14013,7,7870.71,10.7,14,3500,40.0,9071.81,1.7,3.7,0
197598,11711.49,12584,12,15373.19,11.64,12,3500,391.84,17908.55,7.8,4.9,1
151521,7212.31,24817,4,8009.37,0.11,23,3500,290.95,9648.11,3.8,7.1,1
60290,7377.86,13849,0,14588.27,7.62,59,3500,256.72,20570.59,7.6,1.9,1
398832,6961.21,15568,7,8020.1,3.6,7,1408,280.04,16804.07,7.9,2.7,1
358805,7912.68,5095,8,9041.55,13.14,57,461,332.53,20814.36,3.1,1.3,0
345098,4275.15,15902,0,11713.95,2.38,48,3500,63.82,20911.49,5.7,9.1,0
294890,4516.03,23095,7,19062.96,10.03,100,3500,215.13,25000.0,5.7,6.2,1
77990,6869.06,10455,9,3068.35,4.06,52,1107,216.28,14347.03,8.8,5.7,0
68810,9970.2,19054,11,1625.36,5.41,58,3500,397.69,7175.24,1.2,7.4,1
128362,2023.58,14496,1,12551.19,14.11,148,1280,47.97,19159.55,3.9,9.9,0
486513,7835.74,19905,3,19032.84,3.68,96,3500,285.83,23179.49,8.9,2.6,1
156295,9971.17,24720,12,19804.74,1.52,148,3500,483.54,25000.0,3.1,2.2,1
475453,3147.63,1685,14,10199.12,1.13,55,474,141.87,17596.46,2.2,3.7,0
143669,1657.74,3785,14,9893.55,7.62,22,657,111.54,19042.15,6.2,9.1,0
206749,4783.49,3947,1,13254.31,9.66,130,1414,198.89,13683.02,3.8,4.7,0
274803,7675.51,20875,1,11557.06,4.98,10,3500,338.02,20953.33,5.2,8.1,1
96516,2951.97,11162,9,13047.67,10.38,138,3400,138.95,14306.8,8.4,2.8,1
84567,5974.28,5399,2,17605.99,1.01,82,1409,251.69,16425.49,5.7,5.4,0
287181,7299.38,16560,13,15179.82,12.87,86,3500,347.33,20889.63,5.6,2.1,1
136498,7788.27,2435,7,10440.67,12.27,84,746,319.36,17911.74,3.5,4.7,0
187810,4381.32,9945,3,9775.42,14.78,92,2146,289.51,10273.4,8.1,3.4,1
474894,5700.31,9774,6,13152.43,14.05,17,1662,276.04,19221.77,7.7,5.9,1
22109,9672.56,10835,11,9658.42,5.41,69,2867,329.93,16676.15,3.1,8.0,1
294154,11382.75,18169,9,9697.81,6.05,68,3500,446.48,10440.68,3.9,9.4,1
280931,10549.74,9045,2,1309.81,11.21,18,2250,441.84,12298.46,8.1,3.6,1
249472,7424.98,7979,9,4307.22,2.1,149,1300,299.22,8179.54,4.2,7.7,1
149544,5808.07,5755,11,10281.76,4.78,125,1085,266.67,20553.38,4.6,9.0,0
256183,4996.04,18769,13,16630.42,1.87,81,3500,239.69,19345.02,4.3,2.1,0
164455,2812.04,5562,14,6295.81,6.88,17,1734,44.5,13249.25,2.5,6.3,0
333853,2618.79,7566,13,10930.23,8.32,77,2186,168.81,22338.25,4.1,6.5,0
473001,8727.76,11212,15,7554.28,3.25,138,1072,324.27,18523.76,8.2,3.5,1
254325,4227.84,16491,12,2991.28,0.5,10,2204,139.32,14557.25,5.4,1.2,0
44518,4173.95,3522,10,19207.67,10.82,125,239,137.0,19451.78,5.1,3.3,0
63909,11981.05,22149,13,17238.8,0.4,98,1382,519.67,16416.89,2.4,6.3,0
290495,3473.22,2047,2,2491.36,14.6,61,261,125.58,11867.95,2.6,2.8,0
210696,3054.63,12710,1,14675.96,3.4,57,3500,89.01,19079.76,1.4,3.6,0
456546,2536.19,4704,12,7604.02,9.99,50,1559,80.25,19901.22,1.1,7.4,0
25282,7587.96,8090,11,19902.15,6.58,82,1436,213.78,22466.43,5.4,4.6,0
488082,8092.57,1868,5,6745.57,0.99,136,428,281.59,12733.58,4.7,1.6,0
249017,5334.89,12029,5,5536.03,7.14,38,3270,151.42,13266.83,3.5,4.6,1
424994,7121.84,18641,0,11789.92,7.8,46,3500,271.42,21785.14,9.9,10.0,1
427480,9778.2,16445,6,16867.4,12.83,82,3500,424.34,18981.81,4.6,3.3,1
462891,10090.09,10209,11,4657.86,11.01,68,788,431.3,17969.96,8.1,3.4,0
277219,11558.08,14144,13,14478.65,1.28,149,1902,525.16,20601.89,2.9,2.5,1
479164,10154.81,5417,13,2166.73,3.22,122,405,457.89,14666.09,3.2,3.4,0
189526,7430.84,20368,3,18459.76,4.75,34,3500,270.8,23600.85,6.1,6.2,1
38365,3386.4,12377,12,2540.42,1.83,97,3381,136.41,14068.25,1.0,9.7,1
475982,2547.52,13724,10,18370.4,6.91,11,2093,100.27,17364.79,1.2,6.5,0
451416,2072.37,3552,11,10325.34,14.77,27,1123,40.0,20650.03,2.3,4.7,0
283146,8498.52,8882,2,9513.73,7.77,40,1739,279.08,16422.46,3.0,4.5,1
286091,9979.13,17816,12,19492.83,11.15,146,3500,390.8,23436.67,5.8,1.2,1
220294,6841.18,21121,12,19817.3,10.28,120,1270,265.0,19304.77,7.2,1.0,0
366984,2074.5,7740,7,13353.38,12.76,85,719,108.6,22323.02,3.8,8.2,0
126219,7122.44,3738,1,3415.27,3.31,29,563,308.08,6437.34,3.2,5.4,0
350754,11325.37,10907,8,10617.23,11.33,119,738,364.48,12993.92,8.4,1.3,0
324286,7774.94,1065,12,11054.1,13.23,98,314,336.93,12486.78,2.5,3.6,0
66307,9998.99,22262,7,10774.48,2.66,53,1688,408.89,10705.07,7.1,4.2,1
145565,9901.6,6058,15,11820.34,5.27,31,1725,427.23,20061.15,9.4,8.0,1
265095,11287.36,16875,7,1355.77,14.55,99,1279,504.84,6605.59,3.1,4.9,1
322229,9587.4,17627,12,14513.32,11.73,18,2394,376.35,15553.77,1.8,8.1,1
44228,9350.86,11603,2,14535.49,4.31,126,3500,436.31,17788.03,9.8,6.7,1
220748,3958.08,15674,12,3193.93,8.5,52,3500,113.85,11043.24,3.4,1.3,0
455091,2129.21,9222,3,11834.55,6.12,132,1700,40.0,18012.0,3.5,9.7,0
434871,6934.79,22293,1,11798.86,7.4,89,3500,298.83,16212.64,5.4,2.6,1
53472,2806.56,9253,1,13966.56,5.39,96,2295,93.82,19607.37,3.1,3.5,0
321581,11603.06,6129,3,2622.56,4.26,19,1132,477.2,9653.49,9.9,8.3,1
452632,4544.21,6818,5,12903.56,10.15,55,2051,281.42,23017.5,1.4,2.7,0
331855,10455.91,801,4,6334.29,11.7,58,119,437.91,7452.41,5.1,4.6,0
147888,5570.06,20651,14,10633.06,13.12,143,2886,233.41,21790.84,5.9,8.8,1
87175,4893.54,21164,0,15693.15,2.41,112,3500,152.28,17725.42,5.2,6.7,1
74307,11319.17,8006,15,14407.27,12.36,79,1418,367.77,22908.98,5.7,3.7,0
318877,5314.89,9201,12,3259.16,3.9,32,927,208.97,9872.84,9.9,6.8,1
400346,5598.02,7462,9,12232.51,6.47,132,598,277.26,15612.34,8.9,8.3,0
105028,2613.96,5929,0,19413.21,13.53,74,1757,88.41,25000.0,3.8,4.6,0
152312,8539.69,16366,14,3978.62,6.87,100,3500,361.66,15178.39,6.0,6.1,1
102493,4532.81,7748,5,17205.23,3.04,144,1422,252.64,21613.36,1.0,9.9,0
135149,7648.84,20329,2,14348.41,2.48,107,3500,376.03,19543.93,4.7,9.7,1
239416,7709.19,2703,2,15706.06,7.15,91,495,329.81,15329.98,2.5,5.6,0
212435,9051.6,19718,6,6357.21,11.46,109,3500,370.57,19097.72,7.4,1.9,1
173834,9325.04,2979,12,6469.89,14.96,113,991,297.07,18185.57,3.0,7.3,0
280403,6901.75,21740,12,18214.37,11.83,85,3500,244.56,21745.4,7.7,3.4,1
191211,4975.42,10886,0,7836.81,13.17,49,2322,184.98,18213.81,3.8,7.0,1
400919,10293.23,934,0,2197.29,11.24,116,247,369.11,7830.46,9.3,4.2,1
286993,4753.59,10730,13,12411.34,13.44,64,1975,202.57,21424.56,5.0,7.5,0
353912,6828.85,2206,12,3371.54,1.24,75,561,368.74,11414.22,8.6,4.3,1
378252,5713.15,6225,9,16135.33,13.96,17,854,304.41,20898.23,6.7,9.5,0
361853,10478.32,18788,2,13193.18,6.01,82,3500,431.33,13289.34,9.8,2.2,1
327013,6035.14,23902,13,17619.8,13.83,129,2937,280.38,25000.0,7.7,1.6,1
399032,5554.04,4459,7,15911.91,1.23,102,319,185.73,25000.0,7.5,8.0,0
73095,8743.15,15021,0,3130.16,10.76,95,3500,422.93,14818.17,3.4,4.6,1
127886,7825.63,11643,15,8240.34,11.06,93,3500,234.93,12556.18,5.5,5.2,1
343054,2626.09,7325,9,15716.64,14.95,103,496,150.69,18337.98,3.6,9.4,0
489926,6835.77,6847,12,8929.49,11.56,77,813,298.21,16595.1,1.2,6.3,0
295711,9222.52,13341,3,19474.94,5.8,74,2642,331.11,25000.0,7.4,6.9,1
45292,11916.79,23040,8,14979.07,8.4,43,3500,466.23,25000.0,3.1,1.2,1
84813,8106.04,3213,13,1294.5,5.56,31,358,267.53,6531.68,4.6,7.0,1
107136,5388.08,12061,3,17719.73,3.02,44,929,160.94,24072.18,3.6,4.5,0
61631,3874.59,23078,9,2915.29,3.8,127,3500,75.43,13742.97,2.8,5.1,0
19885,10664.72,13287,7,3669.95,3.41,35,3500,464.96,7879.06,1.6,8.3,1
462875,10052.93,7012,6,14955.36,8.28,135,495,462.38,19261.38,4.0,5.7,0
195378,3956.19,23751,2,17434.4,13.6,19,3500,50.16,18384.69,1.7,9.9,0
338458,3606.64,20611,6,11190.64,13.7,74,3500,236.18,20038.28,5.9,8.2,1
337231,9008.94,11096,14,6491.94,0.92,15,1101,359.76,18422.76,1.2,7.6,0
432381,4807.0,20430,6,7675.0,1.29,34,2672,206.77,19547.95,9.5,6.3,1
462145,4717.19,15682,9,7514.9,3.75,39,3460,115.07,16723.08,9.7,4.7,1
470244,3099.05,19187,2,7206.88,3.9,116,3500,190.0,12278.48,3.7,1.5,1
368142,4271.74,20565,1,5615.28,1.51,47,3007,180.88,15085.75,3.3,1.2,1
59812,5988.83,24736,14,12568.47,5.89,97,3500,296.49,23290.24,1.9,1.4,0
191572,9194.8,3721,8,18107.7,8.86,123,670,428.83,24622.29,9.1,9.6,0
482367,5031.23,21258,14,6834.57,8.71,7,3500,267.99,12835.25,6.3,3.9,1
330787,4950.35,1582,0,4547.19,8.2,94,129,165.6,17595.19,6.5,7.3,0
54900,4491.59,9137,13,16932.98,5.15,82,2100,169.27,25000.0,9.1,6.3,0
446162,6521.98,13623,6,15093.88,10.63,87,3500,230.29,25000.0,9.2,6.1,1
411067,3396.69,13542,3,18685.9,12.41,89,3500,180.62,25000.0,8.5,6.2,1
288432,6599.12,14633,1,4144.87,5.26,128,3500,280.61,10435.46,8.0,3.7,1
82692,8893.84,18476,14,3740.77,1.37,81,3214,409.21,16167.92,8.9,9.0,1
470796,1812.8,6108,1,11287.16,4.52,109,1121,128.15,18444.27,8.9,9.3,0
410584,1602.68,6026,7,12674.24,2.15,57,997,40.0,12635.46,4.3,6.8,0
357580,2288.79,22063,6,10123.3,7.06,48,3500,159.09,18364.51,9.8,8.8,1
237208,7124.43,6972,11,12380.37,2.42,50,1965,332.52,18022.34,7.4,1.5,1
56403,10471.78,3275,6,4427.22,7.0,41,1002,400.41,9118.79,4.3,1.9,1
101170,1551.29,16328,4,10112.66,3.39,42,3020,79.54,22705.11,5.0,6.0,0
281312,11334.94,12508,13,13503.76,11.11,113,3440,447.21,13518.93,7.2,8.6,1
489713,2615.92,18474,15,9221.42,0.51,113,3500,135.44,21673.54,4.2,3.8,0
322023,10340.83,22888,9,13909.5,8.37,92,3500,395.06,15198.07,8.4,5.9,1
69871,6569.98,15555,7,9572.63,2.63,15,3500,286.75,14558.95,2.3,1.1,1
492604,8423.25,24114,13,7338.39,0.11,97,3500,340.3,13294.77,9.2,9.9,1
42174,6862.17,19115,1,6768.5,13.05,68,3500,252.88,16918.07,3.7,7.9,1
240823,6509.01,5618,1,8807.14,10.11,130,646,269.87,11848.63,2.4,4.3,0
233563,10266.44,23338,4,1438.7,1.57,116,2266,545.98,15970.28,8.7,9.8,1
147653,9436.81,8460,14,13701.98,9.99,109,1740,343.2,22698.74,3.2,1.8,0
120155,6575.72,18445,0,17057.01,9.21,66,1989,250.53,25000.0,8.6,5.2,1
343997,2672.18,12964,5,7737.91,7.15,65,3022,73.48,9573.9,3.7,1.5,0
336190,2711.73,20530,3,1874.63,6.35,94,3500,80.31,9691.76,9.4,4.0,1
321822,9916.16,8096,5,19748.74,13.32,16,1762,437.44,25000.0,3.0,3.0,0
298793,7058.6,7740,6,6010.27,3.75,141,549,318.14,10319.07,1.6,3.8,0
137795,6556.69,5442,12,3405.8,6.03,78,421,261.97,6614.63,9.4,9.5,1
98668,8645.95,20122,2,8025.3,5.0,111,1892,397.15,14730.37,2.5,4.8,1
223397,10517.84,14036,15,15032.58,11.59,134,1489,460.39,25000.0,9.5,3.9,1
155639,8103.17,2100,10,6584.42,13.76,140,750,316.01,13595.81,8.4,6.8,1
483620,9509.9,6200,12,11919.36,12.76,120,1013,303.7,16798.33,1.7,7.2,0
362050,9535.34,6571,7,8895.64,11.99,47,970,422.9,17570.05,5.0,9.9,1
249141,5240.75,10748,6,3237.52,14.8,150,813,218.11,16769.51,1.7,5.9,0
106019,4377.87,13023,12,7275.45,10.49,43,3264,176.23,8458.11,4.0,7.8,1
465160,9912.22,17593,0,14772.54,11.29,35,3500,373.19,15812.17,4.2,4.4,1
350146,5460.38,19855,5,12628.07,14.74,146,2236,255.65,13828.26,6.4,2.5,1
38803,10985.03,17677,6,3275.79,0.2,68,3500,456.83,5729.96,9.8,4.9,1
159302,2231.75,19983,15,4103.13,9.55,107,3500,77.43,9209.88,2.5,4.8,0
158934,2111.28,11547,13,13173.93,11.11,101,1491,40.0,15520.16,4.0,4.8,0
446571,11233.54,22914,10,16454.89,13.78,48,3500,502.74,22296.9,6.3,7.3,1
434475,8308.78,6265,14,7640.02,13.27,101,1237,362.6,12366.78,2.5,4.7,1
240147,5485.79,526,3,12310.9,12.65,6,100,232.2,17116.42,7.4,9.6,0
490661,9428.13,7193,13,4242.23,14.19,40,2196,244.29,17638.02,4.6,9.8,1
40795,8559.43,22206,1,6916.15,8.11,59,2060,340.48,9556.44,9.5,5.7,1
280914,7077.61,22835,15,1385.13,0.2,118,3500,271.04,8158.05,6.7,6.0,1
21093,2538.17,19985,9,15597.24,0.26,91,3500,70.6,17819.86,4.3,4.7,0
449787,10027.89,7109,8,8619.19,8.22,73,1426,438.83,16034.51,7.5,4.2,1
403409,10593.24,9814,15,16506.39,6.59,115,3125,459.47,24777.48,8.5,9.9,1
372455,3307.77,16758,6,14459.09,6.82,84,2102,154.15,24188.11,8.2,1.4,0
289713,10430.37,5809,15,16746.14,6.07,44,528,469.11,22095.77,3.4,4.7,0
283334,10717.4,511,0,6427.51,13.77,28,125,377.58,18255.92,4.8,2.4,0
334968,7269.0,24654,7,4517.07,5.45,121,2765,268.08,15819.64,5.1,7.5,1
183824,8389.88,15889,14,19466.21,12.86,108,1311,339.33,19614.02,4.5,2.8,0
173399,5513.49,22297,2,14629.23,13.55,66,3500,189.44,16893.96,3.8,9.0,1
314214,4458.81,14171,3,16846.8,7.54,11,1784,214.71,24209.81,7.8,4.4,0
489141,9080.82,6274,11,1249.53,6.76,42,1056,337.12,15671.95,1.1,9.3,1
50197,10549.69,17063,4,7734.77,11.44,123,2353,486.91,13077.5,3.6,9.9,1
12261,8367.81,1296,0,15113.52,10.65,90,114,288.15,17078.32,2.3,7.9,0
497121,6871.7,7779,14,2481.67,5.0,90,1774,381.47,15284.02,2.2,6.6,1
167584,3168.71,7688,5,11779.46,1.63,95,524,228.21,14018.52,3.5,2.3,0
409932,2061.32,24196,9,9152.38,4.05,125,3500,77.72,18388.21,7.9,9.4,1
358939,6179.76,2524,5,1334.71,2.05,101,410,304.5,3513.01,9.7,8.0,1
301077,2018.17,8166,1,5483.54,4.49,107,2193,60.71,6633.58,5.6,3.6,0
145450,7478.01,3717,10,6411.05,4.0,5,1127,349.78,12999.21,4.1,5.2,1
50583,5518.66,7084,9,3125.34,9.6,49,1018,211.95,13035.29,8.5,1.6,0
384226,9450.49,5785,5,12999.2,14.32,68,1647,313.75,14251.01,1.6,6.9,1
357515,4709.31,7870,7,5605.56,10.32,139,2438,40.0,16414.92,1.8,2.1,0
170105,7726.32,18403,5,6274.77,13.91,74,2436,295.62,8693.39,4.1,6.9,1
427216,7145.68,23495,3,18066.53,11.78,79,3500,299.78,23391.43,5.0,7.0,1
121032,1549.48,7356,14,9875.34,10.95,77,487,128.5,13908.16,8.2,3.9,0
216940,2260.09,2932,3,8450.43,6.27,77,367,92.23,18539.64,9.3,9.5,0
314748,4548.87,23341,8,14753.55,4.94,59,3500,232.1,24256.36,5.8,8.0,1
471552,10763.47,5366,15,18282.66,12.71,50,634,407.84,17485.31,5.5,5.5,0
367218,3043.66,14066,5,1475.69,13.59,101,3500,104.88,5684.41,2.9,9.3,1
236727,8964.39,5554,7,9516.54,6.83,141,1759,411.28,21217.61,5.1,8.7,1
83869,11720.35,9608,7,12604.85,0.24,19,3341,345.58,17486.85,9.3,7.2,1
277554,9800.96,18954,6,7052.7,11.91,148,3500,392.69,13839.73,4.5,2.4,1
355519,4050.93,2281,2,15675.75,4.35,29,801,142.04,16724.91,2.9,5.5,0
197116,11037.84,18400,9,19458.06,0.25,103,3376,509.54,25000.0,4.0,8.8,1
204387,2477.63,11562,0,18925.12,12.09,81,1450,72.69,25000.0,5.6,6.5,0
368199,6415.49,12274,4,6053.67,7.81,11,2629,282.45,6869.26,6.4,5.9,1
212416,10819.19,22375,15,5300.43,10.31,38,3500,478.84,13399.89,4.9,9.6,1
410012,8233.29,22833,12,19192.32,13.73,62,3500,254.7,25000.0,7.8,1.1,1
96716,5843.27,16458,14,9713.94,8.16,82,3500,226.76,15368.09,6.3,1.1,1
64245,4574.54,20174,9,4957.66,7.6,27,3500,161.4,11644.71,7.0,9.0,1
53056,5438.54,21454,9,14432.94,4.43,149,3500,264.86,18477.87,8.8,1.3,1
420925,6843.89,10138,14,6403.99,4.65,145,3500,307.51,7497.96,8.8,4.0,1
260736,4849.96,1879,1,6077.69,11.97,126,394,182.34,17135.84,2.8,9.3,0
330701,11674.16,10175,11,17705.73,6.79,31,1383,414.6,22102.79,6.6,7.2,1
289687,11297.32,24554,9,4087.1,2.54,70,3500,503.8,12173.53,7.4,6.8,1
440634,10642.05,10766,12,2223.47,1.51,105,1736,422.3,7102.68,2.3,6.9,1
235683,5929.21,17684,1,6114.54,7.15,136,3500,156.25,17085.17,8.6,3.9,1
368182,8758.67,15695,13,12531.96,7.03,98,1209,273.73,22344.3,2.6,5.8,0
419940,10979.71,11429,6,3338.67,9.84,71,1825,461.07,11858.91,8.2,6.7,1
275972,10429.51,5767,10,9960.3,7.12,146,509,353.39,21728.4,2.5,3.8,0
126656,5850.43,20379,12,12919.41,2.24,15,1744,327.0,13842.02,7.7,8.2,1
27087,2680.05,3757,2,17126.0,7.67,44,967,60.35,25000.0,2.3,3.9,0
415821,2294.12,23442,12,5367.52,13.61,135,3500,91.75,13555.61,4.4,1.6,0
303481,7559.17,12569,7,16529.58,2.48,5,3500,310.32,18226.84,2.3,2.8,1
146554,8247.59,1481,8,5463.22,10.38,13,318,293.43,8090.53,3.4,4.7,0
337477,10423.35,11168,13,13858.56,8.95,116,1660,304.94,16999.94,9.9,9.2,1
495757,4571.41,18972,12,9182.8,11.25,77,3500,192.4,20478.35,2.0,4.7,1
491512,3258.44,19836,7,3178.94,2.34,128,3500,92.68,14782.2,4.7,1.8,0
192024,5479.56,12156,5,14571.01,14.13,80,3500,225.01,22043.53,7.1,2.8,1
146535,5212.54,19010,4,5137.49,9.35,133,3500,202.39,7284.24,1.9,5.9,1
253236,2890.92,21696,2,4355.85,12.72,148,2389,128.8,17897.48,2.0,2.6,0
80448,8558.97,8563,2,7808.14,3.77,98,2236,420.45,12217.23,2.3,1.6,1
14648,6841.27,20745,6,13412.51,11.12,76,3500,246.34,20621.01,6.8,7.4,1
402720,9071.79,22787,12,5445.93,11.74,50,3500,339.43,16797.07,9.2,8.1,1
305767,5203.26,19475,4,4489.57,6.02,142,3500,124.84,7318.78,8.4,8.7,1
462372,4919.87,10165,11,1189.12,5.82,106,1708,187.04,11429.85,9.8,8.6,1
45634,6462.05,20206,13,9961.22,9.9,45,3500,278.98,10388.82,6.2,4.4,1
447818,10712.78,6937,5,9144.27,1.49,26,1173,404.34,10638.68,9.7,7.6,1
386742,1922.95,10875,13,5443.49,11.06,148,962,97.74,15755.66,3.7,6.3,0
321478,9950.74,3361,5,2019.39,0.74,87,659,389.15,5631.58,4.8,1.2,1
340792,5374.37,13342,8,9155.86,2.94,79,3190,149.86,15090.28,4.6,4.6,1
32054,10473.5,18539,0,15975.9,10.0,18,3379,434.54,18009.04,1.4,1.5,1
80028,9923.13,18639,7,14590.36,1.57,137,3303,386.63,19148.27,8.5,1.8,1
32207,5161.99,6727,9,17355.1,14.58,15,2059,212.62,16887.94,1.2,1.5,0
483866,8785.7,21522,12,1182.07,13.04,51,1483,323.08,12759.36,7.6,9.6,1
240893,3176.14,11924,12,19361.97,9.43,14,1773,94.28,18517.11,4.7,8.6,0
91554,10910.96,10143,4,7486.83,12.3,65,3079,444.31,18882.35,1.1,5.0,1
162458,5747.16,10810,12,19817.56,13.32,115,3500,218.36,25000.0,3.6,3.2,0
93276,6284.07,19451,5,5799.77,3.97,49,3500,337.58,12055.43,4.1,1.7,1
462734,8910.47,15733,5,9959.19,12.76,51,3500,396.36,21231.68,9.7,4.9,1
324925,10118.82,13700,0,7724.63,3.0,122,1640,432.0,10599.41,6.9,6.4,1
193852,3981.6,20007,2,7759.45,6.26,145,2529,150.39,11646.89,5.9,8.2,1
202512,8444.18,22048,11,17003.36,8.42,27,3500,236.47,17385.3,2.1,1.5,0
447415,5615.98,11032,5,15181.96,10.74,40,3500,184.26,19105.96,4.5,4.8,1
333179,5371.38,23965,13,19850.88,0.55,80,3040,182.49,25000.0,1.3,9.8,0
18210,8745.27,21791,14,12656.78,4.43,113,1695,336.06,14218.78,7.9,2.1,1
54363,5565.42,10180,13,9801.88,9.17,88,887,220.95,20644.2,2.5,4.6,0
252247,5134.14,21846,10,2711.4,5.42,84,3024,238.17,12643.56,6.3,3.5,1
88279,10276.83,11119,10,19934.67,11.65,18,3207,424.73,18153.32,7.3,2.2,1
201420,2563.4,7650,8,11479.08,9.81,70,1629,160.5,23466.84,4.3,8.6,0
196356,8596.87,2266,5,14309.07,3.59,20,446,328.28,25000.0,6.7,7.3,0
213196,4111.62,4049,15,8728.11,2.27,47,952,177.32,21006.2,7.9,4.7,0
209919,1662.73,19193,14,11406.6,9.47,106,3500,83.7,17647.9,2.7,4.3,0
425648,3251.02,10134,11,18908.98,6.81,117,883,142.33,19992.06,6.4,8.4,0
267324,7869.95,2476,12,4161.97,2.62,13,665,378.89,10416.02,7.6,1.8,0
205161,8945.84,16060,5,6555.08,4.96,86,3500,398.02,15228.55,4.2,2.3,1
458614,1721.11,12665,0,3889.13,4.62,114,1571,40.0,10036.18,2.5,9.2,0
240363,1882.47,24064,8,16052.1,1.71,102,3500,69.58,24047.91,3.6,8.4,0
144393,10976.69,2990,15,2178.86,8.25,88,806,438.37,14085.57,9.4,8.0,1
353492,2269.71,12495,3,2551.0,11.48,47,804,198.37,6762.91,4.2,6.6,1
440599,10888.91,21265,14,6671.39,8.67,70,2753,419.07,12601.36,2.0,3.6,1
385960,3895.74,12519,1,10769.58,12.41,136,3027,106.71,23066.34,1.7,9.4,1
219754,9270.19,22871,0,8719.22,2.0,127,3500,392.72,12222.86,2.6,5.4,1
133053,4752.2,7925,2,1851.51,6.59,113,1731,214.94,7985.03,2.1,3.5,1
482406,10516.9,13357,2,19192.34,9.18,106,1731,416.99,17817.46,5.5,4.3,1
193965,8854.78,20503,4,19104.52,10.17,139,3500,343.18,21604.37,4.1,1.2,1
176892,5719.04,22944,0,6307.77,10.47,90,3210,276.21,11868.32,8.6,3.3,1
338406,2301.18,9189,6,14898.99,10.96,88,1625,49.37,15217.05,8.9,2.7,0
144832,9193.35,4476,12,11992.93,9.81,8,764,350.69,11613.09,5.3,2.2,0
163262,7977.29,14705,0,5512.06,1.5,128,3500,292.98,13889.92,9.0,1.3,1
77411,1530.57,1204,3,5981.26,10.46,24,105,115.92,10704.85,5.1,3.0,0
295521,1598.91,5952,5,10331.91,10.9,39,724,78.23,10497.24,6.8,1.9,0
449953,9992.33,13349,14,8965.5,14.9,101,1604,346.44,20351.68,2.5,1.4,0
472785,4223.7,6594,0,6533.36,10.43,18,610,120.72,14824.01,1.5,2.2,0
48211,8179.4,4181,6,16342.72,10.33,52,511,420.85,17299.36,2.4,2.8,0
223981,6269.25,21022,9,10147.8,7.77,33,3500,304.93,21366.45,3.3,4.7,1
275888,10566.02,18800,14,13442.11,13.03,40,3500,464.72,16050.31,7.8,6.3,1
266638,11128.09,10066,6,4596.2,14.95,46,2598,445.74,8633.75,2.6,3.9,1
297139,11966.48,8001,2,11136.65,11.71,33,1621,554.08,22539.56,2.2,2.3,1
158049,3113.68,2345,3,7041.54,9.23,139,178,69.38,9966.18,9.3,9.5,0
239010,10561.12,21538,5,11001.86,1.28,145,3500,460.09,22228.3,7.2,5.6,1
44542,4293.22,6913,13,15835.69,10.93,145,763,149.57,25000.0,5.3,7.7,0
20651,7703.57,24995,10,15609.35,10.66,146,3500,295.7,18514.59,1.9,7.2,1
109239,6810.61,8490,6,7730.19,11.66,138,2835,308.71,8631.31,8.7,3.6,1
351075,1688.88,10128,13,14191.27,1.96,148,2728,60.38,14426.47,2.0,6.0,0
236416,11294.1,13730,12,18884.51,9.84,45,1722,430.03,18531.48,6.5,6.4,1
374256,2322.43,19974,3,12887.72,4.51,116,3091,68.14,23890.56,7.0,4.2,0
288859,8726.3,18254,9,3819.79,11.43,89,1261,249.73,10308.3,4.6,7.0,1
447625,9742.57,18812,10,13914.46,3.68,112,3500,427.86,13554.45,9.2,8.1,1
165378,9850.52,2136,8,2993.18,10.29,148,521,343.69,11629.67,1.5,4.3,0
160158,2922.69,23064,8,17570.1,4.5,9,3500,209.83,18759.98,8.4,1.1,0
417592,6199.48,18727,8,10816.55,0.23,14,1185,233.6,13709.88,6.0,4.1,0
333494,10209.0,15207,15,8317.67,9.54,39,3500,473.83,10745.08,6.5,2.1,1
343569,4678.13,17715,11,2083.13,1.79,35,3500,96.67,13572.78,9.9,2.4,1
439852,6411.36,6038,9,8234.89,9.92,124,617,293.03,8595.88,6.2,4.3,1
358264,4364.34,22199,5,18160.93,13.89,83,3500,224.0,22235.54,8.2,2.9,1
387033,6367.29,10817,1,1398.68,14.54,143,2721,319.87,4248.27,2.4,9.4,1
454865,10822.3,12954,1,10018.31,3.62,13,2704,356.49,17195.52,8.3,6.9,1
437826,6278.8,15949,10,18692.0,12.16,48,1508,216.02,21451.5,7.8,5.7,0
151130,7337.08,8955,3,8501.98,5.37,120,772,322.31,9170.15,9.7,1.1,0
265948,5741.75,22211,8,9135.34,13.52,148,3500,237.09,15300.94,9.4,1.9,1
346781,6331.23,15559,2,11992.64,11.83,124,1662,267.92,19011.72,2.9,8.1,1
481249,1659.33,16130,5,9795.81,1.2,57,1801,48.36,13056.15,5.2,4.5,0
342338,4479.33,1786,1,4203.43,6.17,69,552,256.71,15314.4,9.2,1.4,0
349061,6084.11,2029,14,1352.56,5.13,74,494,373.79,7905.68,6.8,8.4,1
74200,8154.87,10500,0,12586.42,11.8,50,2535,331.39,21810.64,5.2,3.7,1
115848,6225.55,7155,15,18495.33,6.21,125,1458,271.69,24323.47,2.0,4.5,0
116022,5047.08,2377,11,3020.92,10.3,125,548,204.7,15717.03,4.2,9.8,0
187691,5575.04,10441,4,5008.1,9.08,37,2511,287.2,13116.5,7.0,1.1,1
420370,4044.08,22315,7,8034.36,14.64,85,3500,203.22,10840.64,8.0,7.5,1
422755,11207.19,19362,9,16366.1,14.07,59,2457,394.97,25000.0,5.0,9.5,1
266453,6978.3,13555,9,6115.95,6.47,102,1686,248.5,17072.22,1.5,1.6,0
332202,1640.8,16984,1,17759.03,10.88,114,1311,40.0,25000.0,6.7,8.8,0
72068,1704.19,3587,9,2044.2,12.46,129,924,202.91,4851.92,9.3,4.7,1
480529,11716.1,6328,8,18878.18,13.49,95,1422,500.41,24788.55,5.5,8.9,1
372076,3825.23,24309,11,11654.19,1.12,42,2270,123.22,17715.05,9.4,3.8,0
171445,9958.89,19175,7,13516.78,4.6,141,3248,364.58,21534.76,4.2,9.8,1
174226,2111.89,22351,2,7986.1,4.87,41,2539,124.74,21131.22,9.0,6.8,1
147103,11172.21,17577,0,15857.89,6.57,9,2803,492.13,21605.85,8.1,6.6,1
234605,10681.38,22670,3,4164.76,2.62,86,3500,467.16,14246.41,9.7,8.3,1
213047,7496.48,5906,7,1929.32,7.49,114,1565,278.58,8057.23,8.1,4.9,1
294929,1594.49,11932,2,8514.82,9.98,144,743,79.07,12698.47,3.9,3.3,0
482144,4207.01,3991,9,17220.22,7.51,64,542,173.83,20135.03,9.1,3.4,0
259768,5771.64,13858,11,15343.61,10.02,10,875,184.05,14776.79,7.0,4.0,0
169741,6330.67,13854,1,10825.96,1.09,31,3500,206.9,14362.4,2.5,6.6,1
104475,4625.63,3892,6,11870.62,13.15,59,782,205.62,13744.8,1.4,8.5,0
12282,1845.95,2768,3,3467.96,14.09,147,992,83.66,10720.93,4.3,5.5,0
175696,7696.34,6132,5,16972.95,9.31,68,1717,335.52,21569.08,8.1,4.6,1
189510,7003.62,4283,4,15952.23,13.23,21,922,319.7,24709.77,6.6,8.1,0
230972,4471.51,14979,1,13472.94,2.06,7,3500,253.83,19308.14,5.7,3.6,1
339678,1898.75,15887,9,9857.63,11.98,14,3500,40.0,15906.16,1.0,7.2,0
172777,11943.24,22857,1,19324.73,1.88,67,3043,509.24,20470.93,4.9,2.0,1
441460,6560.85,6469,13,17701.61,6.18,93,1417,299.89,25000.0,2.4,2.0,0
347108,9438.04,9481,8,13244.18,4.92,89,2150,361.92,13778.36,5.1,6.8,1
178509,6249.3,21532,10,8064.22,8.83,108,3500,256.07,21221.22,9.9,1.7,1
218944,1953.29,21823,9,12742.42,4.59,141,2483,63.8,18382.91,8.9,2.4,0
478094,4750.81,9350,1,11933.38,9.6,36,1188,295.46,13964.53,3.8,6.6,1
129006,4861.16,24908,7,8490.6,5.57,7,3500,199.69,13398.74,6.3,4.9,1
246440,10302.71,24741,7,6826.81,12.93,113,1561,434.68,7661.26,5.5,6.1,1
214054,8369.41,15672,0,8733.21,9.54,144,3500,321.58,11151.36,2.2,9.8,1
322727,4392.01,17902,0,11904.32,3.31,97,3500,151.7,15882.87,9.9,6.7,1
310536,11661.27,18837,12,9134.56,5.11,107,3500,401.35,16515.05,4.8,6.3,1
17461,4876.19,4157,3,6007.92,12.73,101,963,250.04,8489.59,5.6,4.4,0
110123,11981.46,21730,1,15458.3,5.86,72,3500,517.68,23154.16,6.8,6.7,1
282660,11959.72,19180,11,11097.88,8.08,149,3500,463.33,21853.9,2.7,1.1,1
482501,3507.71,17658,14,2285.83,9.77,136,3100,95.29,11269.08,3.0,6.0,1
158586,4783.78,19695,0,7998.01,5.28,97,3500,200.35,12258.13,2.7,1.6,1
393395,6603.46,10072,8,17813.36,4.48,21,1691,239.25,17828.79,4.5,3.0,0
439484,8473.06,3682,12,15349.49,7.18,26,1165,327.82,14481.55,2.8,6.1,0
493702,7044.5,13479,2,7141.69,3.3,15,3500,218.6,17226.78,9.3,7.0,1
241496,11679.14,8367,13,18825.48,4.33,33,2767,478.02,25000.0,7.4,4.5,1
177860,9101.89,15655,13,2455.46,1.02,24,965,375.93,10156.05,9.1,4.8,1
216821,3726.47,13506,13,19263.46,4.63,9,2019,203.79,18736.71,8.6,5.5,0
202121,2603.52,4829,0,5668.4,4.88,38,484,96.6,9226.05,7.3,7.8,0
334637,8728.21,23051,1,1172.79,14.43,144,3500,332.45,13535.47,3.2,1.2,1
46027,3163.75,3597,7,9242.35,8.89,32,750,48.71,15631.95,6.5,5.0,0
365691,9770.61,1904,4,7820.44,11.83,102,260,445.87,20773.18,2.7,1.1,0
183921,4765.89,5601,10,11242.69,0.78,10,1552,235.28,23993.79,2.2,3.9,0
372271,4932.38,1869,6,16138.68,1.69,23,263,198.73,25000.0,6.7,5.7,0
158930,1613.38,22381,5,17006.19,12.24,16,3500,40.0,18961.34,6.6,1.7,0
225234,8860.62,7165,12,8623.37,9.39,29,812,293.7,11903.19,2.4,5.4,0
89003,2689.33,18948,15,9167.07,2.95,17,3224,80.22,12630.9,4.2,9.3,0
193467,9615.25,3265,15,3815.38,6.13,80,805,432.87,17880.51,1.6,7.2,0
49758,6664.61,19701,0,1903.4,8.13,7,3500,281.1,7882.15,7.4,8.0,1
326456,9734.94,24675,5,13183.08,12.67,28,2058,314.73,21730.27,9.9,6.2,1
340814,7631.23,1216,10,2224.31,1.0,12,382,325.46,16246.68,7.7,9.1,0
92279,2365.55,14350,6,14942.77,8.99,116,3436,52.66,24608.97,8.6,2.3,0
25434,9539.35,20924,3,11242.71,10.78,124,3500,355.46,18763.02,5.3,5.0,1
205119,2232.89,2211,7,4773.08,14.67,127,708,137.9,8015.02,1.9,6.4,0
450991,6526.37,22251,7,11250.94,12.13,94,3500,299.33,13274.95,7.5,8.9,1
347913,3309.67,6761,6,4476.96,4.22,49,2253,187.04,11983.07,3.3,3.8,1
255754,9399.52,16892,15,9336.01,10.67,5,3500,374.82,21844.09,4.5,1.0,1
338821,11071.71,21002,10,16191.65,11.47,7,3500,487.02,25000.0,7.3,9.8,1
93555,7318.32,6586,14,9776.47,10.97,69,2076,263.43,11981.67,9.1,1.2,1
138379,7035.05,23267,1,3825.29,12.32,19,3500,268.52,8800.59,5.4,2.4,1
226992,9521.61,14862,5,14752.74,13.57,54,2984,364.55,21456.74,9.7,4.8,1
249511,1553.33,11723,5,4548.6,1.57,135,1449,63.33,11845.48,5.7,5.5,0
186806,11136.47,16720,11,15032.45,1.66,147,3500,381.13,15577.68,2.1,8.5,1
373809,3573.21,13892,14,10107.69,11.97,128,3500,131.68,14887.15,5.7,5.0,1
491719,11833.25,20551,11,9621.09,3.86,41,2970,545.91,22108.16,8.7,5.9,1
443819,9230.67,2746,6,17177.27,0.97,110,446,314.6,25000.0,5.8,2.8,0
479924,9629.64,20510,5,14463.47,6.08,107,3500,318.72,20843.31,7.7,6.1,1
485142,8390.13,3322,1,1625.31,12.32,125,676,273.17,11558.64,5.9,4.1,1
78803,6452.46,17734,7,6627.31,1.99,103,1498,391.19,10186.63,5.9,1.9,1
442548,7502.09,17991,14,17547.49,10.11,150,1843,323.33,25000.0,3.6,9.5,1
363847,1987.23,17183,3,1348.2,0.15,21,3500,65.98,3761.01,2.8,1.7,1
293456,8051.57,24986,8,11359.82,1.74,52,3500,325.48,13956.72,3.5,7.1,1
234448,8074.03,10169,7,14828.69,5.33,30,2159,334.34,13939.44,5.0,9.2,1
487742,10857.61,22284,13,12815.27,1.35,26,3500,402.28,17266.33,8.3,2.6,1
185251,6809.39,1582,2,15450.11,12.7,129,451,246.51,25000.0,8.5,3.1,0
212514,2310.02,11648,2,14788.15,12.97,68,1282,84.52,25000.0,2.5,4.8,0
255404,4715.06,8667,7,14148.58,11.36,86,776,152.36,21999.69,6.0,3.7,0
127961,8384.11,10057,1,16609.26,3.71,72,2387,315.52,24970.67,4.7,7.8,1
312523,4012.22,19684,8,13268.12,7.9,149,3500,178.14,16030.24,6.1,4.0,1
27297,4445.54,12228,3,8645.95,2.84,143,1280,127.96,15681.09,6.8,9.9,0
274155,10114.92,4451,14,9966.27,4.29,9,764,535.09,19548.53,3.5,8.7,0
130234,7635.36,15177,5,14617.77,7.79,125,3500,343.07,20158.8,9.3,9.1,1
54014,6839.54,16469,2,17649.81,11.05,61,3500,210.08,17270.95,9.4,1.6,1
253166,4843.75,9467,2,6172.16,1.51,78,1858,69.85,16568.96,1.9,2.6,0
414954,9174.74,7268,2,7499.46,4.52,89,609,332.61,10853.91,7.3,2.5,1
366477,4521.04,18336,10,18684.05,13.91,124,2518,215.06,18217.31,1.3,7.0,0
188570,9239.17,18565,12,11991.72,6.49,18,2411,394.09,17808.13,1.4,1.1,0
268864,2236.07,14539,9,4400.27,14.09,76,1915,83.9,6490.13,9.6,8.3,1
283264,10577.68,2803,11,13610.21,14.87,133,583,393.04,21070.94,7.3,5.9,0
411983,6745.45,15663,13,19824.48,7.95,148,3500,224.61,25000.0,3.9,6.1,1
294996,6104.33,7657,13,16645.62,4.39,30,741,224.04,18653.62,7.0,5.8,0
351383,7915.75,18735,13,15169.08,11.88,53,3500,266.01,25000.0,8.6,5.8,1
404145,8054.02,18781,11,4952.89,2.47,107,3500,302.22,16680.18,8.8,2.8,1
218559,2886.37,16629,1,17646.66,3.86,70,3500,182.0,17541.96,1.2,3.5,1
101575,9440.45,22709,7,10989.99,11.79,57,3500,339.06,20522.65,8.4,5.4,1
105040,4397.25,10019,15,17896.51,6.56,13,2489,206.43,20907.18,8.7,7.1,0
158510,11002.1,744,8,7266.73,3.1,73,252,478.26,17567.13,6.4,3.4,0
189587,10087.43,9448,14,2178.97,9.8,44,1378,349.52,14153.51,5.3,8.3,1
15744,5135.79,9515,7,10043.54,11.02,137,1256,163.26,12002.75,2.0,8.3,0
224892,9981.26,11519,14,6126.91,1.96,60,2476,452.7,15505.47,3.2,3.5,1
445633,5242.1,20691,9,14589.36,4.23,115,3500,163.4,24886.98,5.4,6.0,1
410285,2559.95,3279,2,19185.02,3.4,9,420,99.52,21551.87,8.8,4.1,0
314503,11599.83,18730,6,14128.51,5.76,73,3500,565.99,14347.08,8.2,2.7,1
160871,8352.32,14223,10,17851.74,11.48,56,980,383.08,16635.87,5.5,8.3,1
370890,6289.05,23905,9,9607.46,10.73,77,3500,255.82,11115.98,8.1,9.9,1
234834,5676.62,13303,1,15661.17,9.97,102,2623,269.1,14583.61,7.9,6.1,1
130906,4909.41,17357,3,17017.83,0.19,19,3500,193.58,19864.56,6.2,9.2,1
211260,11805.2,21015,11,14506.64,2.22,69,3500,523.12,17496.58,3.0,6.8,1
230931,2914.85,14198,12,10647.77,3.43,75,3500,40.0,11952.65,4.1,6.1,0
263593,4805.45,2292,13,12891.46,4.15,115,368,185.25,20777.7,2.5,5.3,0
248746,6597.73,15876,12,14309.63,2.28,10,3500,159.59,25000.0,1.1,3.1,0
17597,6519.0,18618,5,5808.6,6.21,144,1480,268.83,18358.92,1.7,1.8,0
319237,6449.35,13617,10,16382.01,1.22,81,3500,246.17,18392.67,7.8,5.0,1
440442,3345.73,7715,4,19056.17,11.28,119,1514,201.87,25000.0,1.3,6.1,0
213199,3021.79,24113,12,9839.55,11.84,117,3500,156.46,22050.86,4.6,5.6,1
386794,4175.06,5688,8,14320.28,8.66,81,1689,140.7,25000.0,9.9,7.3,0
494585,11102.52,16518,9,15003.49,1.44,134,3500,423.79,25000.0,8.2,2.7,1
218434,2687.06,15201,3,13582.7,13.36,99,1344,126.52,23090.02,7.8,4.2,0
167489,9452.96,5781,4,11395.19,14.49,65,1773,349.49,14925.04,3.5,4.7,1
421909,9454.26,22742,3,17751.31,3.12,143,2825,376.55,17287.37,6.8,2.7,1
482890,10002.59,1444,13,9529.61,10.6,105,100,465.94,15965.34,5.5,9.2,0
393100,10809.46,2011,12,2160.96,12.64,38,252,390.92,4441.05,6.6,7.1,1
125598,4261.88,20965,13,17046.57,8.14,99,3500,148.09,25000.0,4.9,1.8,0
260100,3857.87,13218,7,13805.64,4.92,107,3500,138.94,17702.54,5.8,7.4,1
268589,6387.81,23002,15,17135.91,7.23,12,2889,413.42,25000.0,9.9,5.9,1
194233,4283.44,17742,12,3632.4,7.73,140,1666,201.75,14956.49,4.0,5.7,1
262388,9210.25,20444,7,1584.31,6.07,102,3500,425.01,8614.23,2.9,9.9,1
143241,8177.37,8869,14,18753.12,13.95,147,3150,365.5,18540.54,5.0,6.6,1
225164,10687.37,12620,2,3806.84,11.18,9,3032,469.26,8128.98,5.7,9.1,1
163124,2368.75,14221,0,16383.39,3.7,141,3500,118.43,23856.29,1.8,9.2,0
475065,11108.38,3115,5,16640.99,8.82,105,711,462.6,25000.0,8.3,1.9,0
214923,4580.16,18497,1,14465.4,10.36,50,3500,110.67,25000.0,4.8,1.1,0
18036,6652.29,16129,1,3493.98,2.19,108,3500,283.98,6513.29,4.7,4.9,1
41778,6105.42,3340,2,13680.57,5.44,84,746,238.8,14971.77,6.9,7.9,0
430950,9483.27,14551,7,17892.65,13.59,122,2692,406.6,16865.83,8.0,8.4,1
164245,5913.5,2274,2,9085.1,8.55,9,723,233.0,12652.82,9.9,8.1,1
171475,11407.31,13762,15,8856.82,3.33,59,3500,494.45,19759.33,2.6,5.0,1
469537,10976.61,4371,6,9414.31,1.93,23,432,486.06,12108.79,4.1,7.7,0
212747,10657.69,8773,9,2563.17,7.82,149,2048,280.7,11172.78,2.5,7.5,1
409560,2248.21,17729,13,17948.49,8.26,92,3500,68.23,22162.09,8.9,3.8,0
28800,10469.71,9908,9,17514.47,5.08,121,2180,325.92,20247.32,5.9,2.5,0
297516,9707.17,3760,8,19960.28,9.49,43,687,400.23,25000.0,8.7,6.6,0
333660,2586.89,3645,12,12118.48,1.12,129,935,88.44,18225.02,9.9,7.1,0
292682,2627.85,8302,7,15272.64,2.26,31,1171,172.91,18570.03,6.0,6.1,0
336062,2562.22,2763,0,4850.77,8.24,80,455,112.85,14835.68,2.1,2.9,0
418189,1618.99,8655,6,13683.05,1.02,131,3096,40.48,16586.03,4.3,3.5,0
343299,7260.66,1422,6,13344.92,13.23,126,357,337.35,21037.32,1.3,7.4,0
241312,11720.64,7195,7,18122.97,2.22,150,2316,452.92,25000.0,8.6,9.7,1
69500,6106.19,21172,15,16785.06,10.14,91,3500,219.35,24904.42,1.2,9.5,0
177647,7177.95,6258,9,18830.86,5.93,72,1600,306.8,22503.88,6.3,5.7,0
246527,11663.68,13076,4,17507.84,6.06,15,3500,547.2,25000.0,2.0,9.0,1
445477,4179.41,19514,9,17505.18,11.5,86,2852,209.85,25000.0,1.1,1.3,0
120659,10513.94,8316,8,2210.74,7.54,68,2088,448.9,8004.52,3.3,8.8,1
37716,7237.1,8056,8,17073.28,10.91,123,1911,427.03,24825.34,6.0,5.3,1
406452,7479.5,16725,7,12542.09,7.63,89,3500,262.56,17680.82,1.7,8.0,1
419064,5103.33,6430,5,8228.44,8.93,61,711,166.4,19223.54,6.5,1.1,0
12352,7396.64,12133,5,2073.78,11.43,41,1737,303.14,7498.93,7.0,8.8,1
143004,2268.0,23884,0,13875.8,9.15,125,3487,166.47,25000.0,9.7,6.4,1
348593,9528.76,4012,12,7235.83,9.27,34,965,334.07,15260.89,9.1,3.2,0
18556,4489.22,6566,15,9887.75,11.86,149,2310,267.3,14503.14,6.1,4.1,1
271973,10819.89,13707,14,13952.84,14.24,148,3500,360.84,18614.1,8.1,2.8,1
358980,5362.43,20606,5,18323.72,5.71,147,2641,208.44,21180.36,4.3,4.8,1
146570,2999.65,14822,13,16683.3,8.7,145,2245,128.66,17247.84,6.3,4.0,0
217190,8806.76,22532,3,9561.35,1.39,7,1596,308.14,10539.48,4.6,5.8,1
60098,3228.07,2560,3,8367.88,5.45,28,460,98.06,12877.43,4.0,8.3,0
467602,9413.65,14513,13,5555.82,6.24,63,3500,416.38,12407.63,7.5,9.8,1
384313,11665.18,19918,1,8076.11,12.55,59,3500,538.68,13164.51,3.7,3.3,1
150641,9685.31,2887,12,3109.88,7.75,69,378,281.68,4668.86,4.4,2.0,0
257199,1735.72,23892,10,19451.0,10.99,64,3339,78.44,25000.0,4.3,4.6,0
136060,7798.8,8531,13,11904.43,0.38,70,1077,306.29,13406.16,8.8,2.3,0
197954,8801.81,2299,3,3428.31,7.02,150,379,357.44,7485.72,2.5,8.5,0
211465,10167.31,21291,4,7703.31,13.53,63,3500,390.85,9732.38,4.4,5.5,1
140544,2088.02,3280,12,11393.74,3.44,57,833,40.0,17880.62,9.0,6.6,0
10340,6541.13,1627,11,11124.83,0.57,68,481,338.76,12136.93,1.1,2.4,0
185021,7121.39,7865,15,1674.56,6.56,125,1848,342.82,6672.29,9.5,7.7,1
92302,3275.81,15135,4,19065.98,10.6,123,2078,125.83,23125.0,9.1,9.8,0
465659,4885.72,8111,15,6232.14,6.87,34,1041,171.01,9165.93,4.8,5.3,0
232740,6122.33,13146,4,1307.51,6.95,22,824,214.42,8847.15,6.9,9.7,1
477243,10248.7,8035,3,2452.44,10.08,9,2365,280.67,8417.51,9.9,1.3,1
10138,11258.78,15004,0,12023.7,3.89,73,3500,468.04,22806.72,6.0,1.3,1
403574,8098.44,9864,13,3617.92,11.3,140,2865,362.95,15228.08,1.9,9.6,1
129619,5646.92,3308,9,1792.77,2.38,141,272,232.77,16341.33,8.7,7.3,0
478466,4167.33,13555,7,8212.9,6.0,124,3500,162.38,15446.17,2.2,2.7,1
357520,11812.42,4797,2,12832.46,9.87,146,354,479.17,19746.13,3.3,4.3,0
109931,11821.71,11709,1,3124.96,12.44,145,1073,430.21,16806.36,8.9,5.6,1
433870,11212.26,21443,8,6953.23,11.89,22,3500,423.51,12757.28,3.3,7.3,1
166951,9749.53,948,6,8937.45,10.85,72,192,381.66,16373.83,7.7,8.6,0
353676,4920.69,5508,8,4029.74,5.45,118,1679,231.66,10151.9,5.0,1.7,1
327922,10078.51,21777,12,10615.4,1.92,26,3500,472.08,17588.51,7.8,6.9,1
47772,5792.33,17677,1,2619.07,3.33,24,1874,220.24,5145.22,3.1,5.3,1
68478,4931.12,17320,15,1883.85,12.99,147,2214,145.01,13696.4,4.8,6.4,1
467569,9321.09,6512,15,10876.87,12.87,11,949,374.63,23510.14,3.9,5.6,0
36762,2336.37,22753,8,5710.04,14.28,102,2209,194.03,7422.66,3.2,5.1,1
154355,2009.91,2120,9,2812.1,1.23,109,310,40.0,14663.2,3.8,2.8,0
204994,6203.51,14084,8,9054.34,8.1,34,3500,292.43,12386.02,3.9,5.3,1
180492,6179.21,21192,10,18387.67,9.77,9,2806,313.97,19278.25,9.6,2.7,1
327712,10904.26,1448,8,14759.66,10.69,133,450,418.17,22821.54,5.8,1.4,0
357234,2824.61,20828,9,16496.7,9.69,24,3500,77.95,15771.08,5.2,4.4,0
292363,2794.48,9819,12,17566.37,11.57,87,1540,140.53,22075.21,5.5,1.2,0
329313,3048.25,17075,9,19479.93,5.46,68,3137,139.59,17602.72,10.0,6.1,1
84965,1812.23,12704,3,15501.68,2.77,122,3466,107.23,21608.47,6.9,1.7,0
187912,2253.18,12452,9,12559.75,3.15,33,2678,193.81,18054.86,7.3,4.9,1
185767,8428.63,18287,2,7943.09,0.28,106,1137,345.5,20255.75,3.8,9.8,1
246281,6031.64,18874,5,4451.22,5.32,142,3500,181.65,14924.51,5.2,1.1,1
94754,9517.83,1604,2,14046.54,1.47,35,128,384.05,14875.31,2.7,4.3,0
87988,11922.28,1048,10,19904.05,4.89,79,358,488.97,22532.26,7.2,7.1,0
461558,8419.86,12140,8,9879.82,9.46,34,831,400.15,22014.39,4.1,2.4,0
160023,2029.78,22645,2,14749.91,13.43,84,3500,71.35,23229.27,7.7,6.0,0
142379,2597.91,8403,1,10406.76,12.61,62,1852,83.46,18050.98,2.9,3.3,0
90388,10750.54,18668,7,9206.74,3.86,61,3500,361.46,16633.32,4.6,3.0,1
362912,7038.71,11113,5,8795.81,2.1,91,909,308.92,14211.93,5.2,9.1,1
307572,10160.79,17688,7,10587.87,2.98,127,2328,573.84,18077.92,2.5,2.8,1
249779,10494.43,9490,14,7971.02,14.57,101,2783,408.65,18408.45,1.6,4.4,1
364165,11240.58,11967,12,15226.69,8.29,119,3500,472.22,15839.34,3.9,2.5,1
390562,11473.21,24401,6,17611.17,2.82,41,3500,431.54,25000.0,5.9,3.6,1
216846,7325.67,23715,2,17774.82,12.63,62,3500,228.96,19331.6,6.9,3.6,1
180047,5080.71,23801,7,5326.28,5.99,32,1856,224.94,12081.68,4.8,3.9,1
142212,11599.58,4738,9,18022.27,13.5,41,1254,465.39,16713.12,5.5,6.8,1
428058,7247.77,20144,0,7489.47,3.98,10,2891,170.63,15146.07,5.9,7.7,1
298565,2174.65,4867,0,6876.85,5.96,66,372,167.49,12465.75,5.6,5.6,0
273852,8249.15,6151,12,14808.37,7.62,37,1598,350.76,17093.52,1.8,6.5,0
406846,7670.69,16704,12,6789.23,13.4,93,3436,310.52,20243.2,4.6,8.3,1
422811,10905.83,20255,9,2006.36,13.04,82,1288,415.13,9170.92,2.8,10.0,1
86021,8358.47,2593,12,8098.74,8.66,44,242,354.6,13864.84,5.8,5.1,0
169380,5165.05,4501,7,14707.85,3.4,123,1214,229.17,19786.62,7.8,9.4,1
54789,11645.37,23440,15,7212.21,6.11,46,1854,485.88,9279.77,6.2,5.4,1
458906,9917.0,8310,12,12961.62,14.64,141,2657,450.08,17479.55,3.0,8.0,1
36086,8119.38,11772,8,13542.27,9.16,22,1806,389.54,17207.07,2.9,6.2,1
289003,4575.71,5054,9,14940.98,11.74,19,438,283.31,19999.4,1.3,9.0,0
17684,5422.17,19401,5,18045.48,6.8,136,3500,175.04,25000.0,4.8,5.0,0
101088,8534.68,9197,4,9218.73,8.03,38,1999,312.72,11881.19,4.9,7.3,1
404423,2255.8,22689,1,4162.21,6.49,66,3449,108.29,13230.38,3.1,5.2,1
56099,4195.15,17980,10,7059.59,10.57,42,3269,128.85,8136.95,7.9,8.7,1
470712,8995.96,12871,8,9211.18,12.79,75,855,328.94,13487.25,4.5,9.9,1
76093,6540.19,9736,5,14563.94,7.66,27,2520,285.37,19795.7,7.0,3.2,1
170761,5725.13,14269,7,1249.32,7.26,130,2422,274.05,3965.08,6.8,5.3,1
320795,3090.31,7561,8,6999.92,5.17,24,2073,187.41,14671.52,6.4,1.7,1
23893,6139.41,19088,8,15817.01,2.74,57,3500,235.95,18687.84,9.2,2.3,1
76418,9592.27,4402,7,13746.3,14.09,134,1124,406.85,25000.0,1.1,9.4,0
135074,4272.13,1852,11,14903.06,4.81,25,552,183.02,22125.05,1.6,5.9,0
375209,1556.68,2096,9,16424.4,12.03,80,523,63.15,18313.8,7.5,4.6,0
140351,8519.3,9267,7,15881.48,10.76,46,1720,299.97,16039.94,4.2,7.0,0
201083,11712.58,23864,2,13961.48,11.88,61,3500,421.34,13698.54,9.9,6.0,1
48635,7871.68,1179,12,9353.57,14.06,126,113,348.2,10662.91,2.9,3.6,0
459331,2759.18,20596,2,19688.37,9.39,95,3500,68.73,25000.0,2.7,3.0,0
105071,4867.7,12520,1,11812.39,13.48,116,3500,105.86,22564.81,6.3,6.3,0
481621,10610.24,12596,15,4852.61,2.6,14,1686,422.82,7919.62,3.5,2.7,1
475918,3941.96,11885,0,6563.44,9.44,76,3500,230.44,12478.5,4.1,2.3,1
350662,7880.81,9009,15,14177.69,11.61,65,2132,175.49,17947.21,9.3,3.9,0
378377,5728.05,22185,3,18570.05,4.15,25,3500,214.71,25000.0,1.2,8.8,1
375795,3682.36,6234,1,4395.68,11.14,125,407,181.06,7891.36,5.8,1.3,0
82805,10040.77,16175,13,2564.58,11.7,90,2828,310.46,16444.82,4.0,8.5,1
462170,9299.73,24865,13,17749.09,12.48,145,3500,361.32,25000.0,4.1,6.6,1
431280,8446.71,22776,1,18390.28,4.76,52,1980,280.9,25000.0,3.2,1.4,0
394957,3981.53,20580,12,6251.21,10.26,13,3500,108.9,10606.77,2.2,6.4,1
351207,2527.5,13193,10,8168.43,4.63,117,3500,80.98,16175.05,1.3,4.8,0
274598,7549.67,24013,10,13543.57,11.11,124,3500,245.83,22354.34,9.9,8.6,1
293022,7313.62,19880,4,7268.67,7.0,44,3500,232.23,17057.37,6.9,9.2,1
192170,3478.04,24121,3,17666.02,9.0,80,3500,136.16,16410.32,8.0,3.6,1
203226,2090.59,24211,0,3044.0,6.3,68,1771,194.98,17412.96,1.6,8.1,1
154063,2347.44,7907,14,1721.66,2.51,98,2745,131.78,15442.11,1.1,3.8,0
78344,11924.1,12286,14,4961.24,2.75,74,3500,527.49,7525.77,6.4,3.7,1
377090,9727.63,3042,8,6435.67,1.26,68,805,428.97,14214.9,7.5,2.7,1
46593,11180.87,17562,13,3145.61,9.31,29,1575,412.36,8605.72,4.6,7.1,1
46304,3548.07,5866,3,2248.12,12.74,142,718,157.46,15224.12,4.5,3.4,0
433602,11585.97,22527,4,15356.55,0.41,40,2594,518.32,23353.0,4.5,5.2,1
196292,2997.87,7910,6,4121.25,1.09,143,1708,161.33,8202.72,2.4,8.3,1
123613,6845.36,10335,1,18364.52,6.92,25,1264,283.54,17131.81,7.8,8.1,0
210410,10211.8,14147,7,7991.99,11.09,150,3500,434.47,12186.24,2.9,8.7,1
497505,5172.94,6041,10,13741.51,2.45,72,1351,330.06,13488.99,3.9,2.4,0
424299,5960.7,17718,15,5282.64,4.15,45,1157,280.4,8063.15,7.0,6.3,1
28354,2845.94,10933,1,5566.13,3.56,19,3096,98.08,14722.7,1.0,9.2,0
294334,2790.68,11047,10,11919.47,6.05,27,1289,107.93,21221.68,7.9,1.4,0
16142,8005.47,10360,9,11652.22,3.45,138,3185,267.51,17406.0,9.1,8.2,1
431614,8593.09,22910,4,15605.86,5.35,116,3500,461.08,22288.43,1.5,3.2,1
193043,9661.99,11245,12,15398.45,10.96,56,1817,466.67,16345.27,6.3,7.0,1
314006,7345.16,24854,11,13743.07,9.2,141,1579,297.97,17112.79,4.7,7.5,1
194482,8280.47,7318,1,9533.48,1.31,119,2608,440.26,18894.27,1.7,9.3,1
160575,1641.93,14601,1,17922.17,9.6,48,3500,97.3,21081.32,7.1,5.6,0
135438,3202.79,5528,3,12828.99,7.21,12,1033,106.57,16797.74,6.5,8.6,0
58456,11841.61,16298,3,19813.77,14.03,103,1450,518.99,20372.92,6.8,1.4,0
110167,2297.93,11454,15,16568.03,4.41,55,3090,111.85,22987.15,8.3,4.8,0
354179,8627.28,21587,12,1841.89,10.92,103,3126,386.98,13997.51,3.6,5.0,1
280160,3348.87,13270,7,7091.28,10.99,125,3500,65.5,13775.81,7.1,5.8,0
274528,9025.55,9938,12,11865.64,3.4,94,3430,320.51,12994.52,7.7,5.3,1
203392,8912.9,18656,15,14707.92,13.56,34,3500,430.94,24665.11,2.5,9.7,1
418288,3959.09,19048,5,11456.39,7.42,143,3500,243.02,12093.27,9.6,1.7,1
112239,4331.16,7611,9,15936.48,10.22,35,698,244.0,20881.64,4.1,3.4,0
121431,8375.09,19719,7,6370.46,2.27,144,2839,445.94,10490.37,7.4,9.7,1
352162,5595.9,19549,15,4494.33,3.94,71,2658,252.7,17767.6,7.8,5.0,1
50510,3542.75,6613,12,2024.42,8.83,121,540,167.06,13207.6,5.5,6.1,0
190005,9182.64,3063,6,11892.96,4.85,9,1077,321.65,18877.68,2.2,1.7,0
293970,3118.55,16389,12,14083.39,7.55,81,1278,95.72,21947.53,3.5,3.6,0
340170,10484.26,8998,9,7196.84,5.67,16,2852,319.96,14682.93,3.1,1.4,1
131668,6904.03,8631,3,12658.1,9.64,63,2507,260.09,14045.29,5.7,2.2,1
252700,2609.86,3196,1,1990.99,7.36,69,552,40.0,12811.07,3.4,6.7,0
428734,8787.76,21571,14,2886.57,0.17,56,1416,405.56,10714.02,5.9,7.9,1
34045,6951.21,24205,8,14333.34,9.78,47,1497,297.47,21712.69,3.6,8.8,0
191948,4629.6,23897,1,7993.32,6.39,87,2896,83.88,8982.28,1.0,3.3,0
495662,5936.66,8204,0,13755.35,5.19,97,1708,227.97,14850.73,4.3,4.0,1
100102,4632.55,22455,7,16802.7,1.5,67,3500,283.68,23103.98,6.5,6.1,1
324063,4261.77,24220,9,17199.83,3.38,115,3500,164.19,21732.44,8.0,1.8,1
109441,3217.89,16942,14,4271.19,3.43,54,3500,78.8,8366.31,1.3,8.3,1
168175,5309.05,10265,8,10239.43,14.04,116,1778,123.09,13321.44,3.3,5.3,0
259877,4135.37,18024,0,14944.61,6.54,43,1949,77.63,22167.25,9.9,9.7,0
439404,8676.06,10502,6,15705.63,0.73,84,3151,373.82,15331.08,3.4,2.1,1
146917,8680.71,11890,1,15908.84,2.17,21,1900,325.53,20372.43,8.0,2.2,1
227770,6769.32,12168,5,5335.18,1.28,47,1777,253.22,13068.49,5.6,4.1,1
439890,9668.42,19446,12,4658.16,8.87,53,3500,365.25,9732.38,2.1,2.9,1
128325,10334.07,19736,10,12210.24,2.88,9,3500,406.35,22435.34,6.8,7.3,1
29337,7587.55,16744,4,15080.63,7.53,133,3500,242.14,14802.51,9.7,9.5,1
163385,7998.82,7141,0,7063.65,5.61,71,723,335.76,18906.1,9.0,1.8,0
430159,4470.3,1441,15,2989.4,12.08,116,304,107.68,13793.94,7.2,3.2,0
350093,10896.13,13315,1,14618.18,4.88,28,1170,398.05,19495.85,5.6,3.1,1
272420,1754.16,7041,1,6694.26,6.93,33,2452,120.71,19373.48,3.9,5.6,0
323295,5160.33,16124,15,4160.89,10.85,147,2009,225.22,14457.81,4.2,5.1,1
420827,9078.9,10466,9,3806.75,6.56,136,1248,397.44,17148.99,4.1,7.5,1
153016,2340.94,24314,9,6983.28,11.92,48,3500,201.16,13730.29,9.3,7.6,1
325031,3423.28,1921,5,12260.88,9.96,69,673,133.95,17697.35,2.9,6.2,0
91442,7687.5,6265,10,7809.64,6.22,124,1687,308.57,15147.37,4.4,6.3,1
59847,7379.93,17319,11,1392.58,7.61,130,1668,281.98,3964.61,4.9,8.6,1
68653,9258.75,17723,0,2841.26,14.51,35,3500,348.18,16083.43,4.7,4.6,1
227144,10032.43,4501,10,6519.56,9.96,14,1373,350.77,15895.97,1.0,1.1,0
263661,2850.09,13147,12,13534.39,13.58,15,3047,118.21,20856.13,3.4,2.9,0
328766,1693.0,5748,3,2871.79,2.76,86,574,85.47,16341.46,5.5,1.3,0
299954,8741.2,5459,11,11652.48,7.3,28,609,370.19,24239.27,7.8,4.5,0
87842,4664.61,18534,15,3277.83,13.64,43,3500,189.8,6746.38,6.1,4.2,1
394369,8072.83,22712,9,5020.69,4.91,123,3500,369.22,15753.51,4.5,1.9,1
282647,3080.72,19145,10,4271.58,14.52,80,3500,124.7,12956.55,7.0,7.8,1
94761,6424.92,22778,15,2277.34,1.55,54,3500,236.53,9814.84,7.0,6.0,1
440192,6796.46,23162,4,13755.27,13.55,11,3500,225.51,25000.0,3.2,3.0,0
398583,7643.32,4389,1,9804.67,6.73,104,1550,228.28,20897.16,1.9,7.8,0
283734,6888.29,23781,1,16790.02,1.2,85,3500,348.55,24489.77,8.2,7.0,1
151958,6704.75,1826,14,2878.93,13.2,72,479,233.24,9277.93,5.8,2.7,0
416082,4993.71,6401,6,3749.93,3.85,41,715,153.47,13658.47,2.6,9.8,0
338768,2247.39,3858,6,6822.7,0.43,87,372,69.02,14370.18,3.4,2.6,0
472115,2439.96,2085,5,15551.45,2.12,58,615,83.68,17682.95,7.9,7.9,0
173864,6054.67,14000,15,6809.42,9.92,94,3500,324.11,13302.49,6.9,9.7,1
412980,5235.83,12060,0,8759.96,14.67,35,3142,193.03,11766.72,9.5,7.5,1
266910,6919.42,22529,11,6730.47,1.76,104,2421,408.45,13889.84,5.2,7.0,1
130356,4700.8,17272,12,2524.26,6.98,97,2283,191.22,13382.5,1.5,9.1,1
227228,8723.06,16318,11,18849.24,2.79,93,3500,451.77,17555.79,7.3,3.4,1
52727,10571.53,19675,2,11422.24,11.2,127,2885,467.56,21087.73,3.3,3.5,1
350615,4638.06,3832,8,15968.83,1.86,122,1171,203.57,15034.99,3.9,6.8,0
18068,3526.33,17587,9,13508.78,3.67,51,2564,219.95,19531.63,2.8,8.9,0
126923,2719.9,22718,0,10770.83,3.03,150,3500,164.91,18071.86,3.8,6.6,1
410511,7970.67,3320,1,2703.89,8.33,7,1110,350.56,14059.28,8.5,9.8,1
444376,6160.49,15972,7,13211.94,13.11,22,1166,362.3,22462.93,6.2,3.0,0
21390,3474.17,24937,6,3952.04,7.72,62,3500,114.05,10588.55,2.0,8.4,1
116752,8357.94,5459,8,8873.28,0.97,75,605,284.57,9961.47,6.3,9.3,1
423347,3059.07,17943,9,12953.15,8.49,85,2235,88.55,21378.02,6.7,4.8,0
366898,7320.16,12866,11,15862.35,11.98,150,2547,380.42,21332.7,9.0,9.7,1
348113,7035.06,1801,14,14015.86,2.07,56,419,353.94,17542.45,8.7,2.8,0
156110,9209.39,11051,14,13759.14,1.18,47,1743,342.11,16060.67,1.6,9.6,1
455543,2078.65,24580,14,3831.8,2.9,71,3500,40.0,6622.3,8.8,9.1,1
234790,10822.67,21183,11,7576.44,11.22,93,2355,422.61,11898.0,1.5,1.6,1
349208,8881.41,22955,3,1815.33,8.92,139,1531,304.59,9412.63,2.4,5.7,1
31281,3769.32,4612,3,14670.06,8.15,115,1067,126.08,19944.97,2.0,5.8,0
64189,3425.76,24765,6,19099.13,3.82,87,3500,84.31,24854.91,2.6,1.5,0
272093,6032.43,13263,0,6018.1,5.05,83,3500,160.82,11526.57,8.2,1.4,1
320655,10084.44,12274,9,2666.24,14.49,89,3129,497.54,16091.66,7.2,1.0,1
132115,10350.97,17382,11,10035.83,3.69,25,3500,379.86,16474.97,7.2,5.7,1
18605,6964.79,9120,8,17277.27,13.53,126,1804,349.22,21330.24,9.3,5.2,1
372462,10538.51,7745,1,11487.51,8.75,32,484,410.47,11816.19,4.5,9.5,0
404597,1557.16,12331,14,1888.77,1.94,36,3073,40.0,11298.21,1.0,4.1,0
469850,1869.33,2605,0,19511.17,7.06,58,684,100.23,25000.0,6.8,6.9,0
291954,11074.13,10245,6,16744.35,14.23,127,2218,423.41,22978.25,8.8,1.1,1
259415,9640.99,22211,5,3500.29,6.34,91,3500,375.28,16338.99,9.8,7.0,1
165394,6232.41,6130,11,18514.16,12.96,44,963,256.54,25000.0,4.3,9.2,0
51869,9412.91,3706,2,9563.08,3.92,74,388,335.91,20926.74,8.4,4.2,0
42955,11534.21,24021,0,8066.06,8.61,28,3500,380.31,9225.34,8.6,3.8,1
71388,9606.94,19453,11,9760.01,12.67,150,2598,381.71,13943.65,2.3,6.6,1
251324,10344.9,3128,4,16856.87,13.82,78,616,461.99,19628.75,6.7,4.0,0
20207,9486.37,10568,9,13530.11,7.34,147,2193,334.38,21365.67,2.6,4.6,0
228401,3266.22,13894,13,2125.72,9.63,102,2823,138.35,9532.57,5.0,3.5,1
470844,10252.53,23648,3,19194.48,0.14,76,3500,485.38,25000.0,8.9,4.1,1
169292,3548.64,1567,4,3807.9,3.87,31,108,137.46,10043.92,8.1,7.1,0
487266,10872.42,18390,0,15165.79,4.25,93,3500,439.2,17013.53,6.1,9.3,1
215157,6315.82,19897,0,13086.59,1.49,135,3500,255.39,16251.64,8.3,6.2,1
32031,8608.26,15745,4,4563.03,4.27,25,2954,310.21,8022.53,2.4,1.1,1
473937,6721.03,10359,5,4243.91,4.88,125,1216,219.17,7967.73,2.8,3.4,1
352951,2486.9,7142,4,17536.22,14.53,43,600,50.01,18847.88,2.9,9.6,0
81312,4552.58,15877,1,8974.2,10.06,36,3500,200.51,9388.59,8.0,9.2,1
69766,11829.18,4566,8,13436.95,6.45,89,708,511.06,22058.7,9.0,2.0,0
153521,11587.5,1447,4,10577.35,14.82,13,186,503.75,15656.71,6.1,9.2,0
361977,4865.11,21273,10,14819.72,2.38,54,3500,175.68,14150.5,9.6,9.7,1
197771,11961.12,1671,10,10105.61,7.19,5,397,533.11,14894.59,7.6,3.9,0
247199,10378.29,16331,4,6460.22,9.74,8,3500,430.5,18937.96,6.1,7.3,1
484469,7915.07,6614,9,7904.28,0.93,8,1677,320.14,14969.6,6.5,6.0,1
246731,1921.31,671,8,17322.48,10.78,94,214,40.0,25000.0,8.6,4.0,0
245841,10965.19,22566,2,9892.66,1.59,19,2835,397.74,16933.6,1.8,2.4,1
121041,7353.01,13318,4,5055.54,2.19,113,3343,218.07,18560.82,2.5,4.3,1
126185,10619.0,9835,14,18757.5,2.48,36,888,456.11,19629.41,3.4,9.4,0
187164,10261.51,10551,12,16135.41,13.94,67,2367,415.21,18677.48,9.1,8.3,1
466887,10246.57,22740,11,2057.66,10.28,112,3500,356.26,12745.74,9.5,4.0,1
20350,8830.83,6709,4,19979.92,9.87,112,838,368.45,25000.0,4.2,5.9,0
237230,4559.86,10880,1,14203.61,8.38,18,1931,111.22,24091.75,9.3,4.7,0
373003,5029.68,4077,10,4045.07,4.46,27,1256,149.0,12434.22,5.9,5.2,0
271570,4738.93,8880,3,5506.19,9.35,115,928,154.05,7511.94,5.3,7.9,0
78487,1710.48,4576,10,14156.46,6.21,69,871,95.43,18062.1,8.5,5.9,0
158694,7616.97,657,10,15815.46,2.27,45,223,374.65,15775.9,5.9,2.6,0
133853,8837.75,8277,1,5541.68,10.37,30,1748,324.21,10480.0,5.1,3.4,1
473479,10465.59,19601,4,5882.41,2.03,52,3500,484.75,10070.23,1.1,6.1,1
325261,2971.74,8937,9,6835.29,2.94,148,2753,121.24,12519.45,1.1,7.2,1
245062,7213.92,11595,12,12362.35,12.28,36,1405,300.36,22774.48,6.6,5.6,0
461610,1584.09,15779,11,4264.51,9.94,142,1980,60.17,7366.5,1.7,6.6,0
243077,2498.48,19679,1,2980.62,9.5,86,3500,90.07,8363.33,7.6,8.1,1
373228,2069.22,7700,9,13898.42,6.33,113,2202,104.73,16513.26,6.6,5.9,0
33782,9117.52,24412,14,15802.86,6.0,7,1905,401.72,18492.13,5.1,9.8,1
300598,2351.13,19261,13,10517.66,10.38,66,3019,49.81,15102.23,7.4,3.1,0
340048,9022.76,15347,8,7912.82,11.13,83,2756,351.45,11506.31,9.9,9.3,1
139936,4121.06,9541,9,9208.81,7.7,14,2945,248.31,21620.6,3.2,3.2,1
418808,10715.99,2310,5,8379.75,14.54,146,431,437.5,14165.12,6.0,5.8,0
163245,10038.07,22074,7,19239.71,14.34,140,3500,415.86,18875.24,8.6,5.1,1
436420,11557.22,22316,8,15593.71,6.25,127,3500,520.65,20554.53,1.2,4.4,1
438812,10779.5,8395,14,4953.66,12.33,106,2470,406.12,8360.54,2.8,9.7,1
437540,11299.96,19010,12,8299.59,8.19,147,3500,450.3,11449.37,5.7,3.5,1
132258,10516.8,7453,7,11336.23,7.73,114,1323,461.51,14774.52,6.0,7.1,1
121668,8780.51,19914,4,12646.73,0.92,147,1595,413.17,13739.26,1.8,8.2,1
464418,3287.72,6823,4,9895.49,8.65,74,1583,40.0,19290.94,4.7,2.8,0
492616,4352.93,22631,5,16392.41,13.52,58,3500,137.28,25000.0,5.7,9.8,1
396328,3733.63,6105,13,15584.51,11.72,80,1009,99.43,19593.31,4.8,5.9,0
433966,7837.65,6391,0,10598.0,11.82,44,1702,307.31,19435.3,7.3,9.2,1
479328,6788.01,3576,12,17234.16,2.48,31,712,225.39,20843.73,7.9,7.0,0
288710,10604.34,19228,10,15270.7,5.44,78,3500,457.38,16349.57,5.1,6.8,1
148262,11503.07,1119,7,15793.06,3.57,47,201,468.74,19797.63,4.8,4.1,0
491823,5751.03,11594,1,19171.61,4.81,50,1220,274.5,24578.12,7.3,7.9,0
48333,6816.68,2907,5,6062.87,8.74,146,577,320.32,7383.22,6.0,1.3,0
394073,11700.92,23144,13,6085.32,5.54,68,3500,501.99,15376.55,8.8,6.0,1
221977,4400.51,13144,13,17890.09,8.45,102,3500,159.23,25000.0,5.3,1.3,0
99571,9820.1,3504,8,15672.3,6.63,130,427,398.02,25000.0,6.2,3.8,0
130263,3865.02,20798,12,18604.37,4.37,62,3500,131.56,18219.51,2.2,1.9,0
404805,8655.33,11178,2,2199.47,1.52,33,3500,277.98,3760.79,8.5,9.2,1
35235,4162.96,20480,1,12927.38,13.39,31,1989,214.21,13294.37,4.8,6.7,1
10159,10779.2,4539,9,3747.94,0.27,71,618,426.96,17011.87,7.5,7.0,0
153217,7395.52,1804,4,10574.05,0.12,118,250,220.69,20411.46,4.9,8.7,0
484125,3452.3,6130,10,3959.19,12.42,82,1418,164.94,16028.02,1.0,7.6,0
172993,3855.88,7782,8,3433.49,14.95,94,1426,143.04,11467.97,4.6,2.1,0
377003,6685.42,3807,5,1231.2,10.93,135,320,164.43,9832.32,2.3,6.6,0
157309,11596.82,18245,13,12974.54,0.33,46,3500,395.19,16260.2,4.6,9.8,1
117507,9581.24,7165,15,7821.43,3.48,17,643,348.22,19212.93,3.9,2.9,0
411460,6627.25,4794,7,2998.58,14.58,33,1160,275.62,15185.87,2.8,6.6,1
24743,5046.05,2287,7,7133.92,12.15,13,485,241.24,12805.36,2.1,6.1,0
238174,7267.32,1573,6,4209.94,8.55,36,327,328.38,9648.42,7.6,4.5,0
56101,9357.79,22786,4,18892.2,3.63,90,1829,404.45,25000.0,7.8,9.6,1
252717,9731.25,4099,1,7080.09,0.31,62,1032,387.53,8004.26,3.4,4.2,1
131534,4908.39,15889,13,7345.12,0.41,61,3009,282.45,19055.43,5.5,1.8,1
356371,9072.17,11845,14,16957.3,9.22,142,2172,397.88,21367.06,5.2,9.7,1
240604,8406.78,12818,9,13307.36,0.43,29,3063,347.38,18383.36,4.2,7.6,1
197450,11570.68,16607,9,14493.26,14.91,80,3500,491.16,22292.62,3.5,4.1,1
343270,11276.45,3555,4,13084.03,2.83,119,229,431.11,20861.97,2.7,3.5,0
328215,9788.48,23360,11,18977.73,10.69,135,2279,388.68,20639.85,8.9,9.4,1
212193,9095.64,17543,15,4933.02,2.41,87,2297,259.73,18209.04,8.5,3.5,1
346907,4377.44,6820,6,19791.75,8.15,17,1796,155.76,25000.0,4.8,5.8,0
497030,10382.64,7013,11,16788.17,1.3,139,1634,503.3,22268.39,7.5,2.9,1
245422,5988.81,5142,11,12190.48,11.52,26,1477,246.97,19050.33,5.5,10.0,1
415453,4358.53,9821,6,13585.06,8.82,88,2771,179.68,20074.18,1.8,7.9,1
156721,5533.69,14932,10,13327.69,1.38,111,3500,271.28,18977.39,8.4,6.1,1
178785,10277.32,23257,15,2109.53,12.74,27,3500,428.98,15975.06,3.0,7.7,1
214535,3060.65,4966,12,5142.31,8.25,18,812,83.1,9295.63,7.4,9.2,0
186481,6289.67,22471,14,19267.95,13.83,98,3500,252.77,18817.82,5.7,9.7,1
189838,6669.75,11958,1,11152.92,13.76,91,1570,210.03,23006.45,7.2,8.1,1
56154,1884.61,16379,6,8188.72,13.82,115,3249,84.57,11320.47,5.2,8.6,1
279160,3555.33,19355,5,15478.73,1.26,56,2290,100.33,24122.0,7.3,4.6,0
482779,10180.8,23059,6,10965.86,1.9,87,3500,453.65,13423.04,1.3,4.5,1
451904,10223.06,8784,10,1250.09,14.82,45,1602,383.41,15482.49,1.4,8.3,1
361822,4570.36,11258,15,14988.51,7.37,10,1393,141.58,24275.39,9.1,7.8,0
384200,10686.42,18165,7,14912.13,3.65,142,3500,421.82,25000.0,7.7,9.1,1
64238,9603.72,11491,3,4137.83,11.57,103,1533,402.42,17673.07,8.5,2.2,1
330752,5888.03,20061,0,19176.54,4.04,89,3500,175.15,18438.75,5.1,7.2,1
99081,9358.27,22551,7,5254.25,10.94,64,3500,348.27,11837.46,5.1,6.8,1
257644,11594.01,5011,7,9697.24,12.58,34,1300,469.02,18183.1,5.8,8.2,1
435113,6319.18,11296,2,3179.98,11.79,74,1848,319.69,14975.91,3.2,1.2,1
323105,4003.49,4381,2,12462.36,4.18,9,1324,40.0,15109.02,7.6,8.4,0
209775,11389.07,16168,4,8133.57,6.08,83,3500,486.32,20396.72,8.5,3.9,1
447973,7839.32,2913,13,7710.3,6.26,47,863,294.39,11040.93,9.2,7.2,1
299061,2605.28,2044,2,16712.56,7.42,81,643,79.48,25000.0,5.7,6.5,0
425952,7513.17,16229,14,1181.67,2.59,10,1470,266.47,9610.6,4.7,5.0,1
300134,6756.1,5284,13,16160.99,6.84,6,1782,252.05,21629.28,8.5,7.7,1
72551,10483.68,22645,4,11857.52,7.71,21,3500,450.39,16348.09,7.8,9.7,1
461377,7072.3,24758,14,19735.87,8.02,92,3500,256.05,19134.26,8.8,3.9,1
220695,4179.94,23845,7,12199.42,12.32,16,3500,250.13,16271.71,6.9,7.7,1
163512,8594.26,6126,0,2052.2,7.81,82,739,374.96,9189.34,8.9,3.8,1
176277,7197.04,5014,1,1962.26,3.54,11,1218,297.78,9797.08,1.8,8.6,1
90811,3946.97,1645,1,17779.91,9.98,77,144,149.58,25000.0,7.1,4.9,0
264840,7523.09,9602,11,16983.07,11.98,82,2580,360.42,20163.37,1.8,5.0,1
327247,10126.12,11998,15,7571.91,4.86,29,2192,471.85,13343.24,7.7,7.9,1
474028,1799.99,5950,3,12742.62,9.72,57,628,40.0,23973.38,6.7,5.5,0
444843,8123.94,18450,8,10302.24,2.29,86,3500,289.86,20025.17,1.1,3.4,1
378266,5170.64,19889,1,19376.12,5.19,85,3500,238.56,17798.02,6.4,10.0,1
244104,4573.05,5007,11,19049.26,13.65,138,1643,229.76,25000.0,2.3,6.6,0
29008,5622.17,14035,15,19692.94,13.68,80,3500,209.87,25000.0,2.3,6.8,0
212346,5091.24,4748,13,17462.53,8.67,7,1271,166.53,25000.0,2.4,6.8,0
42402,10238.51,14023,10,18281.48,10.57,39,3500,413.47,25000.0,5.4,9.0,1
194456,4385.38,4492,12,5128.3,12.82,51,412,249.25,14281.9,2.0,2.7,0
269994,9198.11,9022,14,16789.13,14.38,97,2979,369.98,19047.8,2.1,1.5,1
409009,2487.63,8527,11,14468.29,7.4,135,2766,40.0,22082.23,3.3,4.5,0
146643,11489.66,22644,8,19292.94,8.47,63,3500,465.07,25000.0,1.0,6.1,1
419425,8034.32,12472,6,11853.97,6.29,100,3500,360.51,15143.43,3.5,3.6,1
123550,8920.55,15805,9,2618.18,1.17,22,3500,351.75,7413.83,6.6,7.2,1
494146,4629.41,11293,7,12350.58,6.4,130,2194,248.08,17040.47,6.4,1.7,1
446364,5827.01,24929,0,14045.04,11.88,81,3500,276.37,21570.94,9.7,8.1,1
101218,3849.67,19861,12,5186.1,12.09,70,3500,150.9,9958.69,2.1,7.5,1
143296,11291.63,22231,4,8488.15,13.4,24,3500,453.82,16014.18,8.8,2.9,1
189767,6625.1,21173,8,12371.56,0.87,22,3500,172.92,23587.33,4.5,3.7,0
392923,8119.71,1029,11,8108.01,7.95,76,258,385.3,12322.71,4.5,8.3,0
401858,9209.86,19776,3,8124.01,1.7,126,3500,351.92,21056.87,4.1,8.0,1
251060,5396.61,24327,1,3528.65,3.09,70,3500,195.87,10976.44,2.1,8.3,1
250016,9061.07,5234,5,18874.19,13.51,103,1122,334.95,18411.16,5.3,3.9,0
42441,8597.92,14398,1,15259.39,7.5,30,2160,366.75,14923.02,8.1,9.7,1
248038,8909.42,19409,2,1023.63,11.4,9,3500,299.94,7221.67,8.9,7.4,1
180201,6636.91,13485,13,15546.65,1.06,84,3500,216.27,17801.19,9.7,1.6,1
241324,5520.84,20645,7,15056.1,6.31,110,1282,218.21,25000.0,8.1,5.3,0
334512,3831.86,23025,14,1184.89,10.15,15,2307,121.95,12537.21,6.6,7.0,1
102122,10158.58,14489,15,8022.48,2.09,144,1390,423.1,19917.09,5.5,2.5,1
54760,7887.68,3242,2,12528.21,4.95,134,1092,286.01,19682.86,8.9,9.1,1
295622,6165.7,5135,1,9602.26,1.06,37,1329,326.38,15342.75,7.7,7.8,1
400025,11411.96,4925,5,15781.74,9.8,28,1702,491.15,18142.78,2.5,1.7,1
343998,2002.31,9161,13,9083.71,14.57,50,2151,114.14,16847.38,7.1,9.2,1
366374,10426.81,4330,2,3923.4,12.42,22,860,386.82,13173.04,4.9,4.6,1
357860,11974.62,23876,15,19551.9,14.62,137,3500,599.27,22749.84,6.4,5.1,1
153252,10812.89,1033,0,5598.76,12.7,12,112,410.57,18654.75,9.1,8.0,0
108538,10009.58,14750,11,14636.15,12.84,89,2572,364.69,22028.33,6.9,6.8,1
25372,5430.21,21446,13,3719.97,8.7,115,3500,252.55,15863.23,9.4,4.9,1
301940,3928.8,24004,14,7251.24,7.82,61,3500,166.91,15866.07,8.8,3.3,1
461488,9215.93,12747,14,9398.52,6.15,9,2185,327.72,13633.79,2.2,5.7,1
231035,4698.04,23447,13,4652.41,12.29,17,1956,297.71,15297.98,1.1,6.2,1
370970,3348.42,24173,2,9549.23,2.81,87,2886,182.72,12632.69,4.5,6.7,1
392736,9758.52,4587,5,3986.09,0.94,94,737,390.54,12944.79,8.8,6.4,1
365779,4781.71,9453,15,11621.12,14.22,73,2824,311.32,16527.66,3.1,6.6,1
121022,11101.64,13793,2,13610.55,0.16,36,1583,484.6,14836.94,7.2,5.3,1
64040,10326.64,9582,8,2186.25,14.65,106,1571,412.47,9121.13,5.3,6.1,1
347501,10400.22,2855,6,17551.51,10.96,134,227,530.08,20074.86,7.7,3.6,0
212440,9601.48,2455,13,4517.68,4.99,73,558,417.01,7073.03,2.5,2.4,0
88356,10749.25,3471,4,5281.89,10.5,147,845,460.73,16935.28,3.2,6.5,1
288355,9960.34,6039,1,13565.65,12.29,76,1930,379.1,19334.09,3.2,1.4,0
377570,7826.37,7993,14,9906.27,3.76,115,2444,315.53,14427.65,5.9,1.6,1
277986,4606.14,18556,8,10488.52,11.59,69,2702,163.71,16955.35,3.6,3.2,0
466331,10826.2,3336,4,3434.94,12.09,21,337,505.03,14557.53,8.3,2.7,0
338996,10326.34,21811,6,16308.98,3.82,84,2330,332.58,15285.02,4.1,4.4,1
397881,6465.23,5439,8,12724.03,0.72,133,1907,326.9,19287.0,6.9,4.3,1
318112,1910.33,4144,3,3572.26,3.14,7,1086,40.0,11086.77,9.5,2.1,0
289652,8204.71,19181,8,8105.99,3.09,131,1396,325.29,20094.7,6.5,3.2,1
163077,2031.27,20945,0,16397.79,1.07,132,2116,66.49,22345.86,3.2,1.0,0
64575,11225.94,3666,11,11798.75,10.92,74,754,423.03,13224.2,8.5,4.2,0
483958,11597.13,10011,5,3064.33,5.76,56,1225,498.37,9504.35,1.1,8.2,1
160043,3489.65,683,1,8082.76,13.28,126,206,139.33,16540.11,3.3,3.4,0
428815,8602.09,9975,7,5611.19,3.86,7,2314,310.7,7086.09,4.5,6.8,1
490808,2468.82,19730,4,10831.85,6.85,98,3500,106.45,22165.92,2.8,1.9,0
76914,9159.93,11832,14,17023.86,9.62,51,2353,331.59,16500.26,6.4,1.1,0
259134,5146.52,15673,15,9289.08,13.17,79,2144,178.97,9828.95,6.0,5.5,0
77055,8651.03,10488,2,9233.5,7.92,95,2484,271.18,9413.0,4.7,5.2,1
97697,5415.2,5222,1,18201.67,5.67,90,1437,194.09,25000.0,3.6,2.7,0
116239,3028.46,15694,7,11947.52,13.02,10,2688,145.85,17484.98,4.9,3.6,0
245469,5764.15,17666,6,11757.63,4.72,99,3500,232.42,12742.73,3.6,1.3,1
133106,2683.07,18391,8,5976.29,1.28,65,3500,198.08,17911.74,3.0,8.2,1
277499,7557.27,14572,7,12546.73,6.73,47,1524,432.93,14672.75,4.2,3.7,1
326264,1929.99,16476,10,11942.3,11.8,60,3500,53.99,15796.05,6.4,3.0,0
477835,7036.86,6355,3,8540.18,0.56,118,1046,239.81,11142.52,6.8,8.2,1
310486,10806.87,13794,15,19823.22,8.83,51,3500,488.77,25000.0,3.7,1.4,1
489208,10297.67,24422,1,17755.93,8.96,35,1603,428.67,25000.0,9.5,3.6,1
482076,10769.21,12546,13,15242.14,13.94,106,3276,487.56,23605.11,3.4,3.4,1
12257,11181.51,1176,12,11209.57,4.37,68,107,467.2,11539.6,7.4,3.4,0
299508,2597.54,24134,1,9779.14,4.25,94,1917,94.18,16618.43,1.7,1.1,0
166044,2851.85,24697,1,4513.05,6.66,95,3500,104.64,13091.32,7.0,9.4,1
121715,7348.57,4590,13,6809.01,5.42,50,1157,315.58,12419.98,5.1,8.8,1
36654,10886.71,12998,10,15705.26,11.07,114,3500,424.91,18747.04,6.1,4.7,1
221841,11730.67,22607,11,9621.23,9.66,99,3500,530.2,20772.24,2.7,5.0,1
353567,1985.75,13277,5,17763.12,11.41,28,2908,40.0,16509.71,4.9,5.7,0
301464,5235.63,19570,6,3810.31,12.32,93,3500,270.13,13177.86,7.9,5.3,1
30808,3735.39,8882,11,10658.59,13.85,41,1395,55.75,15652.08,7.9,8.0,0
62389,9437.64,15506,5,13292.35,6.52,33,1102,384.76,21291.24,3.1,5.4,0
498906,8222.04,9534,1,10820.12,14.77,111,1230,312.33,13229.02,4.2,2.7,1
128581,2758.82,9026,3,17895.31,3.31,134,1186,40.0,19418.82,1.0,2.1,0
137927,6576.98,24573,2,19801.7,10.74,144,3500,160.08,25000.0,1.8,9.3,0
44773,8697.13,14430,10,3200.86,8.06,137,3500,293.01,17299.89,2.1,1.4,1
192240,9679.56,1610,12,3469.14,12.27,95,485,389.47,17446.2,3.6,9.1,0
430963,1710.55,17462,3,3476.16,7.2,60,3500,40.0,8017.68,7.8,7.2,1
348540,10849.93,16945,4,13942.36,11.78,82,3500,381.95,14484.45,5.6,4.6,1
379836,7477.45,886,6,8080.85,13.96,75,168,366.71,16139.14,8.1,2.7,0
224764,10025.05,19084,13,14932.98,11.01,40,2445,339.39,19406.16,7.8,3.8,1
67505,9983.35,13406,8,8703.96,11.66,78,3057,433.29,18865.1,6.3,5.8,1
358040,3493.45,2183,14,12924.53,1.1,33,708,95.29,19203.41,5.5,6.9,0
28135,2656.81,15533,10,15627.3,3.15,84,3102,50.13,21139.47,9.4,7.2,0
100887,9073.52,16208,1,11416.1,14.62,106,3430,332.75,19536.86,6.1,5.0,1
132118,3142.48,6821,7,11250.57,10.43,37,684,156.7,12643.9,5.3,4.4,0
499251,10424.34,24940,2,2676.45,8.47,97,3500,348.4,12944.26,8.8,7.9,1
319521,9124.99,9178,8,8804.85,5.57,116,1616,379.37,15394.64,1.6,9.3,1
164626,10339.17,12424,9,11369.77,0.76,127,2056,365.53,21757.73,6.9,9.2,1
334635,4639.63,24298,11,9777.64,5.6,145,3500,146.55,11625.3,2.0,6.0,1
458837,4824.28,14065,15,18114.86,7.53,138,1094,213.0,20401.6,8.4,1.7,0
255739,8547.83,23527,3,18224.08,3.25,12,3500,450.59,25000.0,8.1,1.7,1
330427,1830.18,9232,14,16616.43,2.68,122,577,40.0,22483.09,5.5,4.6,0
488356,9128.22,6131,15,8130.66,7.68,13,2107,401.12,20585.44,6.9,7.6,1
289067,10275.72,24829,2,14628.68,8.83,25,3500,395.39,22660.4,8.0,5.5,1
319735,5859.22,10752,9,8510.48,3.67,133,2911,210.63,20851.99,5.3,6.6,1
72261,9531.23,24610,5,5419.28,8.85,50,2858,434.82,10467.17,9.2,8.6,1
326480,3333.41,12938,15,7515.15,13.52,66,3316,91.16,9189.06,4.9,1.4,0
346227,4883.73,5669,9,2348.33,7.15,6,1840,137.64,14307.81,9.0,9.3,1
70948,11730.2,7287,12,7303.77,12.88,108,742,492.22,18301.11,6.2,4.0,0
250891,11856.45,21351,8,9754.1,13.92,79,2095,554.0,17848.03,4.8,1.4,1
174074,6882.35,5732,6,19154.14,1.48,105,867,312.79,24857.72,1.0,8.5,0
483314,11309.83,23080,3,6954.8,1.53,92,2505,382.04,19457.65,3.7,9.4,1
476232,6988.67,20791,2,18146.62,7.19,132,1938,248.78,18811.78,8.8,7.9,1
